100001613064189	0.6365141682948128	1.7478680974667573	0.0	0.0	0.0	0.0	0.0	0.0	0.0	0.0	0.0	0.0	0.0	0.0	0.0	0.0	0.0	0.0	0.0	0.0
719846956	0.0	0.0	0.0	0.0	0.0	0.0	1.6094379124341005	0.0	0.0	0.0	0.0	0.0	0.0	0.0	0.0	0.0	0.0	0.0	2.5798439652180236	0.0
1063055494	0.0	0.0	0.0	0.0	0.0	0.0	0.0	0.0	0.0	0.0	0.0	0.0	0.0	0.0	0.0	0.0	0.0	0.0	0.0	0.0
577638932	0.0	0.0	0.0	0.0	0.0	0.0	0.0	0.0	0.0	0.0	0.0	0.0	0.0	1.0114042647073518	0.0	0.0	0.0	0.0	0.0	2.0075563074378375
100003363192333	0.0	0.0	0.0	0.0	0.0	0.0	0.0	0.0	0.0	0.0	0.0	0.0	0.0	0.0	0.0	0.0	0.0	0.0	0.0	0.0
100000793030918	0.0	0.0	0.0	0.0	0.0	0.0	0.0	0.0	1.0986122886681096	0.0	0.0	0.0	0.0	0.0	0.0	0.0	0.0	0.0	0.0	0.0
1612994684	0.0	0.0	0.0	0.0	0.0	0.0	0.0	0.0	0.0	0.0	0.0	0.0	0.0	0.0	0.0	0.0	0.0	0.0	0.0	0.0
100001028658641	0.0	0.0	0.0	0.0	0.0	0.0	0.0	0.0	0.0	0.0	0.0	0.0	0.0	0.0	0.0	0.0	0.0	0.0	0.0	0.0
606722970	0.0	1.6238619959281992	0.0	0.0	1.7917594692280547	0.0	0.0	0.0	0.0	0.0	0.0	0.0	0.0	0.0	0.0	0.0	0.0	0.0	0.0	0.0
745966988	0.0	0.0	0.0	0.0	0.0	0.0	0.0	0.0	0.0	0.0	0.0	0.0	0.0	0.0	0.0	0.0	0.0	0.0	0.0	0.0
100000093964532	0.0	0.0	0.0	0.0	0.0	0.0	0.0	0.0	0.0	0.0	0.0	0.0	0.0	0.0	0.0	0.0	0.0	0.0	0.0	0.0
651551263	0.0	0.0	0.0	0.0	0.0	0.0	0.0	0.0	0.0	0.0	0.0	0.0	0.0	0.0	0.0	0.0	0.0	0.0	0.0	0.0
527187391	0.0	3.0672741486005286	0.6931471805599453	0.0	0.0	0.0	0.0	0.0	0.0	0.0	0.0	0.0	0.0	0.0	0.0	0.0	0.0	0.0	0.0	0.0
1223378253	0.0	2.788853552253467	0.0	0.0	1.0986122886681096	0.0	0.0	0.0	0.0	0.0	0.0	0.0	0.0	0.0	0.0	0.0	0.0	0.0	0.0	0.0
505077925	0.0	0.0	0.0	0.0	0.0	0.0	0.0	0.8823109245150755	0.0	0.0	0.0	0.0	0.0	0.0	0.0	0.0	0.0	0.0	0.0	0.0
582776937	0.0	0.0	0.0	0.0	0.0	0.0	0.0	0.0	0.0	0.0	0.0	0.0	0.0	0.0	0.0	0.0	0.0	0.6931471805599453	1.0986122886681096	0.0
1009021025	0.0	0.0	0.0	0.0	0.0	0.0	0.0	0.0	0.0	0.0	0.0	0.0	0.0	0.0	0.0	0.0	0.0	0.0	0.0	0.0
762764668	0.0	0.0	0.0	0.6931471805599453	0.0	0.0	0.0	0.0	0.0	0.0	0.0	0.0	0.0	2.189897618707894	0.0	1.7917594692280547	0.0	1.6094379124341005	0.0	1.5585921319645872
615691039	0.0	0.0	0.0	0.0	1.3321790402101223	0.0	0.0	0.0	0.0	0.0	0.0	1.5607104090414063	0.0	0.0	0.0	0.0	0.0	0.0	1.9915093613566137	2.1230455536602144
770393763	0.0	0.0	0.0	0.0	0.0	0.0	0.0	0.0	0.0	0.0	0.0	0.0	0.0	0.0	0.0	0.0	1.0986122886681096	2.3235232983412613	0.0	2.367357158746191
100001525521700	0.0	0.0	0.0	0.0	0.0	0.0	0.0	0.0	0.0	0.0	0.0	0.0	0.0	0.0	0.0	0.0	0.0	0.0	0.0	0.0
680504327	0.0	0.0	0.0	0.0	0.0	0.0	1.3321790402101223	0.0	0.0	0.0	0.0	0.0	2.094729047527649	0.0	0.0	0.0	0.0	0.0	0.0	0.0
1131435480	0.0	0.0	0.0	0.0	0.0	0.0	0.0	0.0	0.0	0.0	0.0	0.0	0.0	0.0	0.0	0.0	0.0	0.0	0.0	0.0
577873731	0.0	0.0	0.0	0.0	0.0	0.0	0.0	0.0	0.0	0.0	0.0	0.0	0.0	0.0	0.0	0.0	0.0	0.0	0.0	0.0
1724649603	0.0	0.0	0.0	0.0	0.0	0.0	0.0	0.0	0.0	0.0	0.0	0.0	0.0	1.0549201679861442	0.0	0.0	0.0	0.0	0.0	0.0
604289738	0.0	0.0	0.0	0.0	0.0	0.0	0.0	0.0	0.0	0.0	0.0	0.0	0.0	0.0	0.0	1.3862943611198906	2.253857589601352	0.0	0.0	0.6931471805599453
683575432	0.0	0.0	0.0	0.0	0.0	0.0	0.0	0.0	0.0	0.0	0.0	0.0	0.0	0.0	0.0	0.0	0.0	0.0	0.0	0.0
100000218581734	0.0	0.0	0.0	0.0	0.0	0.0	0.0	0.0	0.0	0.0	0.0	0.0	0.0	0.0	0.0	0.0	0.0	0.0	0.0	0.0
100000379116296	0.0	0.0	0.0	0.0	0.0	0.0	0.0	0.0	0.0	0.0	0.0	0.0	0.0	0.0	0.0	0.0	0.0	0.0	0.0	0.0
625383668	0.0	0.0	0.0	0.0	0.0	1.5607104090414063	0.6365141682948128	0.0	0.0	0.0	0.0	0.0	0.0	0.0	0.0	0.0	0.0	0.0	0.0	0.0
657810627	0.0	0.0	0.0	0.0	0.0	0.0	0.0	0.0	0.0	0.6931471805599453	0.0	0.0	0.0	0.0	0.0	0.0	0.0	0.0	0.0	0.0
569016975	0.0	0.0	0.0	0.0	0.0	0.0	0.0	0.0	0.0	0.0	0.0	0.0	0.0	0.0	0.0	0.0	0.0	0.0	0.0	2.133381930264545
1259146090	0.0	0.0	0.0	0.0	0.0	0.0	0.0	0.0	0.0	0.0	0.0	0.0	0.0	0.0	0.0	0.0	0.0	0.0	0.0	0.0
502839790	0.0	0.0	0.0	0.0	0.0	0.0	0.0	0.0	0.0	0.0	0.0	0.0	0.0	0.0	0.0	0.0	0.0	0.0	0.0	0.0
1520016922	0.0	0.0	0.0	0.0	0.0	0.0	0.0	0.0	0.0	0.0	0.0	0.0	0.0	0.0	0.0	0.0	0.0	0.0	0.0	0.0
543387644	0.0	0.0	0.0	0.0	0.0	0.0	1.0114042647073518	0.0	0.6931471805599453	0.0	0.0	0.0	0.0	0.0	0.0	0.0	0.0	1.7917594692280547	1.3296613488547582	0.0
100003702137121	0.0	0.0	0.0	0.0	0.0	0.0	0.0	0.0	0.0	0.0	0.0	0.0	0.0	0.0	0.0	0.0	0.0	0.0	0.0	0.0
1759147052	0.0	0.6931471805599453	0.0	0.0	0.0	0.0	0.0	0.0	0.0	0.0	0.0	0.0	0.0	0.0	0.0	0.0	0.0	0.0	0.0	0.0
1379544732	2.338371704803573	0.0	0.0	0.0	2.441015278026703	2.983464401471834	0.0	0.0	0.0	0.0	0.0	0.0	0.0	0.0	0.0	0.0	0.0	0.0	0.0	0.0
1638672958	0.0	0.0	0.0	0.0	0.0	0.0	0.0	0.0	0.0	0.0	0.0	0.0	0.0	0.0	0.0	0.0	0.0	0.0	1.0397207708399179	1.7917594692280547
711548890	0.0	0.0	0.0	0.0	0.0	0.0	0.0	0.0	0.0	0.0	0.0	0.0	0.0	0.0	0.0	0.0	0.0	0.0	0.0	0.0
1215167027	0.0	0.0	0.0	0.0	0.0	0.0	0.0	1.9061547465398496	0.0	0.0	0.0	0.0	1.6769877743224173	0.0	0.0	0.0	0.0	0.0	1.0397207708399179	0.0
641518408	0.0	0.0	0.0	0.0	0.0	0.0	0.0	0.0	0.0	0.0	0.0	0.0	0.0	0.0	0.0	0.0	0.0	0.0	0.0	0.0
847379563	0.0	0.0	0.0	0.0	0.0	0.0	0.0	0.0	0.0	0.0	0.0	0.0	0.0	0.0	0.0	0.0	0.0	0.0	0.0	0.0
1122716364	0.0	0.0	0.0	0.0	0.0	0.0	0.0	0.0	0.0	0.0	0.0	0.0	0.0	0.0	0.0	0.0	0.0	0.0	0.0	0.0
780578431	0.0	0.0	0.0	0.0	0.0	0.0	0.0	0.0	0.0	0.0	0.0	0.0	0.0	0.0	0.0	0.0	0.0	0.0	0.0	0.0
628389738	2.5556571845041334	0.0	0.0	1.5607104090414063	1.0986122886681096	0.0	0.0	0.0	0.0	0.0	1.8413903748459728	2.2479277307491428	1.7481554572476758	0.0	2.4260151319598084	1.0986122886681096	0.0	1.3296613488547582	0.0	1.8462202193216333
510078626	0.0	0.0	0.0	0.0	0.0	0.0	0.0	0.0	2.6261647864672346	1.9564632038266851	2.0809472120552086	2.1873223188492537	1.5607104090414068	3.4184054981968233	2.1639556568820564	0.0	1.6326309271543518	3.2941612335841137	2.4799555205445176	2.884863440796897
515093684	0.0	0.0	0.0	0.0	0.0	0.0	0.0	0.0	0.0	0.0	0.0	0.0	0.0	0.0	0.0	0.0	0.0	0.0	0.0	0.0
1080580915	0.0	0.0	0.0	0.0	0.0	0.0	0.0	0.5623351446188083	1.8891591637540217	0.6931471805599453	2.552085297620968	0.0	0.0	0.0	1.3321790402101223	0.0	0.0	0.0	0.0	1.7478680974667573
100001486351532	0.0	0.0	0.0	1.2130075659799042	0.0	0.0	0.0	0.0	0.0	0.0	0.0	0.0	0.0	0.0	1.3095258353040693	0.0	0.0	0.0	0.0	0.0
1674942943	1.3862943611198906	0.0	0.0	0.0	0.6931471805599453	0.0	0.0	0.0	1.0986122886681096	0.0	0.0	0.0	0.0	0.0	0.0	0.0	0.0	0.0	0.0	0.0
568998540	2.026229622995291	2.3519365335570375	1.329661348854758	1.8848713335781604	0.0	2.3025850929940455	3.0577430857372607	2.603319789471326	2.2450352741261774	1.754105330999288	3.089332879409777	3.508680661865134	0.0	0.0	0.0	0.0	0.0	0.0	0.0	0.0
636545589	0.0	0.0	0.0	0.0	0.0	0.0	0.0	0.0	0.0	0.0	0.0	0.0	0.0	0.0	0.0	0.0	0.0	0.0	0.0	0.0
1139393529	0.0	0.0	0.0	0.0	0.0	0.0	0.0	0.0	0.0	0.0	0.0	0.0	0.0	0.0	0.0	1.8863583488998303	0.0	0.0	0.0	0.0
100000355952650	0.0	0.0	0.0	0.0	0.0	0.0	0.0	0.0	0.0	0.0	0.0	0.0	0.0	0.0	0.0	0.0	0.0	0.0	0.0	0.0
687492994	0.0	0.0	0.0	0.0	0.0	0.0	0.0	0.0	0.0	0.0	0.0	0.0	0.0	0.0	0.0	0.0	0.0	0.0	0.0	0.0
100001591224416	0.0	0.0	0.0	0.0	0.0	0.0	0.0	0.0	0.0	0.0	0.0	0.0	0.0	0.0	0.0	0.0	0.0	0.0	0.0	0.0
659524475	0.0	0.0	0.0	0.0	0.0	0.0	0.0	0.0	0.0	0.0	0.0	0.0	0.0	0.0	0.0	0.0	0.0	0.0	0.0	0.0
100000784849240	0.0	0.0	0.0	0.0	0.0	0.0	0.0	0.0	0.0	0.0	0.0	2.70805020110221	0.0	0.0	0.0	0.0	0.0	0.0	0.0	0.0
1532866074	0.0	0.0	0.0	0.0	0.0	0.0	0.6931471805599453	0.0	0.0	0.0	0.0	0.0	0.0	1.0549201679861442	1.9686932085049351	1.0986122886681096	0.0	0.0	0.0	0.0
100000742841923	0.0	0.0	0.0	0.0	0.0	0.0	0.0	0.0	0.0	0.0	0.0	0.0	0.0	0.0	0.0	0.0	0.0	0.0	0.0	0.0
503646381	0.0	0.0	0.0	0.0	0.0	0.0	0.0	0.0	0.0	0.0	0.0	0.0	0.0	0.0	0.0	0.0	0.0	0.0	0.0	1.666332585328325
100000777274704	0.0	0.0	0.0	0.0	0.0	0.0	0.0	0.0	0.0	0.0	0.0	0.0	0.0	0.0	0.0	0.0	0.0	0.0	0.0	0.0
542621288	0.0	0.0	0.0	0.0	0.0	0.0	0.0	0.0	0.0	0.0	0.0	0.0	0.0	0.0	0.0	0.0	0.0	0.0	0.0	0.0
1373222234	0.0	0.0	0.0	0.0	0.0	0.0	0.0	0.0	0.0	0.0	0.0	0.0	0.0	0.0	0.0	0.0	0.0	0.0	0.0	0.0
810600553	0.0	0.0	0.0	0.0	0.0	0.0	0.0	0.0	0.0	0.0	0.0	0.9433483923290393	0.0	0.0	0.0	0.0	0.0	2.22428579273227	0.0	1.0549201679861442
100000631089810	0.0	0.0	0.0	0.0	0.0	0.0	0.0	0.0	0.0	0.0	0.0	2.022808529414703	0.0	2.428468264953074	2.458311329683084	0.0	0.0	1.7917594692280547	2.019814992492946	1.3862943611198906
603598981	0.0	0.0	0.0	0.0	0.0	0.0	0.0	1.4184836619456564	0.0	1.0397207708399179	1.3321790402101223	0.0	0.0	0.0	1.6094379124341005	0.0	0.0	0.0	1.4978661367769952	2.2718685126965625
593192367	0.0	0.0	0.0	0.0	0.0	0.0	0.0	0.0	0.0	0.0	0.0	0.0	0.0	0.0	0.0	0.0	0.0	0.0	0.0	0.0
100001815682800	0.0	0.0	0.0	0.0	0.0	0.0	0.0	0.0	0.0	0.0	0.0	0.0	0.0	0.0	0.0	0.0	0.0	0.0	0.0	0.0
680679082	0.0	0.0	0.0	0.0	0.0	0.0	0.0	0.0	0.0	0.0	0.0	0.0	0.0	0.0	0.0	0.0	0.0	0.0	0.0	0.0
1439471718	0.0	0.0	0.0	0.0	1.0986122886681096	0.0	0.0	0.0	0.0	0.0	0.0	0.0	0.0	0.0	0.0	0.0	0.0	0.0	0.0	0.0
814525021	0.0	1.0397207708399179	0.0	0.0	0.0	0.0	0.0	0.0	0.0	0.0	0.0	0.0	0.0	0.0	0.0	0.0	0.0	2.552655337916789	0.0	0.0
779457145	0.0	0.0	0.0	0.0	0.0	0.0	0.0	0.0	0.0	0.0	0.0	0.0	0.0	0.0	0.0	0.0	0.0	0.0	0.0	0.0
718108181	0.0	0.0	0.0	0.0	0.0	0.0	0.0	0.0	0.0	0.0	0.0	0.0	0.0	0.0	0.0	0.0	0.0	0.0	0.0	0.0
1738869906	0.0	0.0	0.0	0.0	1.8891591637540217	0.0	0.0	0.0	0.0	0.0	0.0	0.0	2.5247814471738166	0.0	0.0	0.0	0.0	0.6931471805599453	0.0	3.2368176120452543
702170984	0.0	0.0	0.0	0.0	0.0	0.0	0.0	0.0	0.0	0.0	0.0	0.0	0.0	0.0	0.0	0.0	0.0	0.0	0.0	0.0
721956827	0.0	0.0	0.0	0.0	1.3862943611198906	1.7917594692280547	2.0794415416798357	0.0	0.0	0.0	0.0	0.0	2.6701198898068177	0.0	0.0	0.0	0.0	0.0	1.7328679513998633	0.0
631935765	0.0	0.0	0.0	0.0	0.0	0.0	0.0	0.0	0.0	0.0	0.0	0.0	0.0	1.0986122886681096	0.6931471805599453	0.6931471805599453	0.0	0.0	0.0	0.0
829030606	0.0	0.0	0.0	0.0	0.0	0.0	0.0	0.0	0.0	0.0	0.0	0.0	0.0	0.0	1.132647528484726	2.0253262207700673	2.775975553103794	0.0	0.0	0.0
1450936621	0.0	0.8953326659680909	0.0	0.0	0.0	0.0	0.0	0.0	0.0	1.0986122886681096	0.6931471805599453	0.0	0.0	0.0	0.0	2.8650132730207654	0.0	0.0	0.0	0.0
1113911131	0.0	0.0	0.0	0.0	0.0	0.0	0.0	0.0	0.0	0.0	0.0	0.0	0.0	0.0	1.242453324894	0.0	0.0	1.3321790402101223	1.5498260458782016	2.293118601486813
100001122305996	0.0	0.0	0.0	0.0	0.0	0.0	0.0	0.0	0.0	0.0	0.0	0.0	0.0	0.0	0.0	0.0	0.0	0.0	0.0	0.0
100000531313299	0.0	0.0	0.0	0.0	0.0	0.6365141682948128	0.0	0.0	0.0	0.0	0.0	0.0	0.0	0.0	0.0	0.0	0.0	0.0	0.0	0.0
1548847044	0.0	0.0	0.0	0.0	0.0	0.0	0.0	0.0	0.0	0.0	0.0	0.0	0.0	0.0	0.0	0.0	0.0	0.0	0.0	0.0
546923037	0.0	0.0	0.0	0.0	0.0	0.0	0.0	0.0	0.0	0.0	0.0	0.0	0.0	0.0	0.0	0.0	0.0	0.0	0.0	0.0
754501534	0.0	0.0	0.0	0.0	0.0	0.0	0.0	0.0	0.0	0.0	0.0	0.0	0.0	0.0	0.0	0.0	0.0	0.0	0.0	1.3862943611198906
1389390126	1.9880722298850184	2.778172951419666	0.0	0.0	0.0	0.0	0.0	0.0	0.0	0.0	0.0	0.0	0.0	0.0	0.0	0.0	0.0	0.0	0.0	0.0
579191092	0.0	0.0	0.0	0.0	0.0	0.0	0.0	0.0	0.0	0.6931471805599453	0.0	0.0	0.0	0.0	0.0	0.0	2.0794415416798357	0.0	0.0	0.0
623856230	0.0	0.0	0.0	0.0	0.0	0.0	0.0	0.0	0.0	0.0	0.0	0.0	0.0	0.0	0.0	0.0	0.0	0.0	0.0	0.0
100000477076760	0.0	0.0	0.0	0.0	0.0	0.0	0.0	0.0	0.0	0.0	0.0	0.0	0.0	0.0	0.0	0.0	0.0	0.0	0.0	0.0
100000496123749	0.0	0.0	0.0	0.0	0.0	0.0	0.0	0.0	0.0	0.0	0.0	0.0	0.0	0.0	0.0	0.0	0.0	0.0	0.0	0.0
610941327	0.0	0.0	0.0	0.0	0.0	0.0	0.0	0.0	0.0	0.0	0.0	0.0	0.0	0.0	0.0	0.0	0.0	0.0	0.0	0.0
634900754	0.0	0.0	0.0	0.0	0.0	0.0	0.0	0.0	0.0	0.0	0.0	0.0	0.0	0.0	0.0	0.0	0.0	0.0	2.491493721879438	0.0
1528433388	0.0	0.0	0.0	0.0	2.1383972463477248	2.394700405858334	0.0	0.0	0.0	2.303976101724108	3.0312321103738036	2.0198149924929463	1.7328679513998633	0.0	0.0	0.0	0.0	0.0	0.0	0.0
100004535645988	0.0	0.0	0.0	0.0	0.0	0.0	0.0	0.0	0.0	0.0	0.0	0.0	0.0	0.0	0.0	0.0	0.0	0.0	0.0	0.0
506078132	0.0	0.0	0.0	0.0	0.0	0.0	0.0	0.0	0.0	0.0	0.0	0.0	0.0	0.0	0.0	0.0	0.0	0.0	0.0	0.0
713551747	0.0	0.0	0.0	0.0	0.0	0.0	0.0	0.0	0.0	0.0	0.0	0.6931471805599453	0.0	0.0	0.0	0.0	0.0	0.0	0.0	0.0
100003606309113	1.7917594692280547	0.0	0.0	0.0	0.0	0.0	0.0	0.0	0.0	0.0	0.0	0.0	0.0	0.0	0.0	0.0	0.0	2.3131536787336344	1.8462202193216333	0.0
753855724	1.2798542258336676	0.0	0.0	0.0	0.0	0.0	0.0	0.0	0.0	0.0	0.0	0.0	0.0	0.0	0.0	2.5680840614414704	0.0	0.0	0.0	0.0
745580363	0.0	0.0	0.0	0.0	0.0	0.0	0.0	0.0	0.0	0.0	0.0	0.0	0.0	0.0	0.0	1.5607104090414063	0.0	0.0	0.0	0.0
611773082	0.0	0.0	0.0	0.0	0.0	0.0	0.0	0.0	0.0	0.0	0.0	0.0	0.0	0.0	0.0	0.0	0.0	0.0	0.0	0.0
1007375398	0.0	0.0	0.0	0.0	0.0	0.0	0.0	0.0	0.0	0.0	0.0	0.0	0.0	0.0	0.0	0.0	0.0	0.0	0.0	0.0
527183501	0.0	3.0786987246873614	0.0	0.0	0.0	0.0	0.0	0.0	0.0	0.0	0.0	0.0	0.0	0.0	0.0	0.0	0.0	0.0	0.0	0.0
670554922	0.0	0.0	0.0	0.0	0.0	0.0	0.0	0.0	0.0	0.0	0.0	0.0	0.0	0.0	0.0	0.0	1.242453324894	0.0	0.0	0.0
1166539038	2.0794415416798357	1.8403407956415925	0.0	0.0	1.0397207708399179	0.0	0.0	0.0	0.0	0.0	0.0	1.0986122886681096	0.0	0.0	0.0	0.0	0.0	0.0	0.0	0.0
596202572	0.0	0.0	0.0	0.0	0.0	1.4750763110546947	0.0	0.0	1.0549201679861442	0.0	0.0	0.0	0.0	0.0	0.0	0.0	0.0	0.0	0.0	0.0
698171918	0.0	0.9002560512685369	0.0	0.0	0.0	0.0	0.0	0.0	0.0	0.0	0.0	0.0	0.0	0.0	0.0	0.0	0.0	0.0	0.0	0.0
1298245341	0.0	2.273965716419247	2.4628143736745467	0.0	0.0	0.0	0.0	0.0	0.0	0.0	1.7045514452672972	0.0	0.0	0.0	0.0	1.5949168806692575	0.0	0.6931471805599453	2.3258342509711833	2.341994252232425
775722584	0.0	0.0	0.0	0.0	0.0	0.0	0.0	0.0	0.0	0.0	0.0	0.0	0.0	0.0	0.0	0.0	0.0	0.0	0.0	0.0
654433270	0.0	0.0	0.0	0.0	0.0	0.0	0.0	0.0	0.0	0.0	0.0	0.0	0.0	0.0	0.0	0.0	0.0	0.0	0.0	0.0
1571528030	0.0	0.0	0.0	0.0	0.0	0.0	0.0	0.0	0.0	0.0	0.0	0.0	0.0	0.0	0.0	0.0	0.0	0.0	0.0	2.5670464544742853
532378386	0.0	0.0	0.0	0.0	0.0	0.0	0.0	0.0	0.0	0.0	0.0	0.0	0.0	0.0	0.0	0.0	0.0	0.0	0.0	0.0
100002588402165	0.0	0.0	0.0	0.0	0.0	0.0	0.0	0.0	0.0	0.0	0.0	0.0	0.0	0.0	0.0	0.0	0.0	0.0	0.0	0.0
688420457	0.0	0.0	0.0	0.0	0.0	0.0	0.0	0.0	0.0	0.0	0.0	0.0	0.0	0.0	0.0	0.0	0.0	0.0	0.0	0.0
577327241	0.0	0.0	0.0	0.0	0.0	0.0	0.0	0.0	0.0	0.0	0.0	0.0	0.0	0.0	0.0	0.0	0.0	1.9342054222445997	1.5607104090414063	1.5821699429252507
641014716	0.0	0.0	0.0	0.0	0.0	0.0	0.0	0.0	0.0	0.0	0.0	1.7328679513998633	0.0	0.0	0.0	0.0	0.0	0.0	0.0	0.0
1766513916	0.0	0.0	0.0	0.0	0.0	0.0	1.171059869990371	0.0	0.0	0.0	0.0	0.0	0.0	0.0	0.0	0.0	0.0	0.0	0.0	0.0
1477074266	0.0	0.0	0.0	0.0	0.0	0.0	0.0	0.0	0.0	0.0	0.0	0.0	0.0	0.0	0.0	0.0	0.0	0.0	0.0	0.0
1394535185	0.0	0.0	0.0	0.0	0.0	0.0	0.0	0.0	0.0	0.0	0.0	0.0	0.0	0.0	0.0	0.0	0.0	0.0	0.0	0.0
1208167264	0.0	0.0	0.0	0.0	0.0	0.0	0.0	0.0	0.0	0.0	0.0	0.0	0.0	0.0	0.0	0.0	0.0	0.0	0.0	0.0
621203087	0.0	2.727079935243246	2.1383330595080277	0.0	0.0	0.0	0.0	0.0	0.0	0.0	0.0	0.0	0.0	0.0	0.0	0.0	0.0	0.0	0.0	0.0
100003637927563	0.0	0.0	0.0	0.0	0.0	0.0	0.0	0.0	0.0	0.0	0.0	0.0	0.0	0.0	0.0	0.0	0.0	0.0	0.0	0.0
727164121	0.0	0.0	0.0	0.0	0.0	0.0	0.0	0.0	0.0	0.0	0.0	0.0	0.0	0.0	0.0	0.0	0.0	0.0	0.0	0.0
1058502029	0.0	0.0	0.0	0.0	0.0	0.0	0.0	0.0	0.0	0.0	0.0	0.0	0.0	0.0	0.0	0.0	0.0	0.0	0.0	0.0
690588828	0.0	0.0	0.0	0.0	0.0	0.0	0.0	0.0	0.0	0.0	0.0	0.0	0.0	0.0	0.0	0.0	0.0	0.0	0.0	0.0
632855043	2.6980110198441127	2.2320555836111624	2.3025850929940455	1.9061547465398496	2.6532513857649818	0.0	1.7478680974667573	0.0	0.0	0.0	0.0	0.0	0.0	0.0	0.0	0.0	0.0	0.0	0.0	0.0
100002241502560	0.0	0.0	0.0	0.0	0.0	0.0	0.0	0.0	0.0	0.0	0.0	0.0	0.0	0.0	0.0	0.0	0.0	0.0	0.0	0.0
100001676796092	0.0	0.0	0.0	0.0	0.0	0.0	0.0	0.0	0.0	0.0	0.0	0.0	0.0	0.0	0.0	0.0	0.0	0.0	0.0	0.0
662423981	0.0	0.0	0.0	0.0	0.0	0.0	0.0	0.0	0.0	0.0	0.0	0.0	0.0	0.0	0.0	0.0	0.0	0.0	0.0	0.0
820615901	0.0	0.0	0.0	0.0	0.0	0.0	0.0	0.0	0.0	0.0	0.0	0.0	2.0794415416798357	2.5232109529528914	0.0	2.0794415416798357	0.0	0.0	0.0	2.2718685126965625
725167404	2.4254797046832532	1.3321790402101223	0.0	0.0	0.6730116670092565	1.0986122886681096	0.0	0.0	0.0	0.0	0.6931471805599453	0.0	0.0	1.2202821662722372	0.0	0.0	0.0	0.0	2.4941855320380064	0.0
1647816410	0.0	0.0	0.0	0.0	0.0	0.0	0.0	0.0	0.0	0.0	0.0	0.0	0.0	0.0	0.0	0.0	0.0	0.0	0.0	0.0
756854667	0.0	0.0	0.0	0.0	0.0	0.0	0.0	0.0	0.0	0.0	0.0	0.0	0.0	0.0	0.0	0.0	0.0	0.0	0.0	0.0
544125606	0.0	0.0	0.0	0.0	0.0	0.0	0.0	0.0	0.0	0.0	0.0	0.0	0.0	0.0	0.0	0.0	0.0	0.0	0.0	0.0
690098992	0.0	0.0	0.0	0.0	0.0	0.0	0.0	0.0	0.0	0.0	0.0	0.0	0.0	0.0	0.0	0.0	0.0	0.0	0.0	0.0
100002346841682	0.0	0.0	2.0352603594743455	0.0	0.0	0.0	0.0	0.0	0.0	0.0	0.0	0.0	0.0	0.0	0.0	0.0	0.0	0.0	0.0	0.0
100000398925475	0.0	0.0	0.0	0.0	0.0	0.0	0.0	0.0	0.0	0.0	0.0	0.0	0.0	0.0	0.0	0.0	0.0	0.0	0.0	0.0
100000691728339	0.0	0.0	0.0	0.0	0.0	0.0	0.0	0.0	0.0	0.0	0.0	0.0	0.0	0.0	1.0986122886681096	1.0986122886681096	0.0	0.0	0.0	1.0986122886681096
513689015	0.0	0.0	0.0	0.0	0.0	0.0	0.0	0.0	0.0	0.0	0.0	0.0	0.0	0.0	0.0	0.0	0.0	0.0	0.0	0.0
100001215845281	0.0	0.0	0.0	0.0	0.0	0.0	0.0	0.0	0.0	0.0	0.0	0.0	0.0	0.0	0.0	0.0	0.0	0.0	0.0	0.0
744940626	0.6931471805599453	0.6829081047004717	2.2055983590263932	2.3786201994102125	1.0397207708399179	1.7478680974667573	2.0235545738035845	2.5956871651385653	1.0986122886681096	0.0	0.0	0.0	0.0	0.0	0.0	0.0	0.0	0.0	0.0	0.0
1045930175	0.0	0.0	0.0	0.0	0.0	0.0	2.0794415416798357	1.7478680974667573	0.0	0.0	1.3862943611198906	0.0	0.0	1.7478680974667573	0.6931471805599453	0.0	0.0	0.0	0.0	0.0
622016061	0.0	0.0	0.0	0.0	0.0	0.0	2.8372874910352675	3.634252742606656	2.5232109529528914	3.4658175067856027	2.7877881193860072	2.960278694265656	3.102571276804554	3.293357271685335	0.0	1.9730014063936125	1.6094379124341005	3.23901133841889	0.0	0.0
647472647	0.6365141682948128	0.0	1.5607104090414063	0.0	2.5682158240648594	1.3321790402101223	0.0	0.0	0.0	0.0	0.0	0.0	0.0	0.0	0.0	0.0	0.0	0.0	0.0	0.0
1623995018	0.0	1.945910149055313	1.0986122886681096	3.0450382972958723	3.536549925850064	2.958590892072246	2.730113963040932	2.2718685126965625	1.6094379124341005	0.0	0.0	0.0	0.0	0.0	0.0	0.0	0.0	0.0	0.0	0.0
646565971	0.0	0.0	3.164432816939635	2.6390573296152584	0.0	0.0	0.0	0.0	0.0	0.0	0.0	0.0	0.0	0.0	0.0	0.0	0.0	0.0	0.0	0.0
100003995396456	0.0	0.0	0.0	0.0	0.0	0.0	0.0	0.0	0.0	0.0	0.0	0.0	0.0	0.0	0.0	0.0	0.0	0.0	0.0	0.0
656727876	0.6931471805599453	0.0	0.0	0.0	0.0	0.0	0.0	0.0	0.0	0.0	0.0	0.0	0.0	0.0	0.0	0.0	0.0	0.0	0.0	0.0
681261288	0.0	0.0	0.0	0.0	0.0	0.0	0.0	0.0	0.0	0.0	0.0	0.0	0.0	0.0	0.0	0.0	0.0	0.0	0.0	0.0
100001697317759	0.0	0.0	0.0	0.0	0.0	2.2847159526635608	0.0	0.0	0.0	0.0	0.0	1.3862943611198906	0.0	0.0	0.0	0.0	0.0	0.0	0.0	0.0
723062630	0.0	0.0	0.0	0.0	0.0	0.0	0.0	0.0	0.0	0.0	0.0	0.0	0.0	0.0	0.0	0.0	0.0	0.0	0.0	0.0
100000941148046	0.0	0.0	0.0	0.0	0.0	0.0	0.0	0.0	0.0	0.0	0.0	0.0	0.0	0.0	0.0	0.0	0.0	0.0	0.0	0.0
656392051	0.0	0.0	0.0	0.0	0.0	0.0	0.0	0.0	0.0	0.0	3.014077280571365	0.0	0.0	0.0	0.6931471805599453	1.7721393884375285	0.0	1.0986122886681096	1.3862943611198906	0.0
904470053	0.0	0.0	0.0	0.0	0.0	0.0	0.0	0.0	0.0	0.0	0.0	0.0	0.0	0.0	0.0	0.0	0.0	0.0	0.0	0.0
1318843756	0.0	0.0	0.0	0.0	0.0	0.0	0.0	0.0	0.0	0.0	2.66184038906488	1.6957425341696346	0.0	0.0	0.0	0.0	0.0	0.0	0.0	0.0
1349096923	2.186435318556778	1.5498260458782016	0.0	1.6957425341696346	2.338371704803573	3.3688419624216266	3.1681047533362108	1.6769877743224173	0.0	0.0	0.6931471805599453	0.6931471805599453	1.242453324894	2.1639556568820564	0.0	1.8065071652616693	1.7677614722893296	2.319167872980699	2.771212841719812	1.242453324894
691715897	0.0	0.0	0.0	0.0	0.0	0.0	0.0	0.0	0.0	0.0	0.0	0.0	0.0	0.0	0.0	0.6931471805599453	0.0	0.0	0.0	0.0
701837732	0.0	0.0	0.0	0.0	0.0	0.0	0.0	0.0	0.0	0.0	0.0	0.0	0.0	0.0	0.0	0.0	0.0	0.0	1.4941751382893085	1.9061547465398496
1524919804	0.0	0.0	0.0	0.0	0.0	0.0	0.0	0.0	0.0	0.0	0.0	0.0	0.0	0.0	0.0	0.0	0.0	0.0	0.0	1.5607104090414063
100000338485537	0.0	0.0	0.0	0.0	0.0	0.0	0.0	0.0	0.0	0.0	0.0	0.0	0.0	0.0	0.0	0.0	0.0	0.0	0.0	0.0
535675012	0.0	0.0	0.0	0.0	0.0	0.0	0.0	0.0	0.0	0.0	0.0	0.0	0.0	0.0	0.0	0.0	0.0	0.0	0.0	1.5607104090414063
680952804	1.4270610433807247	0.0	0.0	0.0	3.9556384844315864	0.0	0.0	0.0	0.0	0.0	0.0	0.0	0.0	0.0	0.0	0.0	0.0	0.0	0.0	0.0
1450151533	0.0	0.0	0.0	0.0	0.0	0.0	0.0	0.0	0.0	0.0	0.0	0.0	0.0	0.0	0.0	0.0	0.0	0.0	0.6931471805599453	0.0
753289140	0.0	0.0	0.0	0.0	0.0	0.0	0.0	1.7917594692280547	0.6931471805599453	0.0	0.0	0.0	0.0	0.0	0.0	0.0	0.0	0.0	0.0	0.0
1440902519	2.143952200643869	2.915533637424272	3.1766245675463125	3.5074882628151256	2.6313375280273323	3.2171141585291583	3.2349020857005786	0.0	0.0	0.0	0.0	0.0	0.0	0.0	0.0	0.0	0.0	0.0	0.0	0.0
100002264906539	0.0	0.0	0.0	0.0	0.0	0.0	0.0	0.0	0.0	0.0	0.0	0.0	0.0	0.0	0.0	0.0	0.0	0.0	0.0	0.0
667288209	0.0	0.0	0.0	0.0	0.0	0.0	0.0	0.0	0.0	0.0	0.0	0.0	0.0	0.0	0.0	0.0	0.0	0.0	0.0	0.0
695461640	0.0	0.0	0.0	1.0549201679861442	0.0	1.9085352816435601	1.7917594692280547	0.6365141682948128	3.2079600775434685	1.3862943611198906	2.87319366387342	0.0	0.0	1.0986122886681096	0.0	0.0	0.0	0.0	0.0	0.0
605369922	1.5171063970610277	2.8901059339030106	0.0	0.0	0.0	0.0	0.0	0.0	0.0	0.0	0.0	0.0	0.0	0.0	0.0	0.0	0.0	0.0	0.0	0.0
1761922598	0.0	0.0	0.0	0.0	0.0	0.0	0.0	0.0	0.0	0.0	0.0	0.0	0.0	0.0	0.0	0.0	0.0	0.0	0.0	0.0
526895313	0.0	0.0	0.0	0.0	0.0	0.0	1.9061547465398496	1.2554823251787535	0.0	1.8891591637540217	2.5869354129510826	1.242453324894	1.559581156259877	0.6931471805599453	1.0397207708399179	1.6094379124341005	0.0	0.0	0.0	0.0
599013499	0.0	0.0	0.0	0.0	1.4941751382893085	0.0	0.0	0.0	1.8200759753606213	0.0	1.0397207708399179	0.0	0.0	0.0	0.0	0.0	0.0	0.0	0.0	0.0
676263159	0.0	0.0	0.0	0.0	0.0	0.0	0.0	0.0	0.0	0.0	0.0	0.0	0.0	0.6931471805599453	0.0	0.0	0.0	0.0	0.0	0.0
684907080	0.0	1.6957425341696346	1.9867316488081912	0.0	2.2055983590263937	0.0	0.0	0.0	0.0	0.0	0.0	0.0	0.0	0.0	0.0	0.0	0.0	0.0	0.0	0.0
552545131	0.0	0.0	0.0	0.0	0.0	0.0	0.0	0.0	0.0	0.0	0.0	0.0	0.0	0.0	0.0	0.0	0.0	0.0	0.0	0.0
1176331984	0.0	0.0	0.0	0.0	0.0	0.0	0.0	0.0	0.0	0.0	0.0	0.0	0.0	0.0	0.6365141682948128	0.0	1.559581156259877	1.0986122886681096	0.0	2.6467441383748738
100000414027028	0.0	1.9915093613566137	2.1065773332321154	1.5607104090414063	0.0	0.0	0.0	0.0	0.0	0.0	0.0	0.0	0.0	0.0	0.0	0.0	0.0	0.0	0.0	0.0
874500213	0.0	0.0	0.0	0.0	0.0	0.0	0.0	0.0	0.0	0.0	0.0	0.0	0.0	0.9502705392332347	0.0	0.0	0.0	0.0	0.0	0.0
663311735	0.0	0.0	0.0	0.0	0.0	0.0	0.0	0.0	0.0	0.0	0.0	0.0	0.0	0.0	0.0	0.0	0.0	0.0	0.0	0.0
1420938467	0.0	0.0	0.0	0.0	0.0	0.0	0.0	0.0	0.0	0.0	0.0	0.0	0.0	0.0	0.0	0.0	0.0	0.0	0.0	0.0
1189540703	1.3862943611198906	0.0	0.0	0.0	0.0	0.0	0.0	0.0	0.0	0.0	0.0	0.0	0.0	0.0	0.0	0.0	0.0	0.0	0.0	2.5327575371813715
662656080	0.0	0.0	0.0	0.0	0.0	0.0	0.0	0.0	0.0	0.0	0.0	0.0	0.0	0.0	0.0	0.0	0.0	0.0	0.0	0.0
689632968	0.0	0.0	0.0	0.0	0.0	0.0	0.0	0.0	0.0	0.0	0.0	0.0	0.0	0.0	0.0	0.0	0.0	0.0	0.0	0.0
739444576	0.0	0.0	0.0	0.0	0.0	0.0	0.0	0.0	0.0	0.0	0.0	0.0	0.0	0.0	0.0	0.0	0.0	0.0	0.0	0.0
100002962316958	0.0	0.0	0.0	0.0	0.0	0.0	0.0	0.0	0.0	0.0	0.0	0.0	0.0	0.0	0.0	0.0	0.0	0.0	0.0	0.0
100001615812773	0.0	0.0	0.0	0.0	0.0	0.0	0.0	0.0	0.0	0.0	0.0	0.0	0.0	0.0	0.0	0.0	0.0	0.0	0.0	0.0
513521905	0.0	0.0	0.0	0.0	0.6931471805599453	0.0	0.0	1.3321790402101223	0.6931471805599453	0.0	0.0	1.5607104090414063	0.0	0.0	2.306336270507494	0.6931471805599453	1.3296613488547582	0.0	0.0	2.3107747812053057
663293034	0.0	0.0	0.0	0.0	0.0	0.0	0.0	0.0	0.0	0.0	0.0	0.0	0.0	0.0	0.0	0.0	0.0	0.0	0.0	0.0
737681593	0.0	0.0	0.0	0.0	0.0	0.0	0.0	0.0	0.0	0.0	0.0	0.0	2.2718685126965625	0.0	0.0	0.0	0.0	0.0	0.0	1.329661348854758
509012713	0.0	0.0	0.0	0.0	0.0	0.0	0.0	0.0	0.0	0.0	0.0	0.0	1.8848713335781604	2.253857589601352	2.253857589601352	2.7873309195170792	2.4849066497880012	0.0	1.0397207708399179	0.0
1123467050	1.3522093992338284	0.0	1.3862943611198906	0.0	0.0	0.0	0.6869615765973234	0.0	0.0	0.0	0.0	1.945910149055313	0.0	0.0	1.3862943611198906	0.0	0.6931471805599453	0.0	0.0	0.0
528403234	0.936888307539016	0.6829081047004717	0.0	0.0	0.0	0.0	0.0	0.6365141682948128	0.0	0.0	1.8891591637540215	1.6516699622283133	1.4750080554560212	2.303976101724108	1.3321790402101223	2.1418475069391354	1.5268781472745927	0.6931471805599453	2.6776550551101654	1.945910149055313
100001811018741	0.0	0.0	0.0	0.0	0.0	0.0	0.0	0.0	0.0	0.0	0.0	0.0	0.0	0.0	0.0	0.0	0.0	0.0	0.0	0.0
546785614	0.0	0.0	0.0	0.0	0.0	0.0	0.0	0.0	0.0	0.0	0.0	0.0	0.0	0.0	0.0	0.0	0.0	0.0	0.0	0.0
730512778	1.2148896539491205	0.0	0.0	0.0	0.0	0.0	0.0	0.0	0.0	0.0	0.0	0.0	0.0	0.0	0.0	0.0	0.0	0.0	0.0	1.8310204811135165
525603212	0.0	0.0	0.0	0.0	0.0	0.0	0.0	0.0	0.0	0.0	0.0	0.0	0.0	0.0	0.0	0.0	0.0	0.0	0.0	0.0
100000578151984	0.0	0.0	0.0	0.0	0.0	0.0	0.0	0.0	0.0	0.0	0.0	1.8076316561919277	2.0253262207700673	0.0	0.0	1.5571130980576455	0.0	0.0	0.0	0.0
100000228520337	0.0	0.0	0.0	0.0	0.0	0.0	0.0	0.0	0.0	0.0	0.0	0.0	0.0	0.0	0.0	0.0	0.0	0.0	0.0	0.0
519529615	0.0	0.0	0.0	0.0	0.0	0.0	0.0	0.0	0.0	0.0	0.0	0.0	0.0	0.0	0.0	0.0	0.0	0.0	0.0	0.0
697804900	0.0	0.0	0.0	1.2406842919533958	0.0	2.2008276490345495	0.6365141682948128	2.293412589485358	0.0	0.0	1.945910149055313	0.0	3.02079455106064	0.0	0.0	0.0	0.0	0.0	0.0	0.0
1696624048	0.0	0.0	0.0	0.0	0.0	0.0	0.0	0.0	0.0	0.0	0.0	0.0	0.0	0.0	0.0	0.0	0.0	0.0	0.0	0.0
1289910061	0.0	0.0	0.0	0.0	0.0	0.0	0.0	0.0	0.0	0.0	0.0	0.0	0.0	0.0	0.0	0.0	0.0	0.0	1.3862943611198906	0.0
1057585682	0.0	0.0	0.0	0.0	0.0	0.0	0.0	0.0	0.0	0.0	0.0	0.0	0.0	0.0	0.6931471805599453	0.0	0.0	0.0	0.0	0.0
592010460	0.0	0.0	0.0	0.0	0.0	0.0	0.0	0.0	0.0	0.0	0.0	0.0	0.0	0.0	0.0	0.0	0.0	0.0	0.6931471805599453	0.0
100000516778081	0.0	0.0	0.0	0.0	0.0	0.0	0.0	0.0	0.0	0.0	0.0	0.0	0.0	0.0	0.0	0.0	0.0	0.0	0.0	0.0
100002525372678	0.0	1.3862943611198906	0.0	0.0	0.0	0.0	0.0	0.0	0.0	0.0	0.0	0.0	1.0549201679861442	1.242453324894	0.0	0.0	0.0	0.0	0.0	0.0
1338143202	0.0	0.0	0.0	0.0	0.0	0.0	0.0	0.0	0.0	0.0	0.0	0.0	0.0	0.0	0.0	0.0	0.0	0.0	1.5498260458782016	0.0
1493707249	0.0	0.0	0.0	0.0	0.0	0.0	0.0	0.0	0.0	0.0	0.0	0.0	0.0	0.0	0.0	0.0	0.0	0.0	0.0	0.0
781641907	0.0	0.0	0.0	0.0	0.0	0.0	0.0	0.0	0.0	0.0	0.0	0.0	0.6730116670092565	1.3321790402101223	1.0397207708399179	3.019779550701417	2.1458417525947544	1.0397207708399179	0.0	0.0
100000481083848	0.0	0.0	0.0	0.0	0.0	0.0	0.0	0.0	0.0	0.0	0.0	0.0	0.0	0.0	0.0	0.0	0.0	0.0	0.0	0.0
1252704146	0.0	0.0	0.0	0.0	0.0	0.0	0.0	0.0	0.0	0.0	0.0	0.0	0.0	0.0	0.0	1.0789922078775833	0.0	0.0	1.0986122886681096	0.0
100001119781052	0.0	0.0	0.0	0.0	0.0	0.0	0.0	0.0	0.0	0.0	0.0	0.0	0.0	0.0	1.0986122886681096	1.9359182345562982	1.5367224694372195	1.0986122886681096	0.0	0.0
727816772	0.0	0.0	0.0	1.6769877743224173	1.0986122886681096	0.0	1.3321790402101223	0.0	0.0	0.0	0.0	0.0	0.0	0.0	0.0	0.0	0.0	1.5607104090414063	1.0986122886681096	0.0
1051815948	0.0	0.0	0.6931471805599453	0.0	0.0	1.0986122886681096	0.0	0.0	0.0	0.0	0.0	0.0	0.0	0.0	0.0	0.0	0.0	0.0	0.0	2.4142363297886615
1188862023	0.0	0.0	0.0	0.0	0.0	0.0	0.0	0.0	0.0	0.0	0.0	0.0	2.293118601486813	0.0	0.0	0.0	0.0	0.0	0.0	0.0
530685097	0.0	0.0	0.0	0.0	0.0	0.0	0.0	0.0	0.0	0.0	0.0	0.0	0.0	0.0	0.0	2.17157089695751	0.0	1.0986122886681096	0.0	0.0
100000904008945	0.0	0.0	0.0	0.0	0.0	0.0	0.0	0.0	0.0	0.0	0.0	0.0	0.0	0.0	0.0	0.0	0.0	0.0	0.0	0.0
1171045570	0.0	0.0	0.0	0.0	0.0	0.0	0.0	0.0	0.0	0.0	0.0	0.0	0.0	0.0	0.0	0.0	0.0	0.0	0.0	0.0
100000673369151	0.0	0.0	0.0	0.0	0.0	0.0	0.0	0.0	0.9556998911125343	0.0	0.0	0.0	0.0	0.0	0.0	0.0	0.0	0.0	0.0	0.0
1427377560	0.6365141682948128	0.0	0.0	2.1186492470699507	1.5229550675313182	0.0	1.9730014063936125	0.0	1.5498260458782016	1.5498260458782016	1.7478680974667573	1.0986122886681096	2.0253262207700673	0.6730116670092565	0.0	0.0	0.0	0.0	1.7478680974667573	1.559581156259877
100001931491673	0.0	0.0	0.0	0.0	0.0	0.0	0.0	0.0	0.0	0.0	0.0	0.0	0.0	0.0	0.0	0.0	0.0	0.0	0.0	0.0
518493429	0.0	0.0	0.0	0.0	0.0	0.0	0.0	0.0	0.0	0.0	0.0	0.0	0.0	0.6931471805599453	0.0	0.0	0.0	0.0	0.0	0.0
585861076	0.0	0.0	0.0	1.7478680974667573	0.0	0.0	0.0	0.0	0.0	0.0	0.0	0.0	0.0	0.0	0.0	0.0	0.0	0.0	0.0	0.0
510951850	0.0	0.0	0.0	0.0	0.0	0.0	1.9850531879046152	1.3862943611198906	1.7917594692280547	2.1006789212792607	1.0549201679861442	0.0	0.0	2.3034884952192693	1.8343719702816237	0.0	0.0	0.0	0.0	3.1635287258281597
794620300	0.0	0.0	0.0	0.0	0.0	0.0	0.0	0.0	0.0	0.0	0.0	0.0	0.0	0.0	0.0	0.0	0.0	0.0	0.0	0.0
587849737	0.0	0.0	0.0	0.0	0.0	0.0	0.0	0.0	0.0	0.0	0.0	0.0	0.0	0.0	0.0	0.0	0.0	0.0	0.0	0.0
764558528	0.0	0.0	0.0	0.0	0.0	0.0	0.0	0.0	0.0	0.0	0.0	0.0	0.0	0.0	0.0	0.0	0.0	0.0	0.0	0.0
1394114405	0.0	0.0	0.0	0.0	0.0	0.0	0.0	0.0	0.0	0.0	1.7478680974667573	0.0	0.0	1.0397207708399179	0.0	0.0	0.0	0.0	0.0	0.0
100000196741493	0.0	0.0	0.0	0.0	0.0	0.0	0.0	0.0	0.0	0.0	0.0	0.0	0.0	0.0	0.0	0.0	0.0	0.0	0.0	0.0
752663734	3.3552397034845107	0.0	2.6145894329476076	0.0	0.0	0.0	0.0	0.0	0.0	0.0	0.0	0.0	0.0	0.0	0.0	0.0	0.0	0.0	0.0	0.0
680035370	0.0	0.0	0.0	1.5607104090414063	0.0	0.0	0.0	0.0	0.0	0.0	0.0	0.0	0.0	0.0	1.0986122886681096	0.0	1.0986122886681096	0.0	0.0	0.0
720781188	0.0	0.0	0.0	0.0	0.0	0.0	0.0	0.0	2.0140355237092673	0.0	0.0	0.0	0.0	0.0	0.0	0.0	0.0	0.0	0.0	0.0
763975916	0.0	0.0	0.0	0.0	0.0	0.0	0.0	0.0	0.0	0.0	0.0	0.0	0.0	0.0	0.0	0.0	0.0	0.0	0.0	0.0
1771433526	0.0	2.712962173052891	0.0	0.0	0.0	0.0	0.0	0.0	0.0	0.0	0.0	0.0	0.0	0.0	0.0	0.0	0.0	0.0	0.0	0.0
630608539	0.0	0.0	0.0	0.0	0.0	0.0	0.0	0.0	0.0	0.0	0.0	0.0	0.0	0.0	0.0	0.0	0.0	0.0	0.0	0.0
1477324490	0.0	0.0	0.0	0.0	0.0	0.0	0.6931471805599453	0.0	1.7478680974667573	0.0	1.0986122886681096	0.0	0.6931471805599453	2.700703487997783	0.0	0.0	1.0397207708399179	0.0	0.0	1.6094379124341005
530861021	0.0	0.0	0.0	0.0	0.0	0.6931471805599453	0.0	0.0	0.0	0.0	0.0	0.0	1.0986122886681096	0.0	0.0	0.0	0.0	0.0	0.0	0.0
100000139294803	0.0	0.0	0.0	0.0	0.0	0.0	0.0	0.0	0.0	0.0	0.0	0.0	0.0	0.0	0.0	0.0	0.0	0.0	0.0	0.0
876275424	0.0	0.0	0.0	0.0	0.0	0.0	0.0	0.0	0.0	0.0	0.0	0.0	0.0	2.618534794840053	0.0	0.0	0.0	0.0	0.6931471805599453	1.3296613488547582
616976949	0.0	0.0	0.0	0.0	0.0	0.0	0.0	0.0	0.6931471805599453	0.6365141682948128	0.0	0.0	1.0986122886681096	0.0	1.3208883431493221	0.0	0.0	0.0	0.0	0.0
865565456	0.0	0.0	0.0	0.0	0.0	0.0	0.0	0.0	0.0	0.0	0.0	0.0	0.0	0.0	0.0	2.8760583166307985	0.0	0.0	0.0	2.878218306670852
791975343	0.0	0.0	0.0	0.0	0.0	0.0	0.0	0.0	0.0	0.0	0.0	0.0	0.0	0.0	0.0	0.0	0.0	0.0	0.0	0.0
628526012	0.0	0.0	0.0	0.0	0.0	0.0	0.0	2.9345355966688094	2.954002719889012	3.675404817186272	2.908318357393279	1.0986122886681096	3.708913479783724	2.8343488021719603	1.6769877743224173	2.7462710266322885	1.8310204811135165	3.0276732802199353	0.0	0.0
781405342	0.0	0.0	0.0	0.0	0.0	0.0	0.0	0.0	0.0	0.0	0.0	0.0	0.0	0.0	0.0	0.0	0.0	0.0	0.0	0.0
100003373929553	0.0	0.0	0.0	0.0	0.0	0.0	0.0	0.0	0.0	0.0	0.0	0.0	0.0	0.0	0.0	0.0	0.0	0.0	0.0	0.0
536787865	1.9206765920171578	0.0	0.0	0.0	0.0	2.6078050343427055	0.0	0.0	0.6931471805599453	0.0	0.0	0.0	0.0	0.0	0.0	0.0	0.0	0.0	0.0	0.0
100000024935387	0.0	1.329661348854758	0.0	1.8905570113915662	0.0	0.0	0.0	0.0	0.0	0.0	0.0	0.0	0.0	0.0	0.0	0.0	0.0	2.1972245773362196	0.0	0.6931471805599453
100001551786080	0.0	0.0	0.0	0.0	0.0	0.0	0.0	0.0	0.0	0.0	0.0	0.0	0.0	0.0	0.0	0.0	0.0	2.168155236015967	0.0	0.0
613109501	0.0	0.0	0.0	0.0	0.0	0.0	0.0	1.7351264569629226	0.0	1.0397207708399179	0.0	2.9713765399690213	0.0	0.0	1.7328679513998633	0.0	1.0986122886681096	0.0	0.0	0.0
100001626874330	2.8191440841660778	0.0	0.0	1.6769877743224173	0.0	0.0	0.0	0.0	0.0	0.0	0.0	0.0	0.0	0.0	0.0	0.0	0.0	0.0	0.0	0.0
679555084	0.0	0.0	0.0	0.0	0.0	0.0	0.0	0.0	0.0	0.0	0.0	0.0	0.0	0.0	0.0	0.0	0.0	0.0	0.0	0.0
1611293621	1.8866967846580784	2.3383717048035724	2.578074864750041	2.5523237317391185	2.6718622239448098	1.9600951351245586	1.7351264569629226	2.76474208870478	3.2434526451656844	1.7351264569629226	2.4608072006471184	0.0	0.0	0.0	0.0	0.0	0.0	0.0	0.0	0.0
573320232	0.0	0.0	0.6829081047004717	0.0	0.0	0.0	1.663966403818785	0.6869615765973234	1.400824338570159	1.530019686686427	1.2925103873774781	1.5134058386196787	1.4791328074296435	1.6515501348000232	1.440127000531816	0.0	0.0	0.0	0.0	2.571504636206164
673430083	0.0	0.0	0.0	0.6931471805599453	0.0	0.0	0.0	0.0	0.0	0.0	0.0	0.0	1.0397207708399179	2.4012244823354805	0.0	0.6931471805599453	0.0	0.0	0.0	0.0
1148066883	0.0	0.0	0.0	0.0	0.6931471805599453	0.0	0.0	0.0	0.0	0.0	0.0	0.0	0.0	0.0	0.0	0.0	0.0	0.0	0.0	0.0
100001297712514	0.0	0.0	0.0	0.0	0.0	0.0	0.0	0.0	0.0	0.0	0.0	0.0	0.6931471805599453	0.0	0.0	0.0	0.0	0.0	0.0	0.0
749750230	0.0	0.0	0.6931471805599453	0.0	0.0	0.0	0.0	0.0	0.0	0.0	0.0	0.0	0.0	0.0	0.0	0.0	0.0	0.0	0.0	0.0
100000741383382	0.0	0.0	0.0	0.0	0.0	0.0	0.0	0.0	0.0	0.0	0.0	0.0	0.0	0.0	1.0986122886681096	1.0549201679861442	0.0	0.0	0.0	0.0
1172526331	0.0	0.0	0.0	0.0	0.0	0.0	0.0	0.0	0.0	0.0	0.0	0.0	0.0	0.0	0.0	0.0	0.0	0.0	0.0	0.0
854415065	0.0	0.0	0.0	0.0	0.0	0.0	0.0	0.0	0.0	0.0	0.0	0.0	0.0	0.0	0.0	0.0	0.0	0.0	0.0	1.0397207708399179
1085137598	0.0	2.458311329683084	2.350327259728866	1.8891591637540217	0.0	0.0	0.0	0.0	0.0	0.0	0.0	0.0	1.3296613488547582	0.0	1.0397207708399179	0.0	0.0	0.0	0.0	0.0
1597613504	0.0	0.0	0.0	0.0	0.0	0.0	0.0	0.0	0.0	0.0	0.0	0.0	1.9792045174343245	0.0	0.0	0.0	0.0	0.0	0.0	0.0
559265152	0.0	0.0	0.0	0.0	0.6931471805599453	2.1639556568820564	2.5115946800294893	1.3321790402101223	1.9869667702348364	0.0	0.0	0.0	0.0	0.0	0.0	0.0	0.0	0.0	0.0	0.0
1334464243	0.0	0.0	0.0	0.0	0.0	0.0	2.2008276490345495	1.0042424730540764	1.8891591637540217	1.8891591637540217	0.0	2.510529247162029	0.0	0.0	0.0	0.0	0.0	0.0	0.0	0.0
1443817901	0.0	0.0	0.0	0.0	0.0	0.0	0.0	0.0	0.0	0.0	0.0	0.0	0.0	0.0	0.0	0.0	1.4941751382893085	0.0	0.0	0.0
100000303381609	1.3156580703985552	0.0	1.0397207708399179	0.0	0.0	0.0	0.0	0.0	0.0	0.0	0.0	0.6365141682948128	0.0	0.0	0.6365141682948128	1.7478680974667573	2.2711735874793155	2.7960011276320693	0.0	2.4762471329830333
100000224661149	0.0	0.0	0.0	1.0042424730540764	0.0	0.0	1.5465986860485126	0.0	0.0	0.0	0.6931471805599453	0.0	0.0	0.0	0.0	0.0	0.0	0.0	0.0	0.0
1770300537	0.0	0.0	0.0	1.0397207708399179	0.0	1.8891591637540217	0.0	0.0	1.8462202193216335	0.0	0.0	0.0	0.0	0.0	1.6957425341696346	1.3862943611198906	2.9490123306617946	0.6931471805599453	2.5115946800294893	1.9061547465398496
646363452	1.470098870755394	0.0	0.0	0.0	0.0	0.0	0.0	0.0	0.0	0.0	0.0	0.0	0.0	0.0	0.0	0.0	1.7565367399084864	0.0	1.5498260458782016	1.9722469794234416
671370220	0.0	0.0	0.0	0.0	0.0	0.0	0.0	0.0	0.0	0.0	0.0	0.0	2.2429732264381466	2.838257252573675	0.0	0.0	0.0	0.0	0.0	0.0
100001394567898	0.0	0.0	0.0	0.0	0.0	0.0	0.0	0.0	0.0	0.0	0.0	0.0	0.0	0.0	0.0	0.0	0.0	0.0	0.0	0.0
544996799	0.0	0.0	0.0	0.0	0.0	1.7986522062521288	0.0	3.180764986861651	0.0	0.0	0.6931471805599453	0.0	0.0	0.0	1.3862943611198906	0.0	0.0	0.0	0.0	0.0
824235200	0.0	0.0	0.0	0.0	0.0	0.0	0.0	0.0	0.0	0.0	0.0	0.0	0.0	0.0	0.0	0.0	0.0	0.0	0.0	0.0
577661922	0.0	0.0	0.0	0.0	0.0	0.0	0.0	1.9408430327407737	3.621125896056625	0.0	0.0	0.0	0.0	0.0	0.0	0.0	0.0	0.0	0.0	0.0
1136772195	0.0	3.5073014944237677	0.0	0.0	0.0	0.0	0.0	0.0	0.0	0.0	0.0	0.0	0.0	0.0	0.0	0.0	0.0	0.0	0.0	0.0
536202997	0.0	0.0	0.0	0.0	0.0	0.0	0.0	0.0	0.0	0.0	0.0	0.0	0.0	0.0	0.0	0.0	0.0	0.0	0.0	0.0
691546716	2.4849066497880012	0.0	0.0	0.0	0.0	0.0	0.0	0.0	0.0	0.0	0.0	0.0	0.0	0.0	0.0	1.5607104090414063	0.0	0.0	0.0	0.0
1060511600	1.0397207708399179	0.0	2.1100165533754613	0.6931471805599453	0.0	0.0	1.366158847569202	1.666332585328325	1.982318436300816	0.0	1.7782333057997075	0.0	2.08676875496392	1.599221256587268	0.0	0.0	1.9686932085049353	0.5623351446188083	0.0	0.0
746649578	0.0	0.0	0.0	0.0	0.0	0.0	0.0	0.0	0.0	0.0	0.0	0.0	0.0	0.0	0.0	0.0	0.0	0.0	0.0	0.0
743630246	0.0	0.0	0.0	0.0	0.0	0.0	0.0	0.0	0.0	0.0	0.0	0.0	0.0	1.4941751382893085	0.0	0.0	0.0	0.0	0.0	0.0
100000444794537	0.0	0.0	0.0	0.0	0.0	0.0	2.351673301904631	0.0	0.0	1.7328679513998633	0.0	0.0	0.0	0.0	0.0	0.0	0.0	0.0	0.0	0.0
100002242281346	0.0	0.0	0.0	0.0	0.0	0.0	0.0	0.0	0.0	0.0	0.0	0.0	0.0	0.0	0.0	0.0	0.0	0.0	0.0	0.0
530191812	0.0	0.0	0.0	0.0	0.0	0.0	0.0	0.0	0.0	0.0	0.0	0.0	0.0	0.0	0.0	0.0	0.0	0.0	0.0	0.0
1390358528	0.0	0.0	0.0	0.0	0.0	0.0	0.0	0.0	0.0	0.0	0.0	0.0	1.6094379124341005	0.0	2.062332394380924	0.0	0.0	0.0	2.599301927099795	0.0
736508416	0.0	0.0	0.0	0.0	0.0	0.0	0.0	0.0	0.0	0.0	0.0	0.0	0.0	0.0	0.0	1.0986122886681096	1.3208883431493221	0.0	0.0	0.0
524102021	0.0	0.0	0.0	0.0	0.0	0.0	0.0	0.0	0.0	0.0	0.0	0.0	0.0	0.0	0.0	0.0	0.0	0.0	0.0	0.0
1064336288	0.0	0.0	0.0	0.0	0.0	0.0	0.0	0.0	0.0	0.0	0.0	0.0	0.0	0.0	2.955980476147353	0.0	0.0	0.0	0.0	3.016167410457118
603364819	0.0	0.0	0.0	0.0	0.0	0.0	0.0	0.0	0.0	0.0	0.0	0.0	0.0	0.0	0.0	0.0	0.0	0.0	0.0	0.0
100000638696128	0.0	0.0	0.0	0.0	0.0	0.0	0.0	0.0	0.0	0.0	0.0	0.0	0.0	0.0	0.0	0.0	0.0	0.0	0.0	0.0
1308827801	0.0	1.6674619334292946	0.0	2.282374376159249	0.0	1.0114042647073516	0.0	0.0	2.0317592185692717	0.0	0.0	0.0	0.0	0.0	0.0	0.0	0.0	0.0	0.0	0.0
575917761	0.0	0.0	0.0	0.0	0.0	0.0	0.0	0.0	0.0	0.0	0.0	0.0	0.0	0.0	1.7917594692280547	0.0	0.0	0.0	0.0	0.0
100002463651908	0.0	0.0	0.0	0.0	0.0	0.0	0.0	0.0	0.0	0.0	0.0	0.0	0.0	0.0	0.0	0.0	0.0	0.0	0.0	0.0
542471092	0.0	0.0	0.0	0.0	0.0	0.0	0.0	0.0	0.0	0.0	0.0	0.0	0.0	0.0	0.0	0.0	0.0	0.0	0.0	0.0
100000076963404	0.0	0.0	0.0	0.0	0.0	0.0	0.0	0.0	0.0	0.0	0.0	0.0	2.0431918705451206	2.2110688711446103	1.680767983711968	1.0549201679861442	0.0	0.0	0.0	0.0
100000552707006	0.0	0.0	0.0	0.0	0.0	1.7478680974667573	0.0	0.0	0.0	0.0	0.0	0.0	0.0	0.0	0.0	0.0	0.0	0.0	0.0	0.0
515781477	0.0	0.0	0.0	0.0	0.0	0.0	0.0	0.0	0.0	0.0	0.0	0.0	0.0	0.0	0.0	0.0	0.0	0.0	0.0	0.0
552141477	0.0	0.0	0.0	0.0	0.0	0.0	0.0	0.0	0.0	1.0986122886681096	0.0	2.3066687254045313	0.0	2.019814992492946	0.0	1.3862943611198906	0.6365141682948128	1.7478680974667573	0.0	0.0
687479704	0.0	0.0	0.0	0.0	0.0	0.0	0.0	0.0	0.0	0.0	0.0	0.0	0.0	0.0	0.0	0.0	0.0	0.0	0.0	0.0
757431184	0.6931471805599453	3.0998150066302474	2.094729047527649	0.0	0.0	2.7511022893863717	2.5780185141381065	0.0	0.0	0.0	0.0	0.0	0.0	0.0	0.0	0.0	0.0	0.0	0.0	0.0
100000144685134	0.0	0.0	0.0	0.0	0.0	0.0	0.0	0.0	0.0	0.0	0.0	0.0	0.0	0.0	0.0	0.0	0.0	0.0	0.0	0.0
1169181071	0.0	0.0	0.0	0.0	0.0	0.0	0.0	0.0	0.0	0.0	0.0	0.0	0.0	0.0	0.0	0.0	0.0	0.0	0.0	0.0
669582434	0.0	0.0	0.0	0.0	0.0	0.0	0.0	0.0	0.0	0.0	0.0	0.0	0.0	0.0	0.0	0.0	0.0	2.108169769053504	0.0	0.0
512344899	0.0	0.0	0.0	0.0	0.0	0.0	0.0	0.0	0.0	0.0	0.0	0.0	0.0	0.0	0.0	0.0	0.0	0.0	0.0	0.0
589426971	0.0	0.0	0.0	0.0	0.0	0.0	0.0	0.0	0.0	0.0	0.0	0.0	0.0	0.0	0.0	0.0	0.0	0.0	0.0	0.0
561111034	0.0	0.0	0.0	0.0	0.0	0.0	0.0	0.0	0.0	0.0	0.0	0.0	0.0	0.0	0.0	0.0	0.0	0.0	0.0	0.0
592096298	1.0549201679861442	0.6931471805599453	0.0	2.6941537039844596	0.0	0.0	0.0	0.0	0.0	0.0	0.0	0.0	0.0	0.0	0.0	0.0	0.0	0.0	0.0	0.0
100001251533853	0.0	0.0	0.0	0.0	0.0	0.0	0.0	0.0	0.0	0.0	0.0	0.0	2.55574037191948	0.0	1.8091581844412505	0.0	1.9869667702348364	2.2483425964087624	1.9673564415668976	1.242453324894
100001973057422	0.0	0.0	0.0	0.0	0.0	0.0	0.0	0.0	0.0	0.0	0.0	0.0	0.0	0.0	0.0	0.0	0.0	0.0	0.0	0.0
1452704403	0.0	0.0	0.0	0.0	0.0	0.0	0.0	0.0	0.0	0.0	0.0	0.0	0.0	0.0	0.0	0.0	0.0	0.0	0.0	0.0
1131726990	2.0431918705451206	0.0	2.0228085294147036	0.0	0.0	0.0	2.6409469170795963	1.7328679513998633	1.3862943611198906	0.0	0.6931471805599453	0.0	0.0	0.0	0.0	0.0	0.0	0.0	0.0	0.0
100000167642920	0.0	0.0	0.0	0.0	0.0	0.0	0.0	0.0	0.0	0.0	0.0	0.0	0.0	0.0	0.0	0.0	0.0	0.0	0.0	0.0
100000525490503	0.0	0.0	0.0	0.0	0.0	0.0	0.0	0.0	0.0	0.0	0.0	0.0	0.0	0.0	0.0	0.0	0.0	1.0986122886681096	0.0	0.0
100000581166554	0.0	0.0	0.0	0.0	0.0	0.0	0.0	0.0	0.0	0.0	0.0	0.0	0.0	0.0	0.0	0.0	0.0	0.0	0.6931471805599453	1.277034259466139
753143250	0.0	0.0	0.0	0.0	0.0	0.0	0.0	0.0	0.0	0.0	0.0	0.0	0.0	0.0	0.0	0.0	0.0	0.0	0.0	1.0986122886681096
100000151823648	0.0	0.0	0.0	0.0	0.0	0.0	0.0	1.6094379124341005	2.0488828279013447	0.0	1.0296530140645737	2.0794415416798357	2.2326944771870663	0.0	0.0	0.0	0.0	1.3862943611198906	0.0	0.0
1472175725	0.0	0.0	0.0	0.0	0.0	0.0	0.0	0.0	0.0	0.0	0.0	0.0	0.0	1.6094379124341005	0.0	0.0	0.0	0.0	1.3862943611198906	0.0
1731742899	0.0	0.0	0.0	0.0	0.0	0.0	0.0	0.0	0.0	0.0	0.0	0.0	0.0	0.0	0.0	0.0	0.0	0.0	0.0	0.0
657450846	0.0	0.0	0.0	0.0	0.0	0.0	0.0	0.0	0.0	0.0	0.0	0.0	0.0	0.0	0.0	0.0	0.0	0.0	0.0	0.0
657485962	0.0	0.0	0.0	0.0	0.0	0.0	0.0	0.0	0.0	0.0	0.0	0.0	0.0	0.0	0.0	0.0	0.0	0.0	0.0	0.0
100002630266405	0.0	0.0	0.0	0.0	0.0	0.0	0.0	0.9502705392332347	0.0	0.0	0.0	0.0	0.0	0.0	0.0	0.0	0.0	0.0	0.0	0.0
731688419	0.0	0.0	0.0	0.0	0.0	0.0	0.0	0.0	0.0	0.0	0.0	0.0	0.0	0.0	0.0	0.0	0.0	0.0	0.0	0.0
567406741	0.0	0.0	0.0	0.0	0.0	1.9061547465398496	0.6931471805599453	3.768308867635127	0.0	0.0	2.7521915465690427	2.6313375280273332	2.7688270068154246	1.9722469794234418	1.5498260458782016	2.2637364636310933	1.9792045174343245	3.0193724829297928	2.2102535776209735	2.5869354129510826
599307921	0.0	0.0	1.7328679513998633	0.0	0.0	0.0	0.0	1.0986122886681096	0.0	0.0	0.0	0.0	0.0	0.0	0.0	0.0	0.0	0.0	0.0	0.0
100000936724231	0.0	0.0	0.0	0.0	0.0	0.0	0.6931471805599453	0.0	0.5623351446188083	0.0	0.0	0.0	0.0	0.0	3.0135466109731057	0.6931471805599453	2.4762206495981647	2.395908119293929	2.007556307437838	2.026438801680332
100001495775796	0.0	0.0	0.0	0.0	0.0	0.0	0.0	0.0	0.0	0.0	0.0	0.0	0.0	0.0	0.0	0.0	0.0	0.0	0.0	0.0
645223153	0.0	0.0	0.0	0.0	0.0	0.0	0.0	0.0	0.0	0.0	0.0	0.0	3.1717684176148335	0.0	0.0	0.0	0.0	0.0	0.0	0.0
522203183	1.0397207708399179	0.0	0.0	2.2047854169135204	0.0	1.0397207708399179	0.0	0.0	0.0	0.0	1.8343719702816235	0.0	0.0	0.0	0.0	0.0	0.0	0.0	0.0	0.0
100000863336208	0.0	0.9556998911125343	0.0	0.0	0.0	0.0	0.0	0.0	0.0	0.0	0.0	1.6442133911342183	0.0	0.0	0.0	0.0	0.0	0.0	0.0	0.0
845339083	0.0	0.0	0.0	0.0	0.0	0.0	0.0	0.0	0.0	0.0	3.00648115999309	0.0	0.0	0.0	0.0	0.0	0.0	0.0	0.0	0.0
726208409	0.0	0.0	0.0	0.6931471805599453	0.0	0.0	0.0	0.0	0.0	2.0464528504537967	0.0	0.0	0.0	0.0	0.0	0.0	0.0	0.0	0.0	0.6365141682948128
1048945574	2.7283523700922605	1.4941751382893085	2.4407254675825105	0.9502705392332347	1.0986122886681096	0.0	0.0	0.0	0.0	0.0	0.0	0.0	0.0	0.0	0.0	0.0	0.0	0.0	0.0	0.0
1626192044	0.0	0.0	0.0	0.0	0.0	0.0	0.0	0.0	0.0	0.0	0.0	0.0	0.0	0.0	0.0	0.0	0.0	0.0	0.0	0.0
1423563713	0.0	0.0	0.0	0.0	0.0	0.0	0.0	0.0	0.0	0.0	0.0	0.0	0.0	0.0	0.0	0.0	0.0	0.0	0.0	0.0
100003748363112	0.0	0.0	0.0	0.0	0.0	0.0	0.0	0.0	0.0	0.0	0.0	0.0	0.0	0.0	0.0	0.0	0.0	0.0	0.0	0.0
754945190	0.0	0.0	0.0	0.0	0.0	0.0	0.0	0.0	1.996030985958194	1.9459347757561138	1.5607104090414063	1.7478680974667573	0.0	0.0	0.0	0.0	0.0	0.0	0.0	0.0
100001584922087	0.0	0.0	0.0	0.0	0.0	0.0	0.0	0.0	0.0	0.0	0.0	0.0	0.0	0.0	0.0	0.0	0.0	0.0	0.0	0.0
830310698	0.0	0.0	0.0	0.0	0.0	0.0	0.0	0.0	0.0	0.0	0.0	0.0	0.0	0.0	0.0	0.0	0.0	0.0	0.0	0.0
631500524	0.0	0.0	0.0	0.0	0.0	0.0	0.0	0.0	0.0	0.0	0.0	0.0	0.0	0.0	0.0	0.0	0.0	0.0	0.0	0.0
1086382015	0.0	0.0	1.6419612243317518	0.0	0.0	0.0	0.9743147528693494	1.0361987848192837	0.0	0.0	0.0	0.0	0.0	0.0	0.0	0.0	0.0	1.3296613488547582	0.0	0.0
521740825	1.15374194270109	2.094729047527649	3.601236436999221	3.7717138475287815	3.170492662378066	0.0	0.0	0.0	0.0	0.0	0.0	0.0	0.0	0.0	0.0	0.0	0.0	0.0	0.0	0.0
575105347	0.0	0.0	0.0	0.0	0.0	0.0	0.0	0.0	0.0	0.0	0.0	1.5498260458782016	1.90853528164356	0.0	0.0	0.0	0.0	0.0	0.0	0.0
569988664	0.0	0.0	0.0	0.0	0.0	0.0	0.0	0.0	0.0	0.0	0.0	0.0	0.0	0.0	0.0	0.0	0.0	0.0	0.0	0.0
1029297530	0.0	0.0	0.0	0.0	0.0	0.0	0.0	0.0	0.0	2.5968338688975634	0.0	0.0	0.0	0.6365141682948128	0.0	0.0	0.0	0.0	0.0	2.0578975319224098
825020136	0.0	0.0	0.0	0.0	0.0	0.0	0.0	0.0	0.0	2.6313375280273323	0.0	2.1458417525947544	1.0986122886681096	0.0	0.0	0.0	0.0	1.0397207708399179	0.0	0.0
100000315526359	0.0	0.0	0.0	0.0	0.0	0.0	0.0	0.0	0.0	0.0	0.0	0.0	0.0	0.0	0.0	0.0	0.0	0.0	0.0	0.0
820039060	0.0	1.712210115741827	0.0	0.0	0.0	0.0	0.0	0.0	0.0	0.0	0.0	0.0	0.0	0.0	0.0	0.0	0.0	0.0	0.0	0.0
100000360585078	0.0	0.0	0.0	0.0	0.0	0.0	0.0	0.0	0.0	0.0	0.0	0.0	0.0	0.0	0.0	0.0	0.0	0.0	0.0	0.0
1021931055	0.0	0.0	0.0	0.0	1.3321790402101223	0.0	0.0	0.0	0.0	0.0	0.0	0.0	0.0	0.0	0.0	0.0	0.0	0.0	0.0	0.0
100001594246504	0.0	0.0	0.0	0.0	0.0	0.0	0.0	0.0	0.0	0.0	0.0	0.0	0.0	0.0	0.0	0.0	0.0	0.0	0.0	0.0
100000010995769	0.0	0.0	0.0	0.0	0.0	0.0	0.0	0.0	0.0	0.0	0.0	0.0	0.0	0.0	0.0	0.0	0.0	0.0	0.0	0.0
1329905509	0.0	0.0	0.0	0.0	0.0	0.0	0.0	0.0	0.0	0.0	0.0	0.0	0.0	0.0	0.0	0.0	0.0	0.0	0.0	0.0
703681959	0.0	0.0	0.0	0.0	0.0	0.0	2.341994252232425	0.0	0.0	0.0	0.0	0.0	0.0	0.0	0.0	0.0	0.0	1.8200759753606213	0.0	1.8200759753606213
1483548589	0.0	0.0	0.0	0.0	0.0	0.0	0.0	0.0	0.0	0.0	0.0	0.0	0.0	0.0	0.0	0.0	1.5607104090414063	0.0	3.2027361612460425	0.6931471805599453
715986945	0.0	0.0	0.0	0.0	0.0	0.0	0.0	0.0	0.0	1.5607104090414063	0.0	0.0	0.0	0.6931471805599453	0.0	0.0	0.0	0.0	0.0	0.0
1456580171	1.5607104090414063	0.0	0.0	0.0	0.0	0.0	1.0397207708399179	0.0	0.8675632284814612	1.3296613488547582	2.9773279450100794	0.0	2.091138882620417	2.3933121229745242	0.0	0.0	0.0	0.0	0.0	2.377811615257769
603146205	0.0	1.676987774322417	0.0	0.0	0.0	0.0	0.0	0.0	0.0	1.0549201679861442	0.0	3.2631132087728187	0.0	0.0	0.0	0.0	1.0986122886681096	1.9212530320280818	0.0	1.5607104090414063
1072330210	0.0	0.0	0.0	0.0	0.0	0.0	0.0	0.0	0.0	0.0	0.0	0.0	0.0	0.0	0.0	0.0	0.0	0.0	0.0	0.0
100000157205545	1.0986122886681096	0.0	0.6365141682948128	0.0	0.0	0.0	0.0	0.0	0.0	0.0	0.0	0.0	0.0	0.0	0.0	0.0	0.0	0.0	0.0	0.0
689505507	0.0	0.0	0.0	0.0	0.0	0.0	0.0	0.0	0.0	0.0	0.0	0.0	0.0	0.0	0.0	0.0	0.0	0.0	0.0	0.0
576417974	0.0	0.0	0.0	1.0986122886681096	0.0	0.0	0.0	0.0	0.0	0.0	0.0	0.0	0.0	0.0	0.0	2.580638377417916	0.0	0.0	0.0	1.0986122886681096
100000002655378	0.0	1.162225544921092	0.0	0.0	0.0	0.0	0.0	0.0	0.0	0.0	0.0	0.0	0.0	0.0	0.0	0.0	0.0	0.0	0.0	0.0
686477004	2.7379755558057863	3.473651250479821	3.103477800914596	0.0	0.0	0.0	0.0	0.0	0.0	0.0	0.0	0.0	0.0	0.0	0.0	0.0	0.0	0.0	0.0	0.0
733341430	0.0	0.0	0.0	0.0	0.0	0.0	0.0	0.0	0.0	0.0	0.0	0.0	2.253857589601352	1.0397207708399179	1.7917594692280547	0.0	0.0	0.0	1.5607104090414063	1.3862943611198906
100001074876635	0.0	0.0	0.0	0.0	0.0	0.0	0.0	0.0	0.0	0.0	0.0	0.0	0.0	0.0	0.0	0.0	0.0	0.0	0.0	0.0
542462241	0.0	0.0	0.0	0.0	0.0	0.0	0.0	0.0	0.0	0.0	0.0	0.0	0.0	0.0	0.0	0.0	0.0	0.0	0.0	0.0
1585544813	0.0	0.0	0.0	0.0	0.0	0.0	0.0	0.0	0.0	0.0	0.0	0.0	0.0	0.0	0.0	0.0	0.0	0.0	0.0	0.0
622061418	0.0	0.0	0.0	0.0	0.0	0.0	0.0	0.0	0.0	0.0	0.0	1.9722469794234416	2.311996272241857	0.0	0.0	0.0	0.0	1.9521156165403366	0.0	0.6931471805599453
100000564763007	0.0	0.0	0.0	0.0	0.0	0.0	0.0	0.0	0.0	0.0	0.0	0.0	0.0	0.0	0.0	0.0	0.0	0.0	0.0	0.0
558140368	0.0	0.0	0.0	0.0	0.0	0.0	0.0	0.0	0.0	0.0	0.0	0.0	0.0	0.0	0.0	0.0	0.0	0.0	0.0	0.0
100000185486718	0.0	0.0	0.0	0.0	0.0	0.0	0.0	0.0	0.0	0.0	0.0	0.0	0.0	0.0	0.0	0.0	0.0	0.0	0.0	0.0
1199811149	0.0	0.0	0.0	0.0	0.0	0.0	0.0	0.0	0.0	0.0	0.0	0.0	0.0	0.0	0.0	0.0	0.0	0.0	0.0	0.0
651770222	0.0	1.0397207708399179	1.907283999321379	2.8143591847508636	0.0	0.0	2.765586615592566	0.0	0.0	0.0	0.0	0.0	0.0	0.0	0.0	0.0	0.0	0.0	0.0	0.0
681396360	0.0	0.0	2.401517802457141	0.0	0.0	0.0	0.0	0.0	0.0	0.0	0.0	0.0	0.0	0.0	0.0	0.0	0.0	0.0	0.0	0.0
1178175502	0.0	0.0	0.0	0.0	0.0	0.0	0.0	0.0	0.0	0.0	0.0	0.0	0.0	0.0	0.0	0.0	0.0	0.0	0.0	0.0
654852175	0.0	2.488327743368588	0.0	0.0	0.0	0.0	0.0	0.0	0.0	0.0	0.0	0.0	0.0	0.0	0.0	0.0	0.0	0.0	0.0	0.0
561302181	0.0	0.0	0.0	0.0	0.0	0.0	0.0	0.0	0.0	0.0	0.0	0.0	0.0	0.0	0.0	0.0	0.0	0.0	0.0	0.0
754225036	0.0	0.0	0.0	0.0	0.0	0.0	0.0	0.0	0.0	0.0	0.0	0.0	0.0	0.0	0.0	0.0	0.0	0.0	0.0	0.0
507142306	0.0	0.0	0.0	0.0	0.0	0.0	0.0	0.0	0.0	0.0	0.0	0.0	0.0	0.0	0.0	0.0	0.0	0.0	0.0	0.0
1216542236	0.0	0.0	0.0	0.0	0.0	0.0	1.0986122886681096	0.0	0.0	0.0	0.0	0.0	0.0	0.0	0.0	0.0	0.0	0.0	1.3862943611198906	1.3316643102930148
555731029	0.0	0.0	0.0	0.0	0.0	0.0	0.6730116670092565	2.3894602821377044	0.0	0.0	2.3933121229745242	0.0	0.0	0.6931471805599453	2.2538575896013526	0.0	0.0	0.0	1.0986122886681096	0.0
699432120	0.0	0.0	0.0	0.0	0.0	0.0	0.0	0.0	0.0	0.0	0.0	0.0	0.0	0.0	0.0	0.0	0.0	0.0	0.0	0.0
805185716	0.0	0.6931471805599453	0.0	0.0	0.0	0.0	0.0	0.0	0.0	0.0	0.0	0.0	0.0	0.0	0.0	0.0	0.0	0.0	0.0	0.0
606269445	0.0	0.0	0.0	0.0	0.0	0.0	0.0	0.6931471805599453	2.019814992492946	1.0986122886681096	0.0	0.0	0.0	0.6931471805599453	1.0397207708399179	1.7140875411870102	0.6931471805599453	0.0	1.0986122886681096	0.0
1072706739	0.0	0.0	1.7917594692280547	0.0	0.0	0.0	0.0	1.7917594692280547	0.0	0.0	1.3321790402101223	0.0	0.0	0.0	0.0	0.0	0.0	1.0986122886681096	1.8891591637540215	0.0
100001174194162	0.0	0.0	0.0	0.0	0.0	0.0	0.0	0.0	0.0	0.0	0.0	0.0	0.0	0.0	0.0	0.0	0.0	0.0	0.0	0.0
790210270	0.0	0.0	0.0	0.0	0.0	1.0397207708399179	0.0	0.0	0.0	0.6931471805599453	0.0	0.0	0.0	0.0	0.0	0.0	1.6094379124341005	0.0	0.0	0.0
507266775	0.0	0.0	0.0	0.0	0.0	0.0	0.0	0.0	2.0692024658203625	0.0	0.0	0.0	0.0	0.0	0.0	0.0	1.4941751382893083	0.6931471805599453	0.0	0.0
1079841729	0.0	0.0	0.0	0.0	0.0	1.3296613488547582	1.945910149055313	1.3321790402101223	0.0	3.260662039242988	3.266071740908089	3.0897556540651876	1.0986122886681096	0.0	0.0	0.0	0.0	0.0	1.9915093613566137	3.2000728953968176
605897342	2.3741112662636183	3.1522874445805202	2.5536815580297962	0.0	0.0	0.0	0.0	0.0	0.0	0.0	0.0	0.0	0.0	0.0	0.0	0.0	0.0	0.0	0.0	0.0
1017912006	0.0	0.0	0.0	0.0	0.0	0.0	0.0	0.0	0.0	0.0	0.0	0.0	0.0	0.0	0.0	0.0	0.0	0.0	0.0	0.0
512582617	0.0	0.0	0.0	0.0	0.0	0.0	0.0	0.0	0.0	0.0	0.0	0.0	0.0	0.0	0.0	0.0	0.0	0.0	0.0	0.0
775990458	0.0	0.0	0.0	0.0	0.0	0.0	0.0	0.0	0.0	0.0	0.0	0.0	0.0	0.0	0.0	0.0	0.0	0.0	0.0	0.0
100000167186866	0.0	0.0	0.0	0.6931471805599453	0.0	0.0	0.0	0.0	0.0	0.0	0.0	0.0	0.0	0.0	0.0	0.0	0.0	0.0	0.0	0.0
100000198856726	0.0	0.0	0.0	0.0	0.0	0.0	0.0	0.0	0.0	0.0	1.3862943611198906	1.0986122886681096	1.3321790402101223	0.0	0.0	0.0	0.0	0.0	0.0	0.0
1169406689	0.0	0.0	0.0	0.0	0.0	0.0	0.0	0.0	0.0	0.0	0.0	0.0	0.0	0.0	0.0	0.0	0.0	0.6931471805599453	0.6931471805599453	0.0
100002830577525	0.0	0.6365141682948128	0.0	0.0	1.5247073930301436	0.0	0.0	0.0	0.0	0.0	0.0	1.320888343149322	1.4183036843924253	0.0	0.6931471805599453	2.368483093428205	1.8646086260113153	1.9639482900430225	1.9634998633773857	1.6769877743224173
795110622	0.0	0.0	2.4762206495981647	0.0	2.231606951608935	2.1458417525947544	0.0	0.0	0.0	0.0	0.0	0.0	0.0	0.9002560512685369	0.0	0.0	0.0	0.0	0.0	0.0
100002074332304	0.0	0.0	0.0	0.0	0.0	0.0	0.0	0.0	0.0	0.0	0.0	0.0	0.0	0.0	0.0	0.0	0.0	0.0	0.0	0.0
510252410	0.0	0.0	0.0	0.0	0.0	0.0	0.0	0.0	0.0	0.0	0.0	0.0	0.0	0.0	0.0	0.0	0.0	0.0	0.0	0.0
1538363615	0.6931471805599453	0.0	1.9913464134109882	1.8866967846580784	0.0	0.0	0.0	0.0	1.0986122886681096	1.277034259466139	1.8905570113915662	0.0	0.0	0.0	0.0	0.0	0.0	0.0	0.0	0.0
651494103	0.0	0.0	0.0	0.0	0.0	0.0	0.0	0.0	0.0	0.0	0.0	3.373863928902089	0.0	2.1873223188492537	0.0	0.0	0.0	0.0	0.0	0.0
665275586	0.0	0.0	0.0	0.0	0.0	0.0	0.0	0.0	0.0	0.0	0.0	0.0	0.0	0.0	0.0	0.0	0.0	0.0	0.0	0.0
639054249	0.0	0.0	0.0	0.0	0.0	0.0	0.0	0.0	1.0986122886681096	0.0	0.0	0.0	1.6094379124341005	0.6931471805599453	0.0	1.5047882836811908	0.0	0.0	0.0	2.3933121229745242
561638676	0.0	0.0	0.0	0.0	0.0	0.0	0.0	0.0	0.0	0.0	0.0	0.0	0.0	0.0	0.0	0.0	0.0	0.0	0.0	0.0
686172720	0.0	0.0	0.0	0.0	0.0	0.0	0.0	0.0	0.0	0.0	0.0	0.0	1.4941751382893085	1.0549201679861442	2.0330001999799117	0.0	0.0	0.0	0.0	0.0
552246722	0.0	0.0	0.0	0.0	0.0	0.0	0.0	0.0	0.0	0.0	0.0	0.0	0.0	0.0	0.0	0.0	0.0	0.0	0.0	0.0
589338759	0.0	0.0	0.0	0.0	0.0	0.0	0.0	0.0	0.0	0.0	2.6174338974583264	3.0841729918481375	0.0	0.0	0.0	0.0	0.0	0.0	0.0	0.0
502236217	0.0	0.0	0.0	0.0	0.0	0.0	0.0	0.0	0.0	0.0	0.0	0.0	0.0	0.0	0.0	0.0	0.0	0.0	0.0	0.0
100001715042038	0.0	0.0	0.0	0.0	0.0	0.0	0.0	0.0	0.0	0.0	0.0	0.0	0.0	0.0	0.0	0.0	0.0	0.0	0.0	0.0
100000348152485	0.0	0.0	0.0	0.0	0.0	0.0	0.0	0.0	0.0	0.0	0.0	0.0	0.0	0.0	0.0	0.0	0.0	0.0	0.0	0.0
100001632338177	0.0	0.0	0.0	0.0	0.0	0.0	0.0	0.0	0.0	0.0	0.0	0.0	0.0	0.0	0.0	0.0	0.0	0.0	0.0	0.0
791852791	0.0	0.0	0.0	0.0	0.0	0.0	0.0	0.0	0.0	0.0	0.0	0.0	0.0	0.0	1.2130075659799042	2.645346330084013	2.858006239667225	0.0	0.0	0.0
690511762	0.0	0.0	0.0	0.0	1.2676770290452553	0.0	0.0	0.0	0.0	0.0	0.0	0.0	0.0	0.0	0.0	0.0	2.5670464544742853	0.0	0.0	0.0
628273230	0.0	0.0	0.0	0.0	0.0	0.0	0.0	0.0	0.0	0.0	2.8132252220802867	3.5216158707934464	0.0	0.0	0.0	0.0	0.0	0.0	0.0	0.0
1208134575	0.0	0.0	0.0	0.0	0.0	0.0	0.0	0.0	0.0	0.0	0.0	0.0	0.0	0.0	0.0	0.0	0.0	0.0	0.0	0.0
724241552	0.0	0.0	0.0	0.0	0.0	0.0	0.0	0.0	0.0	0.0	0.0	0.0	0.0	0.0	0.0	0.0	0.0	0.0	0.0	0.0
1217109678	0.0	0.0	0.0	0.0	0.0	1.3862943611198906	0.0	0.0	0.0	0.0	0.0	0.0	0.0	1.0042424730540764	1.3208883431493221	0.0	0.0	2.430791328878232	0.0	0.0
1623837315	0.0	0.0	0.0	0.0	0.0	0.0	0.0	0.0	0.0	0.0	0.0	0.0	0.0	0.0	0.0	0.0	0.0	0.0	0.0	0.0
1266873494	0.0	0.0	0.0	0.0	0.0	0.0	0.0	0.0	0.0	0.0	0.0	0.0	0.0	0.0	0.0	0.0	0.0	0.0	0.0	0.0
559948665	0.0	0.0	0.0	0.6730116670092565	0.0	0.0	0.0	0.0	0.0	0.0	0.0	0.0	0.0	0.6931471805599453	0.0	0.0	0.0	0.0	0.0	0.0
643891751	0.0	0.0	0.0	0.0	0.0	0.0	0.0	0.0	0.0	0.0	0.0	0.0	0.0	0.0	0.0	0.0	0.0	0.0	0.0	0.0
100000758702865	0.0	0.0	1.540305825226517	0.0	0.0	0.6931471805599453	1.0986122886681096	0.0	2.664619195193491	0.0	2.488327743368588	1.0397207708399179	0.0	2.802434041481831	0.0	0.0	0.6365141682948128	1.0986122886681096	0.0	0.0
705616453	0.0	0.0	0.0	0.0	0.0	0.0	0.0	0.0	0.0	0.0	0.0	0.0	0.0	0.0	0.0	0.0	0.0	0.0	0.0	0.0
686265795	0.0	0.0	0.0	0.0	0.0	0.0	0.0	0.0	0.0	0.0	0.0	0.0	0.0	0.0	0.0	1.8594288151492289	0.0	2.399204296202615	1.0549201679861442	0.6931471805599453
510964107	0.0	3.358240659221603	0.0	0.0	0.0	0.0	0.0	0.0	0.0	0.0	0.0	0.0	0.0	0.0	0.0	0.0	0.0	0.0	0.0	0.0
600935265	0.0	0.0	0.0	0.0	0.0	0.0	0.0	0.0	0.0	0.0	0.0	0.0	0.0	0.6931471805599453	0.0	0.0	0.0	0.0	0.0	0.0
720738408	0.0	0.0	0.0	0.0	0.0	0.0	0.0	0.0	0.0	0.0	0.0	0.0	0.0	0.0	0.0	0.0	0.0	0.0	0.0	0.0
704699594	2.124094357243984	1.9722469794234416	1.6480983953159525	0.0	0.0	0.0	3.504557320249711	0.0	0.0	0.0	0.0	0.0	0.0	1.8343719702816237	0.0	1.8891591637540217	0.0	2.0794415416798357	0.0	0.0
100001219174324	0.0	0.0	0.0	0.0	0.0	0.0	0.0	0.0	0.0	0.0	0.0	0.0	0.0	0.0	0.0	0.0	0.0	2.0431918705451206	1.6674619334292948	0.6931471805599453
616738213	0.0	0.0	0.0	0.0	0.0	0.0	0.0	0.0	0.0	0.0	0.0	0.0	0.0	0.0	0.0	0.0	0.0	0.0	0.0	0.0
637369991	0.0	0.0	0.0	0.0	0.0	0.0	0.0	0.0	0.0	0.0	0.0	0.0	0.0	0.0	0.0	0.0	0.0	0.0	0.0	0.0
601211630	0.0	0.0	1.9915093613566137	0.0	0.0	0.0	0.0	1.3862943611198906	2.351673301904631	1.9061547465398496	2.971618800222523	1.3296613488547582	0.6931471805599453	0.0	1.4184836619456564	1.5498260458782016	0.0	0.0	1.5607104090414063	1.0437938808441543
555886082	0.0	0.0	0.0	0.0	0.0	0.0	0.0	0.0	0.0	2.4669659697666466	2.4142830540835294	0.0	0.0	0.0	0.6931471805599453	0.0	0.0	0.0	0.0	0.0
1171922405	0.0	0.0	0.0	0.0	0.0	0.0	0.0	0.0	0.0	0.0	0.0	0.0	0.0	0.0	0.0	0.0	0.0	0.0	0.0	0.0
100000014938652	2.4849066497880012	2.4410152780267027	0.0	0.0	0.0	1.0397207708399179	0.0	0.0	0.0	0.0	0.0	0.0	0.0	0.0	0.0	0.0	0.0	0.0	0.0	0.0
1097744215	0.0	0.0	0.0	0.0	0.0	0.0	0.0	0.0	0.0	0.0	0.0	0.0	0.0	0.0	0.0	0.0	0.0	0.0	0.0	0.0
550728047	2.253857589601352	2.9668267598925535	1.9550839066643972	0.0	0.0	0.0	0.0	0.0	0.0	0.0	0.0	0.0	0.0	0.0	0.0	0.0	0.0	0.0	0.0	0.0
223607184	0.0	0.0	0.0	0.0	0.0	0.0	0.0	0.0	1.7328679513998633	3.168104753336211	0.0	0.0	0.0	0.0	0.0	0.0	1.4941751382893085	0.0	0.0	0.0
1251111296	0.0	0.0	0.0	0.0	0.0	0.0	0.0	0.0	0.0	0.0	0.0	3.843636127796561	1.5607104090414063	2.758100484412115	0.0	0.0	0.0	0.0	0.0	0.0
650999316	0.0	0.0	0.0	0.0	0.0	0.0	0.0	0.0	2.321540572182843	0.0	2.304143737461093	0.0	0.0	0.0	0.0	0.0	0.0	0.0	0.0	0.0
691409486	1.9061547465398496	2.4762471329830333	0.0	2.8786457425062006	0.0	0.0	0.0	0.0	0.0	0.0	0.0	0.0	0.0	0.0	0.0	0.0	0.0	0.0	0.0	0.0
666373713	0.6730116670092565	0.0	0.6931471805599453	1.5171063970610277	1.2820462400528452	0.6730116670092565	0.6365141682948128	0.0	1.5465986860485121	1.90853528164356	2.57308143384405	0.6931471805599453	0.5623351446188083	0.0	0.0	0.0	0.0	1.7478680974667573	0.0	0.0
615330879	0.0	0.0	1.6094379124341005	2.7307034060082627	0.0	0.0	1.0549201679861442	1.3862943611198906	0.0	0.0	0.0	0.0	0.0	0.0	0.0	0.0	0.0	0.0	0.0	0.0
648206421	0.0	0.0	0.0	0.0	0.0	0.0	0.0	0.0	1.0397207708399179	0.0	0.0	0.0	0.0	0.0	0.0	0.0	0.0	0.0	0.0	0.0
666107954	0.0	0.0	0.0	0.0	0.0	0.0	0.0	0.0	0.0	0.0	0.0	0.0	0.0	0.0	0.0	0.0	0.0	0.0	0.0	0.0
1767625421	0.0	0.0	0.0	0.0	0.0	0.0	0.0	0.0	0.0	0.0	0.0	0.0	0.0	0.0	0.0	0.0	0.0	0.0	0.0	0.0
1328124009	0.0	0.0	0.0	0.6931471805599453	2.341994252232425	0.0	0.0	0.0	0.0	0.0	0.0	0.0	0.0	0.0	0.0	0.0	0.0	0.0	0.0	0.0
506617175	0.0	0.0	1.5498260458782016	0.0	0.0	0.0	0.0	0.0	0.0	0.0	0.0	0.0	0.0	0.0	0.0	0.0	0.0	0.0	0.0	0.0
666063545	0.0	0.0	0.0	0.0	0.0	0.0	0.0	0.0	0.0	0.0	0.0	0.0	0.0	2.6072081923870267	2.341994252232425	1.5607104090414063	0.0	1.3321790402101223	2.059306028129147	0.0
762697520	0.0	0.0	0.0	0.0	4.145623977388184	0.0	0.0	0.0	0.0	0.0	0.0	0.0	0.0	0.0	0.0	0.0	0.0	0.0	0.0	0.0
1351856831	2.7924399804938673	0.0	0.0	0.0	0.0	0.0	0.0	0.0	0.0	0.0	0.0	0.0	0.0	2.345398445115965	0.6365141682948128	0.0	1.8636799873410004	0.0	0.0	0.0
554175284	0.0	0.0	0.0	0.0	0.0	0.0	0.0	0.0	0.0	0.0	0.0	0.0	0.0	0.0	0.0	0.0	0.0	0.0	0.0	0.0
100001256837804	0.0	0.0	0.0	0.0	0.0	0.0	0.0	0.0	0.0	0.0	0.0	0.0	0.0	0.0	0.0	0.0	0.0	0.0	0.0	0.0
100000537641057	0.0	0.0	0.0	0.6931471805599453	0.0	1.0397207708399179	0.0	0.0	0.0	0.0	0.0	0.0	0.0	0.0	0.0	0.0	0.0	0.0	0.0	0.0
747052634	0.0	0.0	0.0	0.0	0.0	0.0	2.6078050343427055	1.979204517434325	0.6931471805599453	1.0986122886681096	1.0549201679861442	2.2718685126965625	1.5607104090414063	1.0397207708399179	1.0397207708399179	1.7917594692280547	0.0	2.4410152780267027	2.2047854169135204	1.4941751382893085
1361421895	0.0	0.0	0.0	0.0	0.0	0.0	2.3409508144607027	0.0	0.0	0.0	0.0	0.0	0.0	0.0	0.0	0.0	0.0	0.0	0.0	0.0
1595859382	0.0	0.0	0.0	0.0	0.0	0.0	0.0	0.0	0.0	0.0	0.0	0.0	0.0	0.0	0.0	0.0	0.0	0.0	0.0	0.0
688584601	0.0	0.0	0.0	0.0	0.0	0.0	0.0	0.0	0.0	0.0	0.0	0.0	0.0	0.0	0.0	0.0	0.0	0.0	0.0	0.0
1024197552	0.0	0.0	0.0	0.0	0.0	0.0	0.0	0.0	0.0	0.0	0.0	0.0	0.0	0.0	0.0	0.0	1.7838539603556165	0.0	1.0397207708399179	0.0
1084789706	0.0	0.0	0.0	0.0	0.0	0.0	0.0	0.0	0.0	0.0	0.0	0.0	0.0	0.0	0.0	0.0	0.0	0.0	0.0	1.0397207708399179
100000560329370	0.0	0.0	0.0	0.0	0.0	0.0	0.0	0.0	0.0	0.0	0.0	0.0	0.0	0.0	0.0	0.0	0.0	0.0	0.0	0.0
100001655518203	0.0	0.0	0.0	0.0	0.0	0.0	0.0	0.0	0.0	0.0	0.0	0.0	0.0	0.0	0.0	0.0	0.0	0.0	0.0	0.0
689403695	0.0	0.0	0.0	0.0	0.0	0.0	0.0	0.0	0.0	0.0	0.0	0.0	0.0	0.0	0.0	0.0	0.0	0.0	0.0	0.0
100000216905833	0.0	0.0	0.0	0.0	0.0	0.0	0.0	0.0	0.0	0.0	0.0	0.0	0.0	0.0	0.0	0.0	0.0	0.0	0.0	0.0
540753409	0.0	0.0	0.0	0.0	0.0	0.0	0.0	0.0	0.0	0.0	0.0	0.0	0.0	0.0	0.0	2.1972245773362196	0.0	0.0	1.5607104090414063	0.0
1255136728	0.0	0.0	0.0	0.0	0.0	0.0	0.0	0.0	0.0	0.0	0.0	0.0	0.0	0.0	0.0	0.0	0.0	0.0	1.3862943611198906	1.430349831409688
100001201410032	0.0	0.0	0.0	0.0	0.0	0.0	0.0	0.0	0.0	0.0	0.0	0.0	0.0	0.0	0.0	1.3321790402101223	0.0	0.0	0.0	0.0
100001272159569	0.0	0.0	0.0	0.0	0.0	0.0	0.0	0.0	0.0	0.0	0.0	0.0	0.0	0.0	0.0	0.0	0.0	0.0	0.0	0.0
100001847346943	0.0	0.0	0.0	0.0	0.0	0.0	0.0	0.0	0.0	0.0	0.0	0.0	0.0	0.0	0.0	0.0	0.0	0.0	0.0	0.0
1000651908	0.0	0.0	0.0	0.5623351446188083	0.0	0.0	0.0	1.55814461804655	0.0	0.0	0.0	0.0	0.0	0.0	0.0	0.0	0.0	0.0	0.0	0.0
1389068728	0.0	0.0	0.0	0.0	0.0	0.0	0.0	0.0	0.0	0.0	0.0	0.0	0.0	0.0	0.0	0.0	0.0	0.0	0.0	0.0
665715998	0.0	0.0	0.0	0.0	0.0	0.0	0.0	0.0	0.0	0.0	0.0	2.8549881024390973	1.3862943611198906	0.0	0.0	1.9876923464048408	0.0	0.0	0.0	0.0
1273261796	0.0	0.0	0.0	0.0	0.0	0.0	0.0	0.0	0.0	0.0	0.0	0.0	0.0	0.0	0.0	0.0	0.0	0.0	0.0	0.0
100000627903686	0.0	0.0	0.0	0.0	0.0	0.0	0.0	0.0	0.0	0.0	0.0	0.0	0.0	0.0	0.0	1.6769877743224173	0.0	0.0	2.615630577027551	0.0
598294610	0.0	0.0	0.0	0.0	1.3862943611198906	0.6931471805599453	0.0	0.0	0.0	0.0	0.0	0.0	0.6931471805599453	0.0	0.6931471805599453	0.0	0.0	0.0	0.0	0.0
592000448	1.7478680974667573	0.0	0.0	1.0986122886681096	0.0	0.0	1.7480673485460896	1.3862943611198906	0.0	0.0	0.0	0.0	0.0	0.0	0.0	0.0	1.286057336874379	0.0	0.0	1.5607104090414063
100001087718827	0.0	0.0	0.0	0.0	0.0	0.0	0.0	0.0	0.0	0.6931471805599453	1.277034259466139	0.0	0.0	1.3296613488547582	0.0	0.0	0.0	0.0	1.7480673485460891	1.9258520715704732
100000203383721	0.0	0.0	2.815204926619946	0.0	0.0	0.0	0.0	0.0	0.0	0.0	0.0	0.0	0.0	0.0	0.0	0.0	0.0	0.0	0.0	0.0
100001457387205	0.0	0.0	0.0	0.0	0.0	0.0	0.0	0.0	0.0	0.0	0.0	0.0	0.0	0.0	0.0	0.0	0.0	0.0	0.0	0.0
1098551317	0.0	0.0	0.0	0.0	0.0	0.0	0.0	0.0	0.0	0.0	0.0	0.0	0.0	0.0	0.0	0.0	0.0	0.0	0.0	0.0
100001210937273	0.0	0.0	0.0	0.0	0.0	0.0	0.0	0.0	0.0	1.4681399390162084	0.0	0.0	0.0	0.0	1.3564402752905689	0.0	0.0	0.0	2.1612871195761536	0.0
100001186909615	0.0	0.0	0.0	0.0	0.0	0.0	0.0	0.0	0.0	0.0	0.0	0.0	0.0	0.0	0.0	0.0	0.0	0.0	0.0	0.0
507843830	0.0	0.0	0.0	0.0	0.0	0.0	0.0	1.242453324894	1.0986122886681096	0.6931471805599453	0.0	1.4105135571148382	2.792305404300116	1.6674619334292948	2.2450352741261774	0.0	3.454274845591014	2.9847438077496804	1.5047882836811908	1.6094379124341005
1243471248	0.0	0.0	0.0	0.0	0.0	0.0	0.0	0.0	0.0	0.0	0.0	0.0	0.0	0.0	0.0	0.0	0.0	0.0	0.0	0.0
521811041	0.0	0.0	0.0	0.0	0.0	0.0	0.0	0.0	0.0	0.0	0.0	0.0	0.0	0.0	0.0	0.0	0.0	0.0	0.0	0.6365141682948128
710323401	0.0	0.0	0.0	0.0	0.0	0.0	1.6094379124341005	1.8891591637540217	0.6365141682948128	0.0	1.7328679513998633	1.6674619334292948	2.458311329683084	2.0837660374856477	0.0	1.3296613488547582	0.0	0.6931471805599453	0.0	1.7478680974667573
1473915767	0.0	0.0	0.0	0.0	0.0	0.0	0.0	0.0	1.0397207708399179	0.0	0.0	0.0	0.0	0.0	0.0	0.0	0.0	0.0	0.0	0.0
1263666261	0.0	0.0	0.0	0.0	0.0	0.0	0.0	0.0	0.0	0.0	0.0	0.0	0.0	0.0	0.0	0.0	0.0	0.0	0.0	0.0
1186061992	0.0	0.0	0.0	0.0	0.0	0.0	0.0	0.0	0.0	0.0	0.0	0.0	0.0	0.0	0.0	0.0	0.0	0.0	0.0	0.0
1130169476	0.0	0.0	0.0	0.0	0.0	0.0	0.0	1.7489707507713133	0.0	0.0	0.0	1.162225544921092	0.0	0.0	1.277034259466139	0.0	0.0	2.3046193848206715	1.7298201303799212	0.0
1258926601	0.0	0.0	0.0	0.0	0.0	0.0	0.0	0.0	0.6931471805599453	0.0	0.0	0.0	0.0	0.0	0.0	0.0	0.0	0.0	0.0	0.0
504283773	0.0	0.0	0.0	0.0	0.0	0.0	0.0	0.0	0.0	0.0	0.0	0.0	0.0	0.0	0.0	0.0	0.0	0.0	0.0	0.0
100000179897544	0.0	0.0	0.0	0.0	0.0	0.0	0.0	0.0	0.0	0.0	0.0	0.0	0.0	0.0	0.0	0.0	0.0	0.0	0.0	0.0
100001662860550	0.0	0.0	0.0	0.0	0.0	0.0	0.0	0.0	0.0	0.0	0.0	0.0	0.0	0.0	1.0986122886681096	0.0	0.0	0.0	0.0	0.0
588320873	0.0	0.0	0.0	0.0	0.0	0.0	0.0	0.0	0.0	0.0	0.0	0.0	0.0	0.0	0.0	0.0	0.0	0.0	0.0	1.9022925161416038
608639823	0.0	0.0	0.0	0.0	0.0	0.0	0.0	0.0	0.0	1.3321790402101223	1.0397207708399179	0.0	0.0	0.0	0.0	0.0	0.0	0.0	1.945910149055313	2.009709181894145
100001548410353	0.0	0.0	0.0	0.0	0.0	0.0	0.0	0.0	0.0	0.0	0.0	0.0	0.0	0.0	0.0	0.0	0.0	0.0	0.0	0.0
1252484119	0.0	0.0	0.0	0.0	0.0	0.0	0.0	0.0	0.0	0.0	0.0	0.0	0.0	0.0	0.0	0.0	0.0	0.0	0.0	0.0
586034934	0.0	0.0	0.0	0.0	0.0	0.0	0.0	0.0	0.0	0.0	0.0	0.0	0.0	0.0	0.0	0.0	0.0	0.0	0.0	0.0
100000524185904	0.0	0.0	0.0	0.0	0.0	0.0	0.0	0.0	0.0	0.0	0.0	0.0	0.0	0.0	0.0	0.0	0.0	0.0	0.0	0.0
697325640	0.0	0.0	0.0	0.0	0.0	0.0	0.0	0.0	0.0	0.0	0.0	0.0	0.0	0.0	0.0	0.0	0.0	0.0	0.0	0.0
508888210	0.0	0.0	0.0	0.0	0.0	0.0	0.0	0.0	0.0	0.0	0.0	0.0	0.0	0.0	0.0	0.0	0.0	0.0	0.0	0.0
100001680526060	0.0	0.0	0.0	0.0	0.0	0.0	0.0	0.0	0.0	0.0	0.0	0.0	0.0	0.0	0.0	0.0	0.0	0.0	0.0	0.0
666727549	0.0	0.0	0.0	0.0	0.0	0.0	2.3034884952192693	3.1693943135429796	2.1383330595080277	1.9792045174343245	1.7917594692280547	1.6094379124341005	1.5607104090414063	1.0986122886681096	2.3331967142862475	0.0	0.0	1.5498260458782016	2.689535773467994	1.3321790402101223
