50996	0.0	0.0	0.0	0.0	0.0	0.0	0.0	0.0	0.0	0.0	0.0	0.0	0.0	4.991339205154526	0.0	0.0	0.0	0.0	0.0	0.0
942	0.0	0.0	0.0	0.0	0.0	0.0	0.0	0.0	0.0	3.6915665116867054	0.0	0.0	0.0	3.7612001156935624	4.371727393534045	3.610917912644225	0.0	0.0	5.030719891936808	4.685950572328636
13993	0.0	0.0	0.0	0.0	0.0	0.0	0.0	0.0	0.0	3.6154331468636554	0.0	0.0	0.0	0.0	0.0	0.0	0.0	0.0	0.0	5.729948683167307
16801	0.0	0.0	0.0	0.0	0.0	0.0	0.0	0.0	0.0	0.0	0.0	0.0	0.0	0.0	0.0	0.0	0.0	0.0	0.0	0.0
6352	5.536080661076457	5.1894969964084545	5.800471441674759	6.169192234891709	4.645092503329682	4.309835006635643	7.1499029469593935	6.157201975886402	5.53920386908491	5.3944173453057305	6.4305811816963425	5.78338862039919	5.684457652579525	5.5939676086489944	5.989047624029087	6.071469233439878	7.696667081526462	7.388640594957726	7.141778293982306	7.403016649136651
530	0.0	6.179330318613951	0.0	4.8564846142689975	3.3013770463799443	7.662622796492119	4.625035002690669	6.074962815908673	6.01734112671952	6.659326391590298	0.0	0.0	0.0	4.664208917090809	0.0	0.0	0.0	0.0	0.0	0.0
6491	0.0	0.0	0.0	0.0	0.0	0.0	0.0	0.0	5.078352719423762	2.6589385078196517	0.0	0.0	0.0	0.0	0.0	0.0	0.0	0.0	0.0	0.0
151	2.868220679719327	3.784189633918261	6.207784873074067	0.0	6.76819585808649	0.0	6.500381905721363	0.0	7.279667861406999	6.1557221550176	7.399703846978439	0.0	4.757577186210523	0.0	6.802182041826767	4.765035697496541	6.033805387597507	0.0	0.0	10.066711233638141
15213	0.0	0.0	0.0	0.0	0.0	0.0	0.0	0.0	0.0	0.0	0.0	0.0	0.0	0.0	0.0	0.0	0.0	0.0	0.0	0.0
6767	4.907165952532676	8.182559264068665	6.084980423802271	0.0	6.84609261859003	5.104915085408219	5.418149583249356	0.0	8.140315540159985	0.0	6.155396205162479	5.601044402306451	5.288114515587075	5.973700684730455	4.05087603389278	6.898130002456863	7.150359667086322	5.081007395559338	5.807603862139656	0.0
46792	0.0	0.0	6.816860675899046	0.0	0.0	0.0	0.0	0.0	0.0	0.0	0.0	6.534076560131942	4.8063602270864285	0.0	0.0	0.0	7.190222801055073	0.0	0.0	6.541255789015066
20815	0.0	0.0	0.0	0.0	0.0	0.0	0.0	0.0	0.0	0.0	0.0	0.0	0.0	0.0	0.0	5.5295866768404816	0.0	0.0	9.627009150591672	0.0
8021	0.0	0.0	0.0	0.0	0.0	0.0	0.0	0.0	0.0	0.0	0.0	0.0	0.0	0.0	0.0	0.0	0.0	0.0	0.0	0.0
56397	0.0	0.0	0.0	0.0	0.0	0.0	0.0	0.0	0.0	0.0	0.0	0.0	0.0	0.0	0.0	0.0	0.0	0.0	0.0	0.0
7485	5.796784352559076	5.424989923037922	5.038494941656078	6.6688334436593015	5.887008340749612	6.407659953252478	5.854752310282238	6.102205450298677	5.071693360522618	6.276915096448936	6.866933284461882	5.385784698256661	4.216113256837678	6.6530004397211515	3.9848895730394953	6.534436918199102	5.6111629519897805	6.781961956717972	7.605155955319058	4.635562429586587
6095	0.0	0.0	0.0	0.0	0.0	0.0	0.0	0.0	0.0	0.0	4.4793318085766005	0.0	0.0	0.0	0.0	0.0	0.0	0.0	6.401735022120095	0.0
14678	0.0	0.0	0.0	0.0	0.0	0.0	0.0	0.0	0.0	0.0	0.0	0.0	6.295266001439646	0.0	4.679431124700889	6.100761405355792	5.023370071110129	2.5614856442304927	0.0	0.0
15008	0.0	0.0	0.0	0.0	0.0	0.0	0.0	0.0	6.140241194318465	0.0	0.0	0.0	0.0	0.0	0.0	7.790001063914515	6.974268590584345	6.06919614076271	6.401856297239167	0.0
11492	0.0	0.0	0.0	0.0	0.0	0.0	0.0	0.0	0.0	0.0	0.0	0.0	0.0	0.0	0.0	0.0	0.0	0.0	0.0	6.277498594590761
342	0.0	0.0	0.0	0.0	0.0	0.0	0.0	0.0	0.0	0.0	0.0	0.0	0.0	0.0	0.0	7.955425088912672	0.0	0.0	0.0	0.0
1324	0.0	0.0	0.0	0.0	0.0	3.4657359027997265	0.0	0.0	0.0	0.0	5.62040086571715	0.0	0.0	0.0	0.0	0.0	0.0	0.0	0.0	5.413133040976618
33884	5.536640624384094	5.912601698682257	4.478359420855032	0.0	0.0	0.0	6.3428423763178685	0.0	0.0	0.0	5.226343866922948	5.689241291240815	0.0	0.0	0.0	5.690445502144362	0.0	0.0	0.0	6.939738324835187
3489	0.0	0.0	0.0	0.0	0.0	0.0	0.0	0.0	0.0	0.0	0.0	0.0	0.0	0.0	0.0	0.0	0.0	0.0	0.0	0.0
20441	0.0	0.0	0.0	0.0	0.0	0.0	0.0	0.0	0.0	0.0	0.0	0.0	0.0	0.0	0.0	0.0	0.0	0.0	0.0	0.0
10629	0.0	0.0	0.0	0.0	0.0	0.0	0.0	0.0	0.0	0.0	0.0	0.0	0.0	0.0	0.0	0.0	0.0	0.0	0.0	7.750786909079374
1	5.025111659425058	0.0	7.629125418485822	6.062421958217536	4.735584283095552	0.0	5.840671960573616	5.773930234558283	9.047468439003541	7.163482180192367	7.013005851547572	6.322344561999183	3.3291649718467724	6.543507874954387	6.6655786379136295	6.175831924008545	6.7780736095123615	7.470470004827086	7.040780420611399	9.264686501716296
36241	0.0	0.0	0.0	0.0	0.0	0.0	0.0	0.0	0.0	0.0	0.0	0.0	0.0	0.0	0.0	0.0	0.0	0.0	0.0	0.0
11495	7.321975692410566	5.572168972190424	5.872820126257491	5.240909229178892	5.35900187427564	5.466851015364298	6.016348769913388	5.240605704775018	6.66893832450756	6.492428684530509	6.458959249531485	6.656695744678684	6.2273426509252054	6.346748979552947	4.768884430860497	6.886854875505959	5.889667725690062	5.51325289248641	6.232219443802178	8.625840698722941
2943	4.58383304859996	6.441420955943925	4.234359307870696	6.230615763138196	6.238490887528344	0.0	5.442417710521793	6.8550574899816885	0.0	4.578147441876119	6.054712294170779	5.241747015059643	5.594711379601839	0.0	5.178970608915471	0.0	6.150602768446279	0.0	0.0	8.471358655072438
51168	0.0	0.0	0.0	0.0	0.0	0.0	0.0	0.0	0.0	0.0	0.0	0.0	0.0	0.0	0.0	0.0	0.0	0.0	0.0	7.380567460549911
33499	0.0	0.0	0.0	0.0	0.0	4.723693414229691	0.0	0.0	0.0	5.1595057736286725	4.879767018891217	0.0	0.0	0.0	6.26876670325602	0.0	4.81363047413843	0.0	0.0	0.0
2948	3.3825194883902707	0.0	0.0	0.0	0.0	5.545506304365801	0.0	7.554334823725748	0.0	6.675928302284343	7.056812902805703	0.0	0.0	0.0	0.0	0.0	0.0	0.0	0.0	0.0
69928	4.564348191467836	0.0	0.0	0.0	0.0	0.0	0.0	0.0	0.0	0.0	0.0	0.0	0.0	0.0	0.0	0.0	0.0	0.0	0.0	0.0
1812	0.0	0.0	0.0	0.0	0.0	0.0	0.0	0.0	6.370036630021545	0.0	0.0	0.0	0.0	0.0	0.0	0.0	0.0	0.0	0.0	0.0
7200	0.0	0.0	0.0	0.0	0.0	0.0	0.0	0.0	0.0	0.0	0.0	0.0	0.0	0.0	0.0	0.0	0.0	0.0	0.0	0.0
75985	0.0	0.0	0.0	0.0	0.0	0.0	0.0	0.0	0.0	0.0	0.0	0.0	0.0	0.0	0.0	0.0	0.0	0.0	0.0	0.0
6779	0.0	0.0	0.0	6.931797273462375	0.0	0.0	5.314624990172961	0.0	0.0	0.0	0.0	0.0	0.0	0.0	0.0	0.0	0.0	0.0	0.0	0.0
11086	6.40752564501838	6.58778518599187	6.372795136812384	6.469045955186201	0.0	3.791736839553644	0.0	0.0	7.250048856369259	7.148368076086657	5.786391220680714	5.430806549594116	0.0	0.0	5.547518452181536	5.1043280048864	5.0782780103564455	6.868179964909777	6.792912396230886	4.691346943089252
25640	0.0	0.0	0.0	0.0	0.0	0.0	6.030697298608698	0.0	0.0	0.0	0.0	0.0	0.0	0.0	5.714735518761598	0.0	0.0	0.0	0.0	0.0
11087	4.656050186370174	2.947003083135378	0.0	0.0	0.0	0.0	5.0401940963378005	6.932641128538682	0.0	0.0	7.8336002236611035	6.597732267463863	0.0	0.0	4.375757021660286	4.299550412849643	0.0	0.0	3.931369532374344	0.0
6080	5.688392134873556	3.7805607947651185	3.5047380606029956	0.0	7.373283265721619	5.95064612408363	5.95194335311421	0.0	0.0	0.0	0.0	5.5053315359323625	8.826245289604211	9.209733503836201	6.348264483234865	4.514051777701008	4.331589168269741	0.0	6.097721358294121	6.13442599584945
1436	0.0	0.0	0.0	0.0	7.27910479832906	5.842025936847955	3.0197277791102066	2.8009003550656724	4.210730714088609	3.895639526177622	0.0	0.0	0.0	5.756311709679522	0.0	0.0	5.52412403528173	0.0	0.0	5.172073202337866
52749	6.092713056589019	5.557621392582665	5.593813473622298	5.000586071067215	4.789426444624576	4.7721951969207685	4.663439094112067	4.275229580802729	4.3508294929083435	5.423782117947157	5.52948144541653	4.8075342695486345	6.070683623942589	4.794562288763251	5.846827911519144	8.091658894965994	5.343185521678771	5.5721234667692485	5.758148600446749	6.5920389810339
1435	4.871078458890311	6.297334476066439	5.733346104298305	7.746740243381426	6.3314041947922375	5.956207397221134	0.0	6.065557306041029	6.452837287154442	6.195006909909626	4.973127551881785	4.464787691744502	0.0	7.186207865208505	3.9667817168872728	5.9157834337074835	0.0	6.981759207676729	8.575273402492762	6.7030858585242745
822	0.0	0.0	4.446095761324894	6.238552164683965	5.3855880512855325	4.3719252810151215	7.518837665212974	7.225805962851044	6.1741895191379585	4.827211408311941	5.886152205653932	4.915922883805224	5.4194540650702105	5.708804282571662	6.938133267328717	5.213835497649655	4.736198448394496	6.541270508745738	7.6783263565068856	5.464940866530041
5257	6.227853325172212	6.681775349246635	0.0	7.184854723940094	0.0	5.451321969647739	0.0	0.0	0.0	5.0699029452550874	0.0	0.0	0.0	2.6620615389232047	0.0	0.0	0.0	0.0	0.0	5.94075587711592
216	0.0	5.520852547898299	6.404401670054847	0.0	0.0	0.0	6.343836618052359	0.0	8.584477938221834	0.0	0.0	0.0	0.0	0.0	0.0	0.0	0.0	0.0	0.0	0.0
52745	0.0	0.0	0.0	0.0	0.0	0.0	0.0	0.0	0.0	0.0	0.0	0.0	0.0	0.0	0.0	0.0	0.0	0.0	0.0	0.0
1439	0.0	5.018750425315247	4.646841262795714	0.0	0.0	0.0	0.0	3.5553480614894135	0.0	0.0	0.0	0.0	0.0	0.0	4.680945135051692	2.5649493574615367	0.0	0.0	0.0	0.0
43464	4.0163830207523885	0.0	0.0	0.0	0.0	0.0	0.0	0.0	0.0	8.592814628946028	0.0	0.0	0.0	0.0	0.0	0.0	0.0	3.9889840465642745	5.236441962829949	0.0
1840	0.0	5.040213000634799	4.845407650544606	4.59491064404313	5.8391626110965	6.024484758136116	5.783252144180749	5.233445456509228	0.0	5.974114690361448	5.85605828434251	6.26625133157403	6.237420425693573	0.0	5.241908853999064	6.059123195581797	0.0	2.642512649528655	6.070051604161042	9.418012605229004
626	0.0	0.0	0.0	2.0794415416798357	4.95834365590606	0.0	0.0	0.0	0.0	0.0	0.0	0.0	3.912023005428146	0.0	0.0	0.0	0.0	0.0	5.165699841933198	0.0
1440	0.0	0.0	0.0	0.0	0.0	0.0	0.0	0.0	0.0	0.0	0.0	0.0	0.0	0.0	0.0	0.0	0.0	0.0	0.0	0.0
413	0.0	0.0	0.0	0.0	0.0	0.0	0.0	0.0	0.0	0.0	0.0	0.0	0.0	0.0	6.121644116118156	0.0	0.0	0.0	0.0	0.0
629	0.0	0.0	0.0	0.0	0.0	0.0	0.0	0.0	0.0	0.0	5.457988494906673	5.863129712988341	0.0	5.340281565647069	0.0	0.0	0.0	6.057629978323289	8.92996487470684	6.428638468110324
28922	0.0	0.0	0.0	0.0	0.0	0.0	0.0	0.0	0.0	0.0	7.126239858203793	0.0	0.0	3.012261575505202	0.0	0.0	0.0	0.0	0.0	0.0
8851	5.464226451025382	4.072464904997703	1.791759469228055	2.639057329615259	5.241846441039652	3.7013019741124937	4.311043986791721	2.245952080728913	3.496134697092179	2.071536032807397	0.0	2.943052015725078	6.348420571594128	5.591470346861586	4.986439468308941	5.436508710572927	4.799914262780603	0.0	0.0	0.0
68794	0.0	0.0	5.461651333604458	0.0	5.552474971391415	0.0	0.0	5.69035945432406	0.0	0.0	2.0794415416798357	0.0	4.7535901911063645	0.0	4.513238814081699	4.2626798770413155	0.0	0.0	5.162578486165714	4.871373226762748
8047	0.0	0.0	0.0	0.0	0.0	0.0	0.0	0.0	0.0	0.0	0.0	0.0	5.57323434495925	0.0	0.0	0.0	0.0	0.0	0.0	0.0
914	0.0	0.0	0.0	0.0	0.0	0.0	2.5852419975190757	0.0	0.0	0.0	0.0	4.592118365106255	0.0	0.0	4.127134385045092	0.0	6.456690490921362	0.0	6.8690144506657065	5.551738202138922
40672	0.0	0.0	0.0	0.0	0.0	0.0	0.0	0.0	0.0	0.0	0.0	0.0	0.0	0.0	0.0	0.0	0.0	0.0	0.0	0.0
6079	3.8912037837149187	0.0	0.0	0.0	0.0	0.0	0.0	0.0	0.0	0.0	0.0	4.430768204436443	0.0	6.939253946041508	0.0	1.0986122886681098	8.351105229452743	0.0	9.09750756370184	0.0
7320	0.0	0.0	0.0	0.0	3.028522096376982	5.5134287461649825	0.0	8.89877535906107	0.0	0.0	5.194395293964736	0.0	4.505349850705881	0.0	0.0	0.0	5.758677601181437	0.0	0.0	6.3140142674558035
181	0.0	0.0	0.0	0.0	0.0	0.0	0.0	0.0	0.0	0.0	0.0	0.0	0.0	0.0	0.0	0.0	0.0	0.0	0.0	0.0
27296	0.0	0.0	0.0	0.0	6.114581384367213	0.0	0.0	0.0	0.0	0.0	0.0	0.0	5.682657862063389	0.0	0.0	7.97522083865341	0.0	0.0	0.0	0.0
22913	0.0	0.0	0.0	0.0	0.0	0.0	0.0	0.0	0.0	0.0	0.0	0.0	0.0	0.0	0.0	0.0	0.0	0.0	0.0	0.0
17272	0.0	0.0	0.0	0.0	0.0	0.0	0.0	0.0	0.0	0.0	0.0	0.0	0.0	0.0	0.0	0.0	0.0	0.0	0.0	0.0
808	0.0	3.49650756146648	3.1369241271023127	4.608525935389204	3.194470588977288	4.062075301653315	4.650780697240144	2.862200880929468	4.270699791815149	4.5401555127658035	3.158917715035218	3.2268439945173775	4.603750854091138	0.0	5.759134352549632	6.345196647276376	5.625620712943554	0.0	0.0	5.648093568795613
14896	4.8005020008427906	6.575092374605284	6.800192087266256	6.088139141895596	5.8793037606497425	5.780743515792329	2.1486427031093953	7.502186486602924	5.572154032177765	6.1291116741280955	4.284702522696809	5.480302008253232	4.787491742782046	6.707112780728162	5.077912192133514	5.285915321682362	4.897255399743243	6.672204341191243	7.331289910398238	4.955827057601261
422	0.0	5.447394337067939	0.0	4.513602992462601	5.316171624064461	0.0	7.597061760156144	5.955875593657307	0.0	0.0	0.0	2.5284457975582066	0.0	0.0	0.0	0.0	6.023447592961032	0.0	0.0	6.1014115096789645
33479	0.0	0.0	0.0	0.0	0.0	0.0	0.0	0.0	0.0	0.0	0.0	0.0	0.0	0.0	0.0	0.0	0.0	0.0	0.0	0.0
843	0.0	0.0	0.0	0.0	4.539066907827037	0.0	0.0	0.0	0.0	0.0	0.0	0.0	0.0	0.0	0.0	0.0	0.0	0.0	0.0	0.0
3110	0.0	5.074548619839908	0.0	0.0	0.0	4.9469852670198	0.0	0.0	0.0	0.0	7.162397497355718	3.903990833730882	3.1354942159291497	0.0	4.623186727783884	0.0	0.0	0.0	0.0	0.0
35817	0.0	6.432211307405204	0.0	4.973786695693775	5.8185584715116185	0.0	0.0	0.0	0.0	0.0	0.0	0.0	0.0	0.0	5.993129826427043	0.0	7.067319848653476	8.057060681965766	0.0	5.444758191983713
14542	0.0	0.0	0.0	0.0	0.0	0.0	0.0	6.4451905788334	0.0	0.0	0.0	0.0	6.428105272684596	0.0	0.0	7.082828407051264	0.0	5.154446996128335	7.281625603172019	8.289288323000317
26840	0.0	0.0	0.0	0.0	0.0	0.0	0.0	0.0	0.0	0.0	0.0	0.0	0.0	0.0	0.0	0.0	0.0	0.0	0.0	0.0
846	0.0	0.0	0.0	0.0	5.509423175389564	0.0	0.0	5.498047115536007	0.0	0.0	0.0	0.0	0.0	0.0	0.0	4.960199331899482	0.0	0.0	0.0	0.0
43104	0.0	0.0	0.0	0.0	0.0	0.0	0.0	0.0	0.0	0.0	0.0	0.0	0.0	0.0	0.0	0.0	0.0	0.0	0.0	0.0
47357	0.0	0.0	0.0	0.0	0.0	0.0	0.0	0.0	0.0	0.0	0.0	0.0	0.0	0.0	0.0	0.0	0.0	0.0	0.0	0.0
984	5.946617251687513	5.383524830841217	5.232160240843263	5.253236191075817	6.257904896770699	6.737470874393345	7.327973873094485	5.736444962909372	4.682069862461903	6.544349146051715	5.852465502684083	0.0	5.057290505827305	5.615869544789666	6.333018984743465	7.52456122628536	4.303925768926689	7.314449440244076	6.5986060211367485	6.918067489883116
61919	0.0	0.0	0.0	0.0	0.0	0.0	0.0	0.0	0.0	0.0	0.0	0.0	0.0	0.0	0.0	0.0	0.0	0.0	0.0	0.0
71515	0.0	0.0	0.0	0.0	0.0	0.0	0.0	0.0	0.0	0.0	0.0	0.0	0.0	0.0	0.0	0.0	0.0	0.0	0.0	0.0
7449	0.0	0.0	0.0	0.0	0.0	0.0	0.0	0.0	0.0	0.0	0.0	0.0	0.0	0.0	0.0	0.0	0.0	0.0	0.0	0.0
431	0.0	0.0	0.0	0.0	0.0	0.0	0.0	0.0	0.0	0.0	0.0	0.0	0.0	0.0	0.0	0.0	0.0	0.0	0.0	0.0
32465	4.7255330790092	5.432436906129912	4.176884814817141	5.999320278032956	3.904421831722561	4.533465894340413	4.508174610384062	5.5399906202868845	4.703556475997363	4.114430605425112	6.031663671051555	5.952937555253898	5.482512394476414	4.685181109050373	5.4289920869312995	5.254335632437405	4.299851043158908	7.2029810566669745	4.478036715793404	6.092134187122086
9595	0.0	0.0	0.0	0.0	0.0	0.0	0.0	0.0	0.0	0.0	0.0	0.0	0.0	0.0	0.0	0.0	0.0	2.651377814003299	4.816241156068032	6.879355804460439
9492	0.0	0.0	6.205005608504167	0.0	0.0	2.6006278268524525	0.0	4.837723868268379	0.0	0.0	0.0	0.0	0.0	6.175427332739734	0.0	4.877660282226644	4.739763888413199	4.571352412658694	0.0	5.105113279832461
62466	0.0	0.0	0.0	3.784189633918261	0.0	0.0	0.0	0.0	0.0	0.0	0.0	0.0	0.0	0.0	3.95050352599621	0.0	0.0	0.0	0.0	0.0
3235	0.0	0.0	4.084418922422131	5.780925409243285	0.0	0.0	0.0	5.532170386835748	0.0	0.0	6.111454427601217	0.0	0.0	0.0	4.897956611899135	0.0	0.0	6.302469950875521	0.0	0.0
2101	0.0	0.0	0.0	0.0	0.0	0.0	0.0	0.0	6.827803336692998	0.0	0.0	5.905536643824557	5.747676668213426	6.421785329035666	2.668528614137724	0.0	0.0	8.335041562259933	0.0	0.0
20148	0.0	4.930446577451853	0.0	0.0	0.0	0.0	0.0	0.0	0.0	0.0	0.0	0.0	0.0	0.0	0.0	0.0	0.0	0.0	0.0	0.0
706	0.0	0.0	0.0	3.720391305365907	2.089751185281204	5.070086676023773	5.52347908235219	3.1191623125197534	3.997949409806913	0.0	3.4715712660061735	3.9161062867613428	2.5415396620531325	4.451109868365384	4.414287648376419	4.867160453704563	4.844086599866623	6.876986806769194	5.50847323083612	7.663611502141788
46213	0.0	0.0	0.0	0.0	0.0	0.0	0.0	0.0	0.0	0.0	0.0	0.0	0.0	0.0	0.0	0.0	0.0	0.0	0.0	0.0
10057	0.0	0.0	0.0	0.0	0.0	0.0	0.0	0.0	0.0	0.0	0.0	0.0	0.0	0.0	0.0	0.0	0.0	0.0	0.0	0.0
67675	0.0	0.0	0.0	1.6094379124341003	0.0	0.0	0.0	0.0	0.0	0.0	0.0	0.0	0.0	0.0	0.0	0.0	0.0	0.0	0.0	0.0
10056	0.0	0.0	0.0	0.0	0.0	0.0	0.0	0.0	0.0	0.0	0.0	0.0	0.0	0.0	0.0	0.0	0.0	0.0	0.0	0.0
26935	5.47202455880481	5.756969142613961	5.6082500479346375	1.2992829841302609	3.588583748925572	3.733462003631412	0.0	6.550365794105536	4.538836114420284	0.0	4.137829674161839	6.208590026096629	1.791759469228055	6.04381977744191	0.0	0.0	0.0	3.8536874284151827	0.0	0.0
13287	0.0	0.0	6.000258919663214	5.82600010738045	4.705015520957807	2.4849066497880004	0.0	5.308554768861543	0.0	6.132638578999972	0.0	0.0	5.629777319017961	5.062685406519655	3.7954891891721947	0.0	4.591777927022353	4.397994711696372	5.612747272683003	0.0
9307	5.524428285622154	5.230216953844105	0.0	6.683545870203822	0.0	0.0	0.0	0.0	5.390882967376478	0.0	4.333498032237812	2.6177009004793286	5.354697699984144	4.823801033938604	0.0	4.494962124679327	0.0	7.751762015271128	7.766840537085513	9.823253159825523
2991	0.0	0.0	3.69626145108931	0.0	0.0	0.0	0.0	0.0	0.0	0.0	0.0	0.0	5.9825727442779115	0.0	0.0	0.0	0.0	0.0	0.0	5.045412198722026
33706	5.443386580617281	0.0	0.0	0.0	0.0	0.0	0.0	0.0	0.0	0.0	0.0	0.0	0.0	0.0	0.0	0.0	0.0	0.0	0.0	0.0
301	0.0	0.0	0.0	4.48676195493779	5.23246564918384	0.0	0.0	5.61183631785806	5.17170368406231	0.0	0.0	5.358802676577264	0.0	0.0	0.0	0.0	5.295683776590385	0.0	0.0	0.0
123	0.0	0.0	0.0	0.0	0.0	2.2796083047390616	0.0	0.0	4.528238618273049	0.0	4.647079295487568	0.0	3.4850037245348946	3.9318256327243257	4.870533328724255	3.629231225570539	4.573876620533279	5.630361688251954	3.5263605246161616	2.833213344056216
58656	0.0	0.0	0.0	0.0	0.0	0.0	0.0	0.0	0.0	0.0	0.0	0.0	0.0	0.0	0.0	0.0	0.0	0.0	0.0	0.0
14631	4.996549627129305	7.572842976400215	5.127522785581431	4.501330354232879	3.968418731983915	4.516536464135578	5.809342970316694	5.255534662799947	4.608088415351029	4.070227678618925	4.424926778092046	6.4792098300363286	5.678676866633022	6.010654241501124	5.732620989324042	8.724695046740491	5.3769930273157165	0.0	4.931198463448221	0.0
39733	0.0	0.0	1.9459101490553135	2.88426464286819	4.206550588119023	0.0	0.0	0.0	0.0	5.685366160023758	2.740840023925201	6.455001349303275	5.069608409405429	4.94581079818859	5.349003341137674	1.791759469228055	6.375559471123555	0.0	0.0	6.02674619929704
46122	0.0	0.0	0.0	0.0	0.0	0.0	0.0	0.0	0.0	0.0	0.0	0.0	0.0	0.0	0.0	0.0	0.0	0.0	0.0	0.0
46760	0.0	0.0	0.0	0.0	0.0	0.0	0.0	0.0	0.0	0.0	0.0	0.0	0.0	0.0	6.354257310254741	5.7120812774708964	0.0	0.0	0.0	9.06009870864564
51913	2.8518912373281005	5.9633446879465435	0.0	0.0	0.0	5.114418657649473	6.546785410760524	5.44097366694956	0.0	4.450111434169759	4.237723145067448	0.0	6.413661121515924	6.650362243455886	7.877397186353287	0.0	0.0	0.0	0.0	0.0
57393	0.0	0.0	5.00358700269738	0.0	0.0	0.0	0.0	0.0	0.0	0.0	0.0	0.0	0.0	0.0	0.0	0.0	0.0	0.0	0.0	0.0
68579	4.954504564118383	4.082826940466466	5.52830663934736	4.11447000757604	4.460105431273961	3.749533627100475	4.147128965022318	4.741022744952412	3.713572066704308	2.4849066497880004	3.4457981114251983	4.118296388398641	0.0	4.624972813284271	2.0322750209219356	0.0	2.218375767181564	4.301550432966607	4.426389660637536	0.0
4979	2.5649493574615367	4.400603020246817	4.448516375942715	0.0	0.0	0.0	0.0	0.0	0.0	0.0	0.0	6.0473721790462776	0.0	0.0	0.0	0.0	0.0	0.0	0.0	0.0
584	0.0	0.0	0.0	5.328679086779598	8.461469042643875	0.0	0.0	8.303628614882351	8.884610231886873	0.0	0.0	0.0	0.0	0.0	0.0	6.162165818845042	0.0	5.738183901373533	0.0	0.0
2115	0.0	0.0	0.0	0.0	0.0	0.0	0.0	0.0	0.0	0.0	0.0	0.0	0.0	0.0	4.619625880221426	0.0	0.0	0.0	0.0	0.0
28708	0.0	0.0	0.0	0.0	0.0	0.0	0.0	0.0	0.0	0.0	0.0	0.0	0.0	0.0	0.0	0.0	0.0	6.431331081933479	0.0	0.0
1602	0.0	0.0	0.0	0.0	0.0	2.871679624884012	5.54907608489522	0.0	5.572065907722881	3.794499277519629	4.566386084845818	0.0	8.990316947998217	0.0	4.813989410014147	4.852030263919617	2.8427713618623214	8.114324709155339	6.266945275622906	0.6931471805599453
8517	0.0	0.0	0.0	0.0	0.0	0.0	0.0	0.0	4.406509053850883	0.0	0.0	4.731708364771581	0.0	0.0	0.0	0.0	8.221478947267192	0.0	0.0	0.0
13972	0.0	0.0	0.0	0.0	0.0	0.0	0.0	0.0	0.0	0.0	0.0	0.0	0.0	0.0	0.0	0.0	0.0	0.0	0.0	0.0
966	6.1463292576688975	0.0	0.0	0.0	0.0	0.0	2.3978952727983707	0.0	5.8961800317868	6.66452074064463	2.1972245773362196	4.3719252810151215	0.0	6.352408111291315	0.0	6.797754383767809	0.0	0.0	0.0	4.026372249553871
137	0.0	4.094803993403458	5.75890177387728	7.5256399750415355	5.972492492927961	6.119951449995478	6.45275955104916	8.46674164792014	7.579167967396076	6.614814890729047	0.0	8.616676469901188	6.121381394356529	0.0	7.013915474810528	8.826000545482966	9.550241752488091	5.845160557082165	0.0	7.072421900537371
4990	0.0	0.0	5.926926025970411	0.0	5.803323251985512	0.0	6.206802975324827	0.0	0.0	0.0	0.0	0.0	6.23342985266278	0.0	6.386749691163773	0.0	0.0	0.0	0.0	7.427144133408616
1605	5.967330465438582	1.791759469228055	0.0	5.461710913456472	5.045036720813588	4.497681691664184	2.639057329615259	0.0	2.5649493574615367	5.979136988853038	4.969813299576001	0.0	4.427661892729473	2.3025850929940455	5.771480391807449	4.861103560125292	5.209486152841421	2.2499048351651325	4.6112055427385314	5.654031645866464
2231	0.0	0.0	0.0	0.0	0.0	0.0	0.0	3.103422353902179	4.290459441148391	0.0	0.0	0.0	0.0	0.0	0.0	0.0	0.0	0.0	0.0	0.0
2224	0.0	0.0	0.0	6.2176036074019905	5.533575402712591	6.167288629186923	0.0	0.0	0.0	7.994762190681559	0.0	0.0	7.266012304103521	0.0	3.4708887376855087	5.397399216739423	0.0	0.0	0.0	6.098494945871265
3356	0.0	0.0	0.0	0.0	0.0	6.461347108637613	0.0	0.0	0.0	0.0	0.0	0.0	0.0	0.0	0.0	0.0	0.0	0.0	5.781977322241258	0.0
9470	0.0	0.0	0.0	0.0	0.0	0.0	0.0	0.0	0.0	5.591182068113396	0.0	0.0	0.0	0.0	0.0	0.0	0.0	0.0	6.485669327617886	0.0
2874	0.0	0.0	0.0	0.0	0.0	0.0	0.0	0.0	0.0	0.0	0.0	0.0	0.0	0.0	0.0	0.0	0.0	0.0	0.0	0.0
29107	0.0	0.0	0.0	0.0	0.0	0.0	0.0	0.0	0.0	0.0	0.0	0.0	0.0	0.0	0.0	0.0	7.540689855590125	0.0	0.0	0.0
1804	0.0	0.0	1.791759469228055	0.0	0.0	0.0	0.0	3.2848838539851317	0.0	6.313949981822367	0.0	6.235978124158384	0.0	5.319876019452475	6.8519887365791625	0.0	5.843536962038218	0.0	0.0	0.0
20025	0.0	0.0	0.0	0.0	0.0	0.0	0.0	0.0	0.0	0.0	0.0	0.0	0.0	0.0	0.0	0.0	0.0	0.0	0.0	0.0
14119	0.0	0.0	0.0	0.0	0.0	0.0	0.0	0.0	0.0	0.0	0.0	0.0	0.0	0.0	0.0	0.0	0.0	0.0	0.0	0.0
24051	4.392389421709428	6.721425700790643	5.386220502665021	0.0	0.0	5.093008335994454	0.0	8.612139668725192	0.0	0.0	0.0	0.0	0.0	1.6094379124341003	0.0	0.0	0.0	0.0	0.0	0.0
41103	0.0	0.0	3.58351893845611	0.0	0.0	0.0	2.772588722239781	5.674730312427924	0.0	0.0	0.0	0.0	4.450797401796636	7.511524648390866	5.0363723034945815	5.091536530548272	4.227785371033889	0.0	0.0	6.416078474054907
10639	0.0	0.0	0.0	0.0	0.0	0.0	0.0	2.4444401810837095	0.0	0.0	0.0	0.0	0.0	0.0	0.0	0.0	0.0	5.488110938180692	0.0	0.0
2123	2.639057329615259	0.0	0.0	0.0	0.0	6.363523839940403	7.270714830733635	5.06911771801111	2.2231690212792916	0.6931471805599453	1.3862943611198906	0.0	6.62195252210071	0.0	5.458368968981955	0.0	1.3862943611198906	2.1972245773362196	7.166265974133638	7.133295954896068
32588	0.0	0.0	5.2832037287379885	4.6800175159229305	0.0	0.0	0.0	4.241326752570746	5.147224649942279	0.0	0.0	0.0	0.0	0.0	5.747604773035491	8.352343234352578	0.0	10.308285771656589	4.965837151196361	5.396653267268898
10771	5.284754488376988	3.4227843479978826	5.78560953661917	5.474788509663815	5.123651230796346	7.81762544305337	5.6927286432547515	6.7018560991145195	0.0	7.316342852268322	0.0	3.4695003600551693	0.0	4.934100859161084	6.018311107769849	6.842903997130261	0.0	7.3356670296508275	6.845017443844883	6.685604691928534
8506	0.0	0.0	0.0	0.0	0.0	0.0	0.0	0.0	0.0	0.0	0.0	0.0	0.0	0.0	0.0	0.0	0.0	0.0	0.0	0.0
958	8.347827345782498	3.4011973816621555	2.3418461048795067	6.358141966019636	5.120635920721324	1.791759469228055	5.683579767338681	5.114627013691113	0.0	6.468105123052592	5.977108148224525	7.47742762529632	0.0	6.435212527897597	4.616271039979934	6.082431434610781	6.82433137683837	0.0	5.1298987149230735	3.891820298110627
10843	0.0	5.691297329642165	4.747826486389615	0.0	0.0	0.0	5.010783410999019	0.0	0.0	3.7359846979184486	0.0	0.0	0.0	0.0	2.6989695484664633	0.0	0.0	0.0	7.879906360352914	0.0
3273	0.0	1.791759469228055	4.74449725120919	0.0	5.4777655842564545	5.625323111662016	1.0986122886681098	0.0	0.0	4.703282416969564	5.775919219234414	3.2386784521643803	0.0	6.204689976491586	6.442141998037695	5.350277105478748	1.0986122886681098	0.0	7.062191632286556	6.622760600061335
10034	0.0	0.0	0.0	0.0	0.0	0.0	0.0	0.0	0.0	5.991595959246351	0.0	0.0	0.0	0.0	0.0	0.0	0.0	0.0	0.0	0.0
1401	0.0	0.0	0.0	0.0	0.0	0.0	0.0	0.0	0.0	0.0	0.0	0.0	0.0	0.0	0.0	0.0	0.0	0.0	0.0	0.0
52804	0.0	0.0	0.0	0.0	0.0	0.0	0.0	0.0	0.0	0.0	0.0	0.0	2.833213344056216	0.0	0.0	0.0	0.0	0.0	0.0	0.0
9461	0.0	4.936869143856646	5.6185876285929695	0.0	0.0	0.0	0.0	0.0	0.0	0.0	0.0	0.0	0.0	0.0	0.0	0.0	0.0	0.0	0.0	0.0
17231	0.0	0.0	5.1188324695766365	0.0	0.0	0.0	0.0	0.0	0.0	0.0	5.05776118675665	6.104932731613091	0.0	0.0	0.0	0.0	0.0	0.0	0.0	0.0
33339	0.0	0.0	0.0	5.073088308742806	0.0	0.0	0.0	0.0	0.0	0.0	0.0	0.0	0.0	0.0	0.0	0.0	0.0	0.0	7.548901375373555	0.0
7360	0.0	0.0	0.0	0.0	0.0	0.0	0.0	0.0	0.0	0.0	0.0	0.0	0.0	0.0	0.0	0.0	0.0	0.0	0.0	0.0
46381	0.0	0.0	0.0	0.0	0.0	0.0	0.0	0.0	0.0	0.0	0.0	0.0	0.0	0.0	0.0	0.0	0.0	0.0	0.0	8.302265794873367
10789	0.0	0.0	0.0	4.423095601145485	0.0	0.0	5.932813423091675	0.0	0.0	0.0	0.0	0.0	0.0	6.527878004993521	0.0	0.0	0.0	0.0	0.0	0.0
2869	5.56790011270816	0.0	8.024329233102394	5.950675096118445	5.054341585598744	5.435048391400214	7.702104340051049	5.9965752970564	5.973562631718074	5.412488015363565	0.0	5.846599489777892	5.978418621536496	6.639816964113004	6.295630434783785	5.599252277117475	7.130098510125578	6.80106000272307	4.937039786505588	0.0
26183	0.0	0.0	0.0	0.0	0.0	0.0	0.0	0.0	0.0	0.0	0.0	0.0	0.0	0.0	0.0	0.0	0.0	0.0	0.0	0.0
50647	0.0	0.0	0.0	0.0	0.0	0.0	0.0	0.0	0.0	0.0	4.497747811738334	0.0	0.0	4.570819908282355	0.0	0.0	0.0	0.0	7.475905969367397	0.0
564	0.0	0.0	0.0	0.0	0.0	0.0	0.0	0.0	0.0	0.0	0.0	0.0	0.0	0.0	0.0	5.196664411235335	0.0	0.0	0.0	0.0
10798	0.0	0.0	0.0	0.0	0.0	0.0	0.0	0.0	6.644741794043124	0.0	0.0	0.0	0.0	0.0	0.0	0.0	0.0	0.0	0.0	0.0
19410	0.0	0.0	0.0	0.0	0.0	0.0	0.0	0.0	0.0	0.0	0.0	0.0	0.0	0.0	0.0	0.0	0.0	5.177164799486377	0.0	0.0
36178	0.0	6.7023697825896305	4.777785700269869	0.0	4.836312361836727	5.19460069868105	5.323307332700547	0.0	5.104578057058559	5.616120922944681	5.95599645437029	6.588901467970571	6.795705775173515	6.208168636967287	5.766073443793303	6.68977982419232	0.0	5.345031152151741	6.380848665456419	5.992364142350818
10695	0.0	0.0	0.0	0.0	0.0	0.0	0.0	0.0	0.0	6.202334719509311	0.0	0.0	0.0	0.0	0.0	0.0	0.0	0.0	0.0	0.0
10693	0.0	0.0	0.0	0.0	0.0	0.0	0.0	0.0	0.0	0.0	0.0	0.0	0.0	0.0	0.0	0.0	0.0	0.0	0.0	4.862442263984519
9140	0.0	0.0	0.0	5.704032075626349	5.5675808534758	0.0	6.061923010756543	0.0	0.0	6.963189985870238	0.0	4.45223089334713	8.39910702885173	7.6560630865329315	7.451048092885629	6.825790429683402	0.0	4.784152841516532	5.138399524976675	0.0
20305	0.0	0.0	0.0	0.0	0.0	0.0	0.0	0.0	0.0	2.0794415416798357	0.0	0.0	0.0	0.0	0.0	0.0	0.0	0.0	0.0	0.0
6965	0.0	0.0	0.0	0.0	0.0	0.0	0.0	0.0	0.0	0.0	0.0	0.0	7.423649613878813	0.0	0.0	0.0	5.103923228519813	0.0	4.254378522682234	5.888948084560119
53160	0.0	0.0	0.0	0.0	0.0	0.0	0.0	0.0	0.0	0.0	0.0	0.0	0.0	4.682560738574125	0.0	0.0	0.0	0.0	0.0	0.0
4823	5.151137429056632	0.0	0.0	0.0	0.0	0.0	0.0	0.0	0.0	0.0	0.0	0.0	0.0	0.0	0.0	0.0	0.0	0.0	0.0	0.0
9751	0.0	0.0	0.0	0.0	0.0	0.0	0.0	0.0	0.0	0.0	0.0	0.0	0.0	0.0	0.0	0.0	0.0	0.0	0.0	0.0
9149	0.0	0.0	0.0	0.0	0.0	0.0	0.0	0.0	0.0	0.0	0.0	0.0	0.0	0.0	0.0	0.0	0.0	0.0	0.0	0.0
59696	0.0	0.0	0.0	0.0	0.0	0.0	0.0	0.0	0.0	0.0	0.0	0.0	0.0	0.0	0.0	0.0	0.0	0.0	0.0	0.0
8396	0.0	0.0	5.886106511602735	0.0	0.0	0.0	3.3650444219060165	0.0	0.0	0.0	0.0	9.232395362757014	0.0	0.0	0.0	0.0	0.0	0.0	7.407946301438969	6.570800573050145
9637	0.0	0.0	0.0	0.0	0.0	0.0	0.0	0.0	0.0	0.0	0.0	0.0	7.075202203364674	4.2161080537425155	3.7623769726796814	0.0	6.813810832805595	5.522328043449716	6.2203358325184475	6.768375561479445
68346	0.0	0.0	0.0	0.0	0.0	0.0	0.0	0.0	0.0	0.0	0.0	0.0	0.0	0.0	0.0	0.0	0.0	0.0	0.0	0.0
33417	0.0	0.0	0.0	0.0	0.0	0.0	0.0	0.0	0.0	0.0	0.0	0.0	0.0	0.0	0.0	5.2971402033750214	0.0	0.0	0.0	0.0
671	0.0	0.0	5.414967465954268	0.0	8.250620082174692	0.0	5.690908712861778	5.778889947143006	7.162482247564769	2.8844209694401877	5.322529478345597	0.0	0.0	0.0	0.0	0.0	0.0	0.0	5.074392259899007	0.0
3550	0.0	5.585459005845591	4.923858572778529	0.0	4.97409427970267	7.994632311431825	0.0	0.0	4.832600498133317	2.4898254988595965	4.906475243542677	0.0	0.0	0.0	0.0	0.0	6.838813425300444	0.0	0.0	6.081184374017005
1797	0.0	0.0	0.0	0.0	0.0	0.0	0.0	0.0	0.0	0.0	0.0	0.0	0.0	0.0	0.0	0.0	4.302661912474498	0.0	0.0	8.348752417683762
54725	3.446317816942625	5.703271139451252	7.798112628829788	3.0546237913821828	4.970882689338044	3.0602707946915624	4.820281565605037	2.795998417648185	2.1972245773362196	0.0	2.719908464410868	0.0	1.6094379124341003	1.252762968495368	5.150397236471415	2.9444389791664407	5.204006687076795	0.0	5.167377032981127	6.904611785350187
41469	0.0	0.0	0.0	0.0	0.0	0.0	0.0	0.0	0.0	7.7354333524996886	0.0	0.0	0.0	0.0	0.0	0.0	0.0	0.0	0.0	0.0
8934	0.0	0.0	0.0	0.0	0.0	0.0	0.0	0.0	0.0	0.0	0.0	0.0	0.0	0.0	0.0	0.0	0.0	0.0	0.0	0.0
2299	0.0	5.437137293272263	0.0	4.517066743195819	0.0	4.511591839028525	6.390393367721883	0.0	0.0	5.448292678338774	0.0	4.635315379951762	0.0	0.0	5.0512429706909	0.0	0.0	0.0	0.0	5.190752673827343
32759	9.905360796917808	8.646113971483077	0.0	5.005962020761834	0.0	5.019288966763855	0.0	5.1151373231765	0.0	5.198497031265826	2.0794415416798357	0.0	6.218670147472316	7.6838639802564295	9.7902628618215	5.000095139681622	0.9808292530117262	5.797739345045401	5.395007693931669	4.21582445975981
3000	0.0	3.1883634739493134	0.0	0.0	0.0	0.0	0.0	0.0	0.0	0.0	0.0	0.0	0.0	0.0	0.0	0.0	0.0	0.0	0.0	0.0
3543	0.0	0.0	0.0	0.0	6.017312491735408	0.0	7.760999709138657	0.0	0.0	0.0	0.0	0.0	0.0	0.0	0.0	5.394763264816289	0.0	0.0	0.0	0.0
19152	0.0	0.0	0.0	5.400431329001367	0.0	0.0	0.0	5.488012658613287	6.41980413807484	6.671273163228746	4.529830686585123	0.0	0.0	0.0	6.678521793030523	0.0	7.763588041819178	0.0	0.0	0.0
3002	0.0	0.0	0.0	0.0	0.0	0.0	0.0	0.0	0.0	0.0	0.0	0.0	0.0	0.0	0.0	0.0	0.0	0.0	0.0	0.0
8199	0.0	0.0	0.0	0.0	0.0	5.328466415510574	0.0	5.34393897517133	5.637990432783416	0.0	0.0	0.0	0.0	0.0	0.0	4.498585951842026	0.0	4.962844630259907	0.0	3.6971782569286313
8198	6.975066887162399	0.0	0.0	0.0	0.0	0.0	0.0	0.0	0.0	0.0	4.776710579365266	0.0	5.292802185859927	5.155068582970708	0.0	0.0	6.828927269886845	3.827813679615664	0.0	7.962232220041289
48857	0.0	0.0	0.0	0.0	0.0	0.0	0.0	0.0	0.0	0.0	0.0	0.0	0.0	0.0	0.0	0.0	7.773384096054064	0.0	0.0	0.0
9052	0.0	0.0	0.0	0.0	0.0	0.0	0.0	0.0	0.0	0.0	0.0	0.0	0.0	0.0	0.0	0.0	0.0	0.0	7.59160941263049	0.0
27515	0.0	4.33729074083249	0.0	8.27450825680357	0.0	0.0	0.0	0.0	5.758844721221259	3.9847013847722734	5.952593772718989	0.0	0.0	7.243512974665481	0.0	0.0	0.0	5.031945080683007	0.0	0.0
2621	0.0	0.0	0.0	0.0	0.0	0.0	0.0	0.0	0.0	0.0	0.0	0.0	0.0	0.0	0.0	0.0	0.0	5.993961427306569	0.0	0.0
3420	0.0	0.0	0.0	0.0	0.0	0.0	0.0	0.0	0.0	0.0	0.0	0.0	0.0	0.0	0.0	0.0	0.0	0.0	5.969685091140178	0.0
36016	0.0	0.0	0.0	7.358243016911767	0.0	0.0	6.816668510657729	0.0	6.811745835592366	0.0	0.0	6.450470422144176	0.0	0.0	0.0	0.0	0.0	0.0	0.0	0.0
6800	6.22963771022172	7.217004446672627	0.0	4.9082333604781745	5.185803443571665	5.480684627450744	0.0	0.0	0.0	0.0	0.0	0.0	0.0	0.0	0.0	0.0	0.0	0.0	0.0	3.512636943396364
8385	0.0	0.0	0.0	0.0	0.0	0.0	0.0	0.0	6.335548413189969	0.0	0.0	0.0	0.0	0.0	4.556639329566526	1.9459101490553135	0.0	3.9495485679924913	0.0	7.475622643115325
12685	0.0	6.437863858735015	0.0	0.0	5.579451856471271	5.355656715054618	0.0	6.227769845227098	5.461557451916817	6.274162846344838	5.133306647336456	5.854665892025833	6.870705046607869	7.528121242828872	0.0	5.962293169807702	7.023529113823654	6.042236872481405	7.288685398803274	6.844364733075524
2629	4.894478746510769	5.292742387292667	4.981892825230601	5.300071951509586	5.7353403224467785	6.069498886002062	4.829423672881343	5.95785586340602	4.820575485057828	6.011157240222932	6.504940975362474	6.19772869634089	6.780291001037783	6.57449298818328	6.858811484083353	6.46424826713094	7.011509472306449	6.436137544614512	6.997224064907332	7.8665580781334645
9227	6.609522350594169	6.359358369937927	0.0	0.0	0.0	4.800486479603268	7.798728202872002	0.0	5.5816698401624745	0.0	6.284582713828678	0.0	6.032535193399156	5.983604276215826	5.940547121922376	0.0	5.155857343179212	4.631187321775531	6.004813104005706	6.263714709179807
13376	0.0	6.570871382832523	0.0	0.0	0.0	0.0	7.118826249062078	0.0	0.0	0.0	0.0	0.0	0.0	0.0	5.781571307514113	0.0	5.151956777836852	0.0	5.570991274616896	8.839856232763264
29879	0.0	0.0	0.0	0.0	0.0	0.0	0.0	5.543222409643759	0.0	0.0	5.94672865326659	0.0	0.0	0.0	0.0	0.0	8.106313450606574	0.0	0.0	0.0
1787	0.0	6.021023349349527	0.0	0.0	0.0	0.0	0.0	4.21777014543947	0.0	0.0	0.0	0.0	0.0	0.0	0.0	0.0	0.0	5.184403350394938	8.342734330844333	0.0
1501	5.2138875394836575	5.083613749480394	0.0	0.0	0.0	0.0	0.0	0.0	0.0	0.0	0.0	6.250296940830699	0.0	0.0	0.0	0.0	0.0	0.0	8.054363765918502	0.0
2273	0.0	0.0	0.0	0.0	0.0	0.0	0.0	4.794828624160562	0.0	0.0	5.304565752982997	0.0	5.067307573194706	0.0	0.0	0.0	0.0	6.166467723094256	0.0	0.0
3320	4.710544768015786	4.110873864173311	6.494257999176709	4.669674175714701	5.201828211011435	5.858877591442655	6.441219527991892	5.864377740157934	6.323183247308735	4.51685375646265	5.746203190540153	0.0	4.3142079139081355	4.955760650894661	7.983440063006542	5.278339276441329	5.04535593281054	5.3556885794219005	6.991264387263539	3.6109028387782747
8950	5.145018707808331	5.5213272537290035	5.5138458442878076	5.680920045460496	6.002101685280749	6.036642747685847	6.069868316060651	5.490414434120005	5.012021216854988	5.492692798580818	5.638776438402778	5.637780680364779	5.4781794885129305	6.287458924353436	6.800652705823751	6.052480791079159	4.991797497796505	5.99937005598042	5.646773968579296	6.701159436746473
4947	3.9161062867613428	5.846438775057725	5.019000234150052	5.877735781779639	5.399018199745554	3.748433984870527	1.0540756708773293	5.095433522611849	2.649158683274018	0.0	6.944738907226074	0.0	6.321592401802146	6.680556078373023	6.391333670301423	0.0	0.0	0.0	7.633172556761963	5.125294128366335
4946	0.0	0.0	0.0	0.0	0.0	0.0	0.0	0.0	0.0	0.0	0.0	0.0	0.0	0.0	0.0	0.0	0.0	0.0	0.0	0.0
12506	0.0	0.0	0.0	0.0	0.0	0.0	0.0	0.0	0.0	0.0	0.0	0.0	0.0	5.334351421872525	8.571807631356116	0.0	0.0	0.0	0.0	0.0
1645	0.0	0.0	0.0	0.0	0.0	0.0	0.0	0.0	0.0	0.0	0.0	0.0	0.0	0.0	0.0	0.0	0.0	0.0	0.0	0.0
43705	0.0	0.0	0.0	0.0	0.0	0.0	0.0	0.0	0.0	0.0	0.0	0.0	0.0	0.0	0.0	0.0	0.0	0.0	0.0	0.0
11927	0.0	0.0	0.0	0.0	0.0	0.0	0.0	0.0	0.0	0.0	0.0	0.0	0.0	0.0	0.0	0.0	3.982792076316353	0.0	0.0	0.0
12400	6.175681629552146	4.937563328758572	0.0	5.463193322119582	0.0	0.0	6.957560323281433	6.226042476047855	5.327876168789581	0.0	0.0	0.0	6.007993849059193	0.0	5.963311401312508	0.0	0.0	4.941642422609305	0.0	4.710236183103593
9770	0.0	0.0	6.064950888919525	0.0	0.0	0.0	0.0	0.0	0.0	0.0	0.0	0.0	0.0	0.0	0.0	6.181461925738157	0.0	0.0	0.0	0.0
3431	0.0	0.0	2.482996429531881	0.0	0.0	7.116394144093465	0.0	0.0	6.138452126062028	7.468513271496337	4.364423647514471	0.0	0.0	6.749599909887382	0.0	0.0	0.0	0.0	6.656383381491969	6.553058227107803
40193	0.0	0.0	0.0	2.268683541318364	0.0	0.0	0.0	0.0	0.0	0.0	0.0	0.0	0.0	0.0	0.0	0.0	0.0	0.0	0.0	0.0
8374	4.826800592861268	0.0	0.0	0.0	0.0	2.980837665797504	6.0473721790462776	0.0	0.0	5.453703707876358	0.0	0.0	0.0	4.55597994179732	4.972337791182467	0.0	0.0	0.0	8.371704884667631	0.0
2277	5.682221437547124	0.0	4.504102646933489	0.0	0.0	5.601855311725553	5.3771007137831806	0.0	5.4848076145006965	0.0	0.0	0.0	0.0	0.0	0.0	0.0	8.711690324140326	6.376469430141858	4.636062705879226	0.0
10683	5.594465430173466	3.6635616461296463	3.4339872044851463	0.0	0.0	4.259152536523347	0.0	0.0	2.9692990164858357	4.770684624465665	5.618154024119355	6.501289670540389	5.6131281063880705	5.435599922911432	4.389624858114523	6.347732448178224	0.0	5.4490124570306815	4.847533975863121	7.307599254479178
6177	0.0	0.0	5.975330632572559	0.0	4.450426560973517	5.051563949594693	0.0	0.0	0.0	0.0	5.672583558049902	0.0	6.7215421922246685	0.0	0.0	0.0	0.0	0.0	7.170734738793546	0.0
792	0.0	0.0	5.475613755415241	0.0	0.0	5.9390427967045	5.445658704440385	5.05158911123778	7.635947801284883	0.0	0.0	0.0	0.0	0.0	0.0	0.0	0.0	0.0	0.0	0.0
13364	0.0	0.0	0.0	0.0	0.0	0.0	0.0	0.0	4.875197323201151	0.0	0.0	3.6635616461296463	0.0	0.0	6.142998578086734	5.919059170855906	0.0	0.0	0.0	0.0
48838	0.0	0.0	0.0	0.0	0.0	0.0	0.0	0.0	0.0	0.0	0.0	0.0	0.0	0.0	0.0	0.0	0.0	0.0	0.0	0.0
1639	0.0	0.0	0.0	0.0	0.0	0.0	0.0	0.0	0.0	0.0	0.0	0.0	0.0	0.0	0.0	0.0	0.0	0.0	0.0	0.0
993	0.0	6.524810671863308	0.0	0.0	0.0	5.785662920128653	0.0	0.0	5.584931404582822	0.0	0.0	6.1543779389544655	0.0	0.0	3.9448583144222478	5.614385809987389	0.0	0.0	0.0	0.0
41056	0.0	0.0	0.0	0.0	0.0	0.0	0.0	0.0	0.0	0.0	0.0	0.0	0.0	0.0	0.0	0.0	0.0	0.0	0.0	0.0
40098	0.0	4.835561192287687	0.0	0.0	0.0	0.0	0.0	0.0	0.0	0.0	0.0	0.0	0.0	0.0	0.0	0.0	0.0	0.0	0.0	0.0
16556	0.0	0.0	0.0	0.0	0.0	0.0	0.0	0.0	0.0	0.0	0.0	0.0	0.0	0.0	0.0	0.0	0.0	0.0	0.0	0.0
4955	0.0	0.0	0.0	0.0	0.0	0.0	0.0	0.0	0.0	0.0	0.0	0.0	0.0	0.0	0.0	0.0	0.0	0.0	0.0	0.0
39985	5.068028514403929	6.032578172117172	4.500452886277044	5.614392625520279	6.397430932314288	5.078180358588306	4.082306446684358	5.016953400387712	4.752021563333738	6.042000440622826	5.0444879647755	4.4148164574968725	6.126869184114185	6.521998106944105	5.989235388770763	5.6718405251335895	6.385242230610625	4.497103345244113	7.0172074125432164	6.967546601248959
58001	4.699081214902524	0.0	1.6094379124341003	0.0	2.4849066497880004	0.0	2.5649493574615363	2.4849066497880004	0.0	2.5649493574615363	2.811849734125242	4.982995957676322	4.965172920019499	1.8483924814931871	2.995732273553991	5.263880557351135	6.201070063036452	2.388446383600438	6.066108090103747	6.949856455000773
14428	0.0	0.9808292530117262	2.1972245773362196	0.0	0.0	0.0	0.0	0.0	0.0	0.0	0.0	0.0	0.0	3.713572066704308	0.0	0.0	0.0	0.0	0.0	0.0
39989	5.9513863235405715	0.0	2.70805020110221	0.0	6.077642243349034	4.746862630893308	0.0	3.641453214594315	5.763142888820914	6.354370040797351	0.0	3.933784497209659	5.267858159063328	5.81763172221741	4.158883083359671	3.765840495250065	5.666426688112432	5.295333480658141	3.0869016606922846	5.485414539205502
23818	6.836074637341262	0.0	0.0	0.0	0.0	0.0	4.181887712688766	0.0	5.959715848793402	0.0	6.452048954437226	5.91943134420815	0.0	0.0	0.0	0.0	0.0	0.0	0.0	0.0
2608	0.0	7.000230234448051	0.0	0.0	7.414572881350589	0.0	5.014125307734397	6.366453227995656	6.061188280996187	5.62395409904579	6.64238301654469	0.0	0.0	5.968473906941471	7.288581295213712	7.109078750621389	6.481879173613845	0.0	0.0	7.481743477705768
6125	0.0	5.995570753254077	0.0	0.0	0.0	6.1655228907317	4.280593581613266	0.0	0.0	0.0	0.0	0.0	0.0	0.0	0.0	8.846640813100485	0.0	0.0	0.0	7.83002808253384
2189	5.40795500682408	5.471632125515923	6.078145216011361	5.971261839790462	8.506334448081361	5.545931738034754	6.748117203646618	5.486448398709982	6.1267135820696055	5.183574073191895	5.9559808836261	0.0	0.0	0.0	6.278103300066422	5.057783931256612	4.948299596183363	5.61685483153237	4.853901076227455	4.910136875053062
13496	0.0	0.0	0.0	0.0	5.528476609768734	0.0	0.0	9.332115428902103	6.486489143529272	0.0	0.0	7.82773918269391	0.0	7.709756864454165	0.0	0.0	0.0	0.0	7.519692404116539	7.4821189235521155
2600	0.0	4.5512418439625355	0.0	0.0	0.0	0.0	0.0	5.112489670424794	3.2292720468421465	0.0	5.490668551330188	0.0	5.492954548631735	4.901888344956376	0.0	9.539859923169544	0.0	0.0	0.0	0.0
37667	0.0	0.0	0.0	4.623069998856135	0.0	0.0	0.0	4.168942610347405	0.0	0.0	0.0	0.0	0.0	0.0	0.0	0.0	0.0	0.0	6.089296796345017	7.680084767153298
9825	3.6237183232721493	0.0	0.0	0.0	6.68586094706836	0.0	0.0	5.388698451841715	0.0	6.978764367866853	0.0	0.0	0.0	6.763307374616264	5.796057750765372	0.0	0.0	4.541523989825897	5.1858949371337495	10.420821948214945
42840	0.0	0.0	0.0	0.0	0.0	0.0	0.0	0.0	0.0	0.0	0.0	0.0	0.0	0.0	0.0	0.0	0.0	0.0	0.0	0.0
8263	0.0	0.0	6.244174314260787	5.6507332535663855	0.0	0.0	0.0	0.0	0.0	6.061456918928017	6.015197400833016	0.0	0.0	7.080655591890569	0.0	0.0	0.0	0.0	0.0	0.0
13185	0.0	6.574365701529085	8.352607769028982	0.0	0.0	5.553730178431032	0.0	0.0	0.0	0.0	7.961798074406216	4.0420893637214155	5.153676701357398	0.0	2.668829487948929	0.0	6.367362487234535	5.298979099371758	5.221250753929271	9.149287218892852
21337	0.0	0.0	0.0	0.0	0.0	0.0	0.0	0.0	0.0	0.0	0.0	0.0	0.0	0.0	0.0	0.0	0.0	0.0	0.0	0.0
3437	0.0	0.0	0.0	0.0	0.0	0.0	0.0	0.0	0.0	0.0	0.0	0.0	0.0	0.0	0.0	0.0	0.0	0.0	0.0	0.0
8975	5.323532490689092	2.9444389791664407	0.0	3.8686549622452318	6.639068227359235	0.0	2.7444688630783434	3.091042453358316	0.0	0.0	3.0207222397065014	0.0	0.0	0.0	0.0	0.0	5.019375549154444	0.0	4.127134385045092	0.0
1770	0.0	0.0	0.0	0.0	0.0	0.0	0.0	4.884535026574614	6.6496320087719	0.0	2.5249227298395898	0.0	0.0	0.0	0.0	0.0	0.0	0.0	0.0	0.0
14337	0.0	0.0	0.0	0.0	6.192755096245193	6.231145024386549	0.0	0.0	0.0	0.0	0.0	0.0	0.0	0.0	0.0	0.0	0.0	0.0	0.0	0.0
2503	0.0	0.0	0.0	0.0	0.0	0.0	0.0	0.0	0.0	0.0	0.0	0.0	0.0	0.0	0.0	0.0	0.0	0.0	0.0	0.0
2502	0.0	0.0	0.0	0.0	4.706522680248379	0.0	0.0	0.0	0.0	6.891689072531835	0.0	0.0	0.0	0.0	0.0	0.0	0.0	0.0	4.806718004217807	0.0
33640	0.0	4.320627435827098	0.0	0.0	4.514734631947191	0.0	0.0	0.0	0.0	0.0	0.0	0.0	0.0	0.0	0.0	0.0	0.0	0.0	0.0	0.0
1565	4.338923394256375	0.0	4.811263655294937	0.0	0.0	4.569178921492768	4.180959035058872	4.460768516168681	6.04256244989033	5.3750005205718345	0.0	3.9749163542854227	0.0	5.2939642325161556	0.0	5.783232917448629	5.585349264277928	6.567399072120736	7.2281742877888036	6.554134300752787
1561	0.0	0.0	0.0	5.068843355366051	0.0	0.0	6.08528508436306	5.303208606120423	4.846962296380374	4.763394191202986	0.0	6.105114144638341	7.350944254032316	5.26738944567298	6.557796919724005	0.0	0.0	4.699776655042614	4.321404866999248	0.0
9503	0.0	0.0	0.0	0.0	5.538494057297893	0.0	5.75890177387728	6.994340698886715	0.0	0.0	0.0	0.0	5.531236032596711	0.0	0.0	0.0	0.0	6.326166388183143	0.0	5.419888849527537
11247	4.0943445622221	5.877735781779639	0.0	0.0	0.0	4.4763032226549235	0.0	0.0	4.658465195017329	4.561740628060755	0.0	0.0	0.0	4.160302530013898	0.0	0.0	4.105756048942531	3.130044611161585	4.480977598079836	0.0
6738	6.844594399954059	0.0	0.0	0.0	5.1666889240696	5.831715458448727	3.2827034591008553	0.0	0.0	0.0	0.0	3.0910424533583156	0.0	0.0	0.0	0.0	0.0	7.157920031337548	0.0	0.0
59789	0.0	0.0	0.0	0.0	0.0	0.0	5.521430516938048	0.0	0.0	0.0	0.0	0.0	0.0	0.0	0.0	4.26619481914876	0.0	0.0	0.0	4.109816964146812
43312	6.006038023525167	4.568559752209728	6.576918326596724	5.255104011048595	5.849105026963792	2.987826764681552	5.81739189177347	4.554923070126828	2.2538575896013517	4.389624858114523	3.783325741016508	4.063521293611899	3.568474170609893	4.519226492690665	4.418840607796598	5.987075879099146	6.137206359088989	7.232492259384929	4.987616776584966	6.005993269734393
61288	5.862520709858487	0.0	0.0	0.0	0.0	3.1780538303479458	0.0	0.0	5.209486152841421	0.0	0.0	0.0	0.0	0.0	0.0	0.0	6.450470422144176	4.8060681283549815	0.0	6.732210706467206
28888	0.0	0.0	0.0	0.0	0.0	0.0	0.0	8.335911094196945	0.0	0.0	1.6094379124341003	0.0	0.0	0.0	0.0	0.0	0.0	0.0	0.0	0.0
49959	0.0	0.0	0.0	3.776971470630982	6.180016653652572	4.753649618671848	6.448862652793996	0.0	3.891820298110627	0.0	4.88909520956216	2.8622008809294686	4.680861502821166	0.0	0.0	4.650602159140652	5.6507332535663855	4.832305758571839	3.6375861597263857	1.2039728043259361
9404	0.0	5.110176071425567	5.093444623064531	5.247024072160486	6.013267603831266	5.229377638495263	4.995265410173725	0.0	0.0	6.103304028863517	0.0	0.0	7.664244523783263	0.0	7.477604243197589	6.675570983015779	5.322986028585675	6.515082992672725	0.0	0.0
31888	0.0	0.0	0.0	0.0	0.0	0.0	0.0	0.0	0.0	0.0	0.0	0.0	0.0	0.0	0.0	0.0	0.0	0.0	0.0	0.0
2413	0.0	0.0	0.0	5.800252224021517	5.522735769488599	5.760523489671492	6.452479031140866	5.921258741815221	0.0	3.1996243410013623	0.0	8.08070170470295	5.361748988031871	6.2038274960603825	0.0	0.0	6.385550186051992	6.499908922696733	9.348535870727583	0.0
9684	0.0	0.0	0.0	0.0	0.0	0.0	0.0	0.0	0.0	5.123963979403259	0.0	0.0	4.8846940707384086	0.0	0.0	0.0	5.308267697401205	0.0	0.0	6.210600077024653
1654	0.0	0.0	0.0	0.0	0.0	0.0	0.0	2.597865388886468	5.704615460960093	4.558701188158457	0.0	5.202983457110877	0.0	3.41224721784874	4.853275872153497	6.192362489474872	6.515661173400355	5.333417051270381	6.384350873009287	5.963579343618447
6108	0.0	0.0	0.0	0.0	0.0	0.0	0.0	0.0	0.0	0.0	0.0	0.0	0.0	0.0	0.0	0.0	0.0	5.552959584921617	0.0	0.0
8258	0.0	0.0	0.0	0.0	0.0	0.0	0.0	0.0	0.0	0.0	0.0	0.0	0.0	0.0	0.0	0.0	0.0	0.0	0.0	0.0
3181	0.0	0.0	6.082218910376446	0.0	0.0	0.0	0.0	0.0	0.0	0.0	5.266150589028625	0.0	0.0	5.392111245834397	2.7824087684207566	0.0	0.0	0.0	0.0	0.0
24243	0.0	0.0	0.0	0.0	0.0	0.0	0.0	0.0	0.0	0.0	0.0	0.0	0.0	4.813491390337236	0.0	0.0	0.0	0.0	0.0	0.0
52713	0.0	0.0	0.0	0.0	0.0	0.0	0.0	0.0	0.0	0.0	0.0	0.0	0.0	0.0	0.0	0.0	0.0	0.0	8.96890555068972	0.0
16328	0.0	0.0	0.0	0.0	0.0	0.0	0.0	0.0	0.0	0.0	0.0	0.0	0.0	0.0	0.0	0.0	0.0	0.0	0.0	0.0
4703	0.0	0.0	0.0	0.0	0.0	0.0	0.0	0.0	5.79127114705247	6.47605801052346	0.0	0.0	0.0	5.725761381374976	0.0	0.0	0.0	0.0	7.397561535524052	4.548818710856416
46936	0.0	0.0	0.0	0.0	0.0	0.0	0.0	0.0	0.0	0.0	0.0	0.0	0.0	0.0	0.0	0.0	0.0	0.0	0.0	0.0
6244	0.0	0.0	0.0	6.034089642379236	0.0	6.1043272712928935	0.0	7.921172721587015	0.0	0.0	0.0	0.0	0.0	0.0	0.0	0.0	6.762972670479629	8.509429800798403	4.652587540903424	4.201869400709303
32500	0.0	0.0	0.0	0.0	0.0	0.0	5.486175288190701	0.0	0.0	0.0	0.0	0.0	0.0	0.0	0.0	0.0	0.0	4.235011891712072	6.42080892900609	3.915371766152006
6246	3.8598378269472082	6.458566609105542	0.0	0.0	6.139328535988518	3.023843454374056	0.0	0.0	0.0	0.0	0.0	0.0	0.0	0.0	0.0	0.0	0.0	0.0	9.006386515055114	7.149100622954064
12448	5.186707168813499	7.2015436698656785	5.119489699008338	0.0	5.148875363036667	4.836135725309781	4.964591355594849	0.0	4.3428059215206005	4.845487408291779	6.273534567586676	4.127134385045092	0.0	3.8123094930796992	0.0	3.7111838322391257	4.127134385045092	6.365324315800815	6.49627209854841	4.143134726391533
3459	0.0	0.0	0.0	0.0	0.0	0.0	0.0	0.0	0.0	0.0	0.0	0.0	0.0	0.0	0.0	0.0	0.0	0.0	7.30650012293865	0.0
12324	0.0	0.0	0.0	0.0	0.0	0.0	0.0	0.0	0.0	0.0	0.0	0.0	0.0	0.0	0.0	0.0	0.0	0.0	0.0	0.0
59161	0.0	0.0	0.0	0.0	0.0	0.0	0.0	0.0	0.0	0.0	0.0	0.0	0.0	0.0	0.0	0.0	0.0	0.0	0.0	0.0
3454	0.0	0.0	4.519466086249783	0.0	4.538290190898329	5.143080238163363	0.0	0.0	4.6491870714048655	2.9115229477415094	4.544320134538439	5.966421348488496	5.491816695347383	5.272520491604625	0.0	0.0	0.0	2.833213344056216	5.071264263902522	0.0
53736	0.0	0.0	4.23410650459726	4.373658385003365	0.0	3.2188758248682006	0.0	3.76396871186565	2.7444688630783434	0.0	4.324132656254979	5.726847747587197	5.816741213754669	2.3978952727983707	6.343988686594762	5.771441123130016	3.5115454388310208	4.959837309491084	5.825127007130943	4.257587309545491
38163	0.0	0.0	0.0	0.0	0.0	0.0	0.0	0.0	0.0	0.0	0.0	0.0	0.0	0.0	0.0	0.0	0.0	0.0	0.0	0.0
8993	0.0	0.0	0.0	0.0	0.0	0.0	0.0	0.0	0.0	0.0	0.0	0.0	0.0	0.0	0.0	0.0	0.0	0.0	0.0	0.0
3657	0.0	0.0	0.0	0.0	6.084196205947736	6.359573868672378	4.689817660048376	4.237723145067448	6.624629556461649	0.0	0.0	0.0	5.524665174091011	5.6542041616182726	0.0	3.973247822406955	4.632398915371463	4.213590874238874	0.0	0.0
42075	4.605170185988091	6.774081930800282	6.401311514678775	4.871373226762748	0.0	0.0	0.0	5.356586274672012	3.803494877774093	4.694540078093381	6.210022913442202	7.260522598089852	0.0	7.328437352895162	6.265699113231565	5.407844704535053	0.0	5.396796221192302	5.985173505059029	4.912804116184269
11060	6.5458820489921115	0.0	0.0	0.0	0.0	0.0	0.0	0.0	0.0	6.027492849397077	0.0	0.0	0.0	0.0	0.0	5.956069719987261	8.056743774975313	0.0	0.0	0.0
658	5.949681484799388	0.0	0.0	4.976734655361254	6.154024054485527	0.0	6.313073187871702	0.0	5.58724865840025	0.0	0.0	0.0	6.658978786426648	4.62439594565939	4.3436144181285306	2.875675434605968	0.0	5.74833085091727	6.264795671035862	0.0
13325	9.309585162164804	7.57095858316901	7.595749754481427	8.024088409807968	6.472869722556781	7.813995675002791	6.617402977974478	0.0	5.916324161816066	6.021826267339543	5.622394453076861	0.0	6.118616867780918	5.117993812416755	3.053739092828347	4.4502089823781485	6.1226767265158	5.961488437134544	6.3227359510788155	6.774274904162873
65629	0.0	0.0	0.0	0.0	0.0	0.0	0.0	0.0	0.0	0.0	0.0	0.0	0.0	0.0	0.0	0.0	0.0	0.0	0.0	0.0
9278	6.1044322283768615	6.8918388483576525	6.40675274754941	2.8717541988800943	6.336675927353209	0.0	0.0	5.145342532555052	5.2813341864513035	0.0	6.112581315100476	0.0	6.081106498013524	0.0	6.025949003309287	0.0	5.834855761586413	6.5221782803512065	6.149054751554785	6.825910700737175
6132	0.0	0.0	0.0	0.0	0.0	0.0	5.7899601708972535	0.0	0.0	0.0	0.0	0.0	0.0	0.0	0.0	0.0	0.0	0.0	0.0	6.417140695832277
56830	0.0	0.0	0.0	0.0	0.0	0.0	0.0	0.0	0.0	0.0	0.0	0.0	0.0	0.0	0.0	0.0	0.0	0.0	0.0	0.0
21081	0.0	0.0	0.0	0.0	0.0	0.0	0.0	0.0	0.0	0.0	0.0	0.0	0.0	0.0	0.0	6.5799454154395765	0.0	0.0	6.15305958054854	0.0
1736	4.907388944130765	0.0	4.771877674751858	5.173680873531788	5.480844127133754	0.0	6.661854740545311	0.0	0.0	0.0	0.0	5.434879108357652	0.0	0.0	0.0	5.798738185407784	0.0	4.734811484953132	3.260136661136426	0.0
25622	0.0	0.0	0.0	0.0	0.0	0.0	0.0	0.0	0.0	0.0	0.0	0.0	0.0	0.0	0.0	0.0	0.0	0.0	0.0	0.0
9834	0.0	0.0	0.0	0.0	0.0	4.211304213723279	0.0	0.0	0.0	0.0	7.145196134997171	0.0	0.0	0.0	5.777652323222656	0.0	0.0	5.640724338689064	0.0	0.0
6233	0.0	5.265385953441035	4.528375649140479	7.311218384419628	5.222698593907133	0.0	6.055005925662471	5.257124886988661	4.351889540253643	5.589633273242128	5.799636200074614	0.0	5.500077583834496	5.425627181539497	0.0	0.0	0.0	0.0	7.614805364711073	4.36465463429421
4911	0.0	0.0	0.0	0.0	0.0	0.0	0.0	0.0	0.0	0.0	0.0	0.0	0.0	0.0	0.0	0.0	0.0	0.0	0.0	0.0
21089	5.5420730152638455	5.169802214936476	3.179786934336189	6.036478017826705	5.058648972044013	4.570935263559274	2.2669565407458814	5.62601704086004	2.6699429635076255	6.120536807586619	4.690945790655992	3.859781256396005	5.206740968595645	5.4228385896094995	6.507592708422706	6.14947300168227	5.389459886373428	6.559215814793636	6.935742022815843	6.584439744092254
12539	0.0	0.0	0.0	0.0	0.0	0.0	0.0	0.0	0.0	0.0	0.0	0.0	0.0	0.0	0.0	0.0	0.0	0.0	0.0	0.0
42959	0.0	0.0	0.0	0.0	0.0	0.0	0.0	0.0	0.0	0.0	0.0	0.0	0.0	0.0	0.0	0.0	0.0	0.0	0.0	0.0
59466	0.0	0.0	0.0	0.0	0.0	0.0	0.0	3.901000504415065	0.0	0.0	4.48863636973214	3.9318256327243257	0.0	0.0	0.0	0.0	0.0	0.0	3.1427144639026365	0.0
11167	0.0	0.0	0.0	0.0	9.114710140960932	0.0	0.0	0.0	0.0	0.0	0.0	0.0	0.0	5.782278541142706	0.0	0.0	0.0	0.0	0.0	0.0
1674	6.059291794871917	5.86938551417715	6.785905744629517	3.4003581253027475	0.0	0.0	0.0	7.231287004327616	0.0	5.475232091020593	6.137919122114709	6.981760775319	0.0	5.776416468530009	0.0	0.0	5.92336413440405	0.0	0.0	0.0
-1	5.949099175636258	6.027402955047513	6.112334418351721	6.267214487950261	6.143592699556408	6.126904492772079	6.000165418054206	5.830028460264706	5.891872262450289	5.968668335607334	5.7142276537993935	5.770921675546062	5.711438335647829	5.862342086373874	5.794223674666311	6.020025788003879	6.001000131812244	7.23626314750668	8.10628457283435	7.399969990359943
12431	7.034500527591085	5.8822259016703855	6.495041886197619	0.0	0.0	6.417548942418882	5.7359661562857625	6.8308742346461795	4.45143608604605	0.0	0.0	0.0	4.791649752930709	5.71435549877434	0.0	0.0	0.0	6.7044158567880725	7.878125289598913	7.642772827554156
9138	0.0	0.0	0.0	0.0	0.0	0.0	0.0	0.0	0.0	0.0	0.0	0.0	7.526178913346146	0.0	0.0	0.0	0.0	0.0	0.0	0.0
9517	0.0	0.0	0.0	0.0	0.0	0.0	0.0	0.0	0.0	0.0	0.0	0.0	0.0	0.0	0.0	0.0	0.0	0.0	0.0	0.0
6913	0.0	0.0	0.0	0.0	0.0	0.0	0.0	0.0	0.0	0.0	0.0	5.539300835990577	7.332369205929062	0.0	0.0	4.718435661213743	2.1400661634962708	0.0	0.0	4.995760661684838
21347	0.0	0.0	0.0	0.0	0.0	0.0	0.0	0.0	0.0	0.0	0.0	0.0	0.0	0.0	0.0	0.0	0.0	0.0	0.0	0.0
10206	0.0	0.0	0.0	6.174179397844193	0.0	0.0	0.0	5.584320679297923	0.0	6.0740684030891	5.718295316852467	0.0	0.0	0.0	4.19024253848492	0.0	0.0	0.0	0.0	8.938662873666118
12478	0.0	0.0	0.0	0.0	0.0	0.0	0.0	0.0	0.0	0.0	0.0	2.912989846483937	6.918200536843676	0.0	0.0	0.0	0.0	0.0	0.0	0.0
1478	5.303687536722631	5.031120090296061	5.563423839231012	7.115842860991316	0.0	4.897658941106766	5.036850488203566	5.082926798357133	7.8868329989550565	5.93836572931158	6.316013744534544	4.662710924008957	0.0	5.743911393761206	5.658829969781095	5.893686620875249	6.087880663216671	5.587715773361415	5.768254641933668	5.998786301391288
4491	0.0	0.0	0.0	0.0	0.0	0.0	0.0	0.0	0.0	0.0	0.0	0.0	0.0	0.0	0.0	0.0	0.0	0.0	0.0	0.0
6621	0.0	0.0	0.0	0.0	0.0	0.0	0.0	0.0	0.0	0.0	0.0	0.0	0.0	0.0	0.0	0.0	0.0	0.0	0.0	0.0
6204	0.0	0.0	0.0	0.0	0.0	0.0	0.0	0.0	0.0	0.0	6.0012978868184685	0.0	0.0	0.0	0.0	0.0	0.0	0.0	0.0	0.0
4392	0.0	6.005120873555468	5.342921199019425	5.363966487175406	5.6297109230067415	6.027613348845327	0.0	5.686200050610043	6.466617998224849	5.975183101914216	5.816884149123092	5.788247016834613	7.099685056567911	6.536601819562222	5.982770301009181	6.040973498276226	5.535082431968314	7.693177735651253	6.512822757406584	6.393732983440176
32972	0.0	0.0	0.0	0.0	0.0	0.0	0.0	0.0	0.0	0.0	0.0	0.0	0.0	0.0	0.0	0.0	0.0	0.0	0.0	0.0
12338	0.0	0.0	0.0	0.0	0.0	0.0	0.0	0.0	0.0	0.0	0.0	0.0	0.0	0.0	5.7060010438699	6.204147432015232	0.0	0.0	0.0	0.0
15623	0.0	7.737616282857904	0.0	2.8673695730259103	3.780560794765119	4.23410650459726	0.0	8.411610428841172	6.577816194028208	4.772801027372043	5.228367265581751	5.957011999660219	1.845826690498331	3.9889840465642745	6.728628613084702	6.526543963748883	7.27655640271871	5.252796851246227	6.674561391814426	4.550560283490144
62779	0.0	0.0	0.0	0.0	0.0	0.0	0.0	0.0	0.0	0.0	0.0	0.0	0.0	0.0	0.0	0.0	0.0	0.0	0.0	5.118848878736489
2439	0.0	0.0	0.0	0.0	0.0	0.0	0.0	0.0	0.0	0.0	0.0	0.0	0.0	0.0	0.0	0.0	0.0	6.71455901016359	0.0	4.891648526726664
37815	0.0	0.0	0.0	0.0	0.0	0.0	7.888334500738653	0.0	0.0	0.0	0.0	0.0	7.618161469287441	0.0	8.318010277546872	4.477336814478207	0.0	0.0	0.0	5.281268088162667
30031	0.0	0.0	0.0	0.0	0.0	0.0	0.0	0.0	0.0	0.0	0.0	0.0	0.0	0.0	0.0	0.0	0.0	0.0	0.0	0.0
3926	0.0	0.0	0.0	0.0	0.0	0.0	0.0	0.0	0.0	0.0	0.0	0.0	0.0	0.0	0.0	0.0	0.0	0.0	0.0	0.0
30619	0.0	0.0	0.0	0.0	0.0	0.0	0.0	0.0	0.0	0.0	0.0	0.0	0.0	0.0	0.0	0.0	0.0	0.0	0.0	0.0
12019	0.0	0.0	0.0	0.0	0.0	0.0	0.0	0.0	0.0	0.0	0.0	0.0	0.0	0.0	0.0	0.0	0.0	0.0	0.0	0.0
42777	5.751431893113476	8.522777569710138	2.4423470353692043	3.3854768868675533	2.987826764681552	1.3862943611198906	1.4255553730053516	3.0910424533583156	4.492374691842747	5.6065262404708625	3.10395015758583	3.585667326765763	1.0986122886681098	4.388592574567566	3.0874136142051736	0.0	6.129062438254768	5.23284116247776	7.317000628948295	5.80853462035008
2329	0.0	0.0	0.0	1.0986122886681098	0.0	3.298478875467168	0.0	5.262690188904886	5.711921920116697	5.722045969216317	2.995732273553991	0.0	6.120475396385489	5.062595033026967	0.0	0.0	6.013715156042802	5.731271534876537	7.0192966537150445	7.383238507564874
5745	0.0	0.0	0.0	0.0	0.0	0.0	0.0	0.0	0.0	0.0	0.0	0.0	0.0	0.0	0.0	0.0	0.0	0.0	0.0	0.0
32986	0.0	0.0	0.0	0.0	0.0	0.0	0.0	0.0	0.0	0.0	0.0	0.0	0.0	0.0	0.0	0.0	0.0	0.0	0.0	0.0
2321	7.887703566407309	6.588926477533519	0.0	5.570004366333821	0.0	0.0	6.633318433280377	4.698363638056125	8.32069157104845	0.0	6.221580696325738	5.77338003074736	0.0	7.16779128455742	6.2557064223275605	5.8753464601536	5.274864218549155	6.087797697829794	6.110971903338589	6.8890739691993765
3091	0.0	0.0	0.0	0.0	0.0	0.0	0.0	0.0	0.0	0.0	0.0	0.0	0.0	0.0	0.0	0.0	0.0	0.0	0.0	0.0
22	3.4011973816621555	3.269557294409684	3.4011973816621555	3.7495040759303713	5.015962357562285	4.386184644822546	6.379138918411832	6.7069827417151915	7.215386802415123	7.333603110384983	0.0	6.797901819435111	6.118707403746562	6.459029804309508	5.807436184335486	7.713170044061291	7.846089437732248	7.950149887652018	7.178551014711072	5.382860955171343
1589	0.0	0.0	0.0	3.4192643250280983	3.881510654509259	4.808336572506759	0.0	0.0	0.0	0.0	0.0	0.0	0.0	0.0	0.0	0.0	0.0	0.0	7.003455939880093	5.0510572085951715
4117	0.0	0.0	6.201575523000255	7.1790792848211	0.0	5.029266794480589	0.0	0.0	5.457030064944011	0.0	6.475020499099852	5.2796824969607945	7.459314593651712	0.0	0.0	5.111124602987529	7.30081036701362	0.0	6.85649342404934	6.036388680577767
28	0.0	0.0	0.0	0.0	0.0	0.0	5.120983351265121	0.0	0.0	0.0	0.0	3.4075265167138027	0.0	4.129023107162416	0.0	3.258096538021482	0.0	0.0	0.0	6.365845447711092
22283	4.906781412727926	0.0	4.358843299218225	0.0	4.844187086458591	0.0	1.3862943611198906	0.0	0.0	8.105911197986508	5.473870034268296	0.0	0.0	0.0	0.0	0.0	4.171487496809185	0.0	7.411165365486714	0.6931471805599453
1584	0.0	0.0	0.0	4.890638270915686	0.0	0.0	3.7123559075236847	6.307387682029912	0.0	0.0	0.0	0.0	0.0	0.0	0.0	0.0	0.0	2.563113676564237	0.0	0.0
6609	0.0	0.0	3.6375861597263857	0.0	6.142122515472622	5.4876144693612305	6.982862751468942	0.0	0.0	0.0	0.0	0.0	4.8047893633114	0.0	6.595780513961311	0.0	0.0	0.0	0.0	5.382695144012095
4605	7.75038038225208	0.0	0.0	0.0	0.0	0.0	0.0	0.0	0.0	0.0	0.0	0.0	0.0	0.0	0.0	0.0	0.0	0.0	0.0	0.0
60609	0.0	0.0	0.0	0.0	0.0	0.0	0.0	0.0	0.0	0.0	0.0	0.0	0.0	0.0	0.0	0.0	2.3513752571634776	0.0	0.0	0.0
10474	0.0	0.0	5.520685723840318	0.0	5.6070698582986225	0.0	0.0	0.0	6.55250788703459	0.0	6.440946540632921	0.0	0.0	4.774068722449905	0.0	0.0	0.0	0.0	6.843483388961997	0.0
7073	0.0	0.0	4.826979514289165	0.0	5.325665313969984	0.0	0.0	0.0	5.813533431283695	0.0	0.0	0.0	0.0	0.0	0.0	2.9315355743305327	0.0	0.0	0.0	0.0
3914	0.0	7.494072610974909	4.816241156068032	0.0	0.0	0.0	0.0	0.0	0.0	0.0	0.0	0.0	0.0	0.0	0.0	0.0	7.5352967024440884	0.0	0.0	5.523458920524919
65654	0.0	0.0	0.0	0.0	0.0	0.0	0.0	0.0	0.0	0.0	0.0	0.0	0.0	0.0	0.0	0.0	0.0	0.0	0.0	0.0
2331	0.0	0.0	0.0	3.9367156180185177	0.0	5.079805927560389	0.0	4.830807848869692	6.160361389384356	0.0	5.966146739123692	0.0	0.0	0.0	0.0	1.0986122886681098	6.426339564984639	0.0	0.0	0.0
7075	6.739748296375151	4.142041737895089	0.0	6.24060347397622	2.832867203509336	4.420907298708626	5.31441380793968	0.0	0.0	5.443859671838695	5.194689954878454	5.356586274672012	4.910614496316011	5.335350373731425	5.84354441703136	4.092177188550664	8.183594935263713	5.33685103055028	5.030437921392435	3.8122026701459353
30996	5.065572287149287	5.40042258948519	0.0	0.0	0.0	0.0	0.0	0.0	0.0	0.0	0.0	0.0	0.0	0.0	0.0	0.0	1.0986122886681098	0.0	0.0	0.0
23124	0.0	0.0	0.0	0.0	0.0	0.0	0.0	0.0	0.0	0.0	0.0	0.0	0.0	0.0	0.0	0.0	0.0	0.0	0.0	0.0
56640	0.0	5.220355825078324	0.0	0.0	0.0	0.0	0.0	0.0	0.0	0.0	0.0	0.0	0.0	0.0	4.462425621052213	0.0	0.0	0.0	0.0	0.0
32999	0.0	6.093569770045136	0.0	0.0	0.0	0.0	0.0	0.0	0.0	0.0	0.0	0.0	0.0	4.540009055146304	0.0	0.0	0.0	7.052595815541111	4.921847250242182	0.0
11340	0.0	0.0	0.0	0.0	0.0	0.0	0.0	0.0	0.0	0.0	0.0	0.0	0.0	0.0	0.0	0.0	0.0	0.0	0.0	0.0
28642	0.0	0.0	0.0	0.0	0.0	0.0	0.0	0.0	0.0	0.0	0.0	0.0	0.0	0.0	0.0	0.0	0.0	0.0	0.0	0.0
22153	3.8506283573818356	4.330733340286331	0.0	5.160659200293863	0.0	0.0	5.702280034563191	0.0	0.0	0.0	0.0	0.0	5.053294158009429	5.730708897329953	4.759641918571144	4.465908118654584	0.0	7.00850518208228	0.0	4.749411365680662
35483	0.0	0.0	0.0	0.0	0.0	0.0	0.0	5.541240011190965	8.142645185942795	0.0	0.0	0.0	0.0	0.0	0.0	0.0	0.0	0.0	0.0	0.0
5611	0.0	0.0	0.0	0.0	0.0	0.0	8.39728289474368	0.0	0.0	3.4800559565744753	5.302963116048514	0.0	5.134493556221377	5.325775943020943	0.0	0.0	0.0	0.0	0.0	6.221990146909152
1071	0.0	3.542915888934618	0.0	0.0	0.0	0.0	0.0	0.0	0.0	0.0	0.0	0.0	0.0	0.0	0.0	0.0	0.0	0.0	0.0	0.0
9884	0.0	0.0	0.0	4.3058760504727065	6.982465339281919	5.000095139681622	4.803530927161481	5.760316720661109	6.848957752319052	0.0	4.958330140298134	6.250756416073595	5.5200369459153915	5.636834425149979	5.6923213838300954	4.804021044733257	2.70805020110221	0.0	0.0	6.63432050229905
4370	0.0	0.0	0.0	0.0	0.0	0.0	0.0	0.0	0.0	0.0	0.0	0.0	0.0	0.0	0.0	0.0	0.0	0.0	0.0	0.0
15406	0.0	0.0	0.0	0.0	0.0	0.0	0.0	0.0	0.0	0.0	0.0	0.0	0.0	0.0	0.0	0.0	0.0	6.173009698030848	0.0	0.0
2598	0.0	5.373197607673592	0.0	0.0	0.0	0.0	5.198497031265826	0.0	5.725625502578653	4.191909360448072	0.0	0.0	0.0	0.0	0.0	7.129297548929373	0.0	0.0	0.0	0.0
1992	0.0	0.0	0.0	0.0	5.082605990675761	5.780310789878714	4.8378551420335825	6.003887067106539	4.890924112146962	7.215239978730097	6.856461984594587	6.038949105802735	5.351027671551022	3.1054016744362047	0.0	0.0	0.0	0.0	0.0	0.0
1993	0.0	0.0	2.9444389791664407	0.0	0.0	7.382124365737512	5.973809611869261	5.277304207592296	0.0	6.026679965780207	0.0	6.173265134887809	6.156934176236689	7.289469004922578	6.714255416150739	5.803085300856401	6.3325181101437575	6.943224839309888	8.038996087141975	0.0
55524	6.656376351991148	4.182050142641207	0.0	0.0	0.0	0.0	0.0	0.0	0.0	0.0	0.0	0.0	0.0	0.0	0.0	0.0	0.0	0.0	0.0	0.0
61517	0.0	0.0	0.0	0.0	0.0	0.0	0.0	0.0	0.0	0.0	0.0	0.0	0.0	0.0	0.0	0.0	0.0	0.0	0.0	0.0
7180	5.174461719601963	0.0	5.82452409235233	7.422971251049421	0.0	0.0	0.0	0.0	5.382198850528739	0.0	0.0	0.0	0.0	0.0	5.843643232755065	0.0	0.0	0.0	0.0	0.0
18079	0.0	0.0	0.0	0.0	0.0	0.0	0.0	0.0	0.0	0.0	0.0	0.0	0.0	0.0	0.0	0.0	0.0	0.0	0.0	0.0
55663	0.0	0.0	0.0	0.0	0.0	0.0	0.0	0.0	0.0	0.0	4.784578026112371	6.505784060128229	5.158582500362821	0.0	5.488937726156687	3.5263605246161616	6.773080375655535	5.2207715390730876	0.0	0.0
10310	0.0	0.0	0.0	0.0	0.0	5.367470983227612	0.0	0.0	0.0	0.0	0.0	0.0	0.0	0.0	0.0	7.494244806669117	0.0	0.0	7.318318480809733	0.0
1466	4.031562950734427	4.909438052836264	4.633959397560689	5.0113332466950915	4.4754586528766875	4.912152862497948	4.899019143383039	4.855775521354506	5.96255053694334	6.083305731557254	5.701197045333587	5.593852528365287	6.640291118147946	5.885275684197012	5.891069282127474	6.84432465566053	5.677461077235819	4.730106881230343	6.697174656758034	6.922185802680275
12106	0.0	0.0	0.0	0.0	0.0	0.0	0.0	0.0	0.0	0.0	3.828641396489095	0.0	4.574710978503383	0.0	0.0	0.0	0.0	0.0	0.0	0.0
5898	0.0	0.0	0.0	0.0	0.0	0.0	0.0	0.0	0.0	0.0	0.0	0.0	0.0	0.0	0.0	0.0	0.0	0.0	0.0	0.0
1463	0.0	0.0	0.0	0.0	0.0	0.0	0.0	0.0	0.0	6.397020017420697	5.303136273993396	6.604846759199065	0.0	7.959101241849157	0.0	0.0	0.0	2.6646398614575015	0.0	0.0
5629	0.0	0.0	0.0	0.0	0.0	0.0	0.0	0.0	0.0	0.0	0.0	0.0	0.0	0.0	0.0	0.0	0.0	0.0	0.0	0.0
36099	0.0	0.0	0.0	0.0	0.0	0.0	0.0	0.0	0.0	0.0	0.0	0.0	0.0	0.0	0.0	0.0	0.0	0.0	0.0	0.0
2304	0.0	0.0	0.0	0.0	0.0	0.0	0.0	0.0	0.0	0.0	5.433841170908669	0.0	0.0	3.8946107063162945	0.0	8.236685322712457	0.0	0.0	5.38632824387075	6.550742615684979
37961	0.0	0.0	0.0	0.0	0.0	0.0	0.0	0.0	0.0	0.0	0.0	0.0	0.0	0.0	0.0	0.0	0.0	0.0	0.0	0.0
4381	0.0	0.0	0.0	0.0	0.0	0.0	0.0	0.0	0.0	0.0	0.0	0.0	0.0	0.0	0.0	0.0	0.0	0.0	0.0	0.0
34017	0.0	0.0	0.0	0.0	0.0	0.0	0.0	0.0	0.0	0.0	0.0	0.0	0.0	0.0	0.0	0.0	0.0	0.0	0.0	0.0
23108	0.0	0.0	0.0	0.0	0.0	0.0	0.0	0.0	0.0	0.0	0.0	0.0	0.0	0.0	0.0	0.0	0.0	0.0	0.0	0.0
4629	1.5993365587753408	4.04305126783455	5.455961935629551	4.3694478524670215	0.0	6.5210565266328295	6.729322797986628	5.556828061699537	0.0	5.3707100808477755	0.0	1.0986122886681098	5.9151352294972375	6.775366090936392	4.468204330914934	1.6094379124341003	8.159660737063376	0.6931471805599453	6.065236236047265	8.479550913023585
7192	0.0	0.0	0.0	0.0	0.0	0.0	0.0	0.0	0.0	0.0	0.0	0.0	0.0	0.0	0.0	0.0	0.0	0.0	0.0	0.0
35088	0.0	0.0	0.0	0.0	0.0	0.0	0.0	0.0	0.0	0.0	0.0	0.0	0.0	0.0	0.0	0.0	0.0	0.0	0.0	0.0
7056	0.0	0.0	0.0	0.0	0.0	0.0	0.0	0.0	0.0	0.0	0.0	0.0	0.0	0.0	0.0	0.0	0.0	0.0	0.0	0.0
74414	0.0	0.0	0.0	0.0	0.0	0.0	0.0	0.0	0.0	0.0	0.0	0.0	0.0	0.0	0.0	0.0	0.0	0.0	0.0	0.0
9071	0.0	0.0	0.0	0.0	0.0	0.0	0.0	0.0	0.0	0.0	0.0	0.0	0.0	0.0	0.0	0.0	0.0	0.0	0.0	0.0
12156	5.083177415094348	7.001179434306322	0.0	6.017781855425356	6.2285110035911835	0.0	4.657447507888303	4.458608765342022	0.0	0.0	0.0	5.017322096470899	5.5909869805108565	4.8666773944916315	0.0	0.0	0.0	5.640001447441242	5.615427629194216	0.0
25070	0.0	0.0	0.0	0.0	0.0	0.0	0.0	0.0	0.0	0.0	0.0	0.0	0.0	0.0	0.0	0.0	0.0	0.0	0.0	0.0
7645	0.0	0.0	0.0	0.0	0.0	0.0	0.0	0.0	0.0	0.0	0.0	0.0	0.0	0.0	0.0	0.0	6.921575997999449	0.0	0.0	0.0
48470	0.0	0.0	0.0	0.0	0.0	0.0	0.0	0.0	0.0	0.0	0.0	0.0	0.0	0.0	0.0	0.0	0.0	0.0	0.0	0.0
73264	0.0	0.0	0.0	0.0	0.0	0.0	0.0	0.0	0.0	0.0	0.0	0.0	0.0	0.0	0.0	0.0	0.0	0.0	0.0	0.0
7783	0.0	0.0	0.0	0.0	0.0	0.0	0.0	5.490745773171872	0.0	0.0	0.0	0.0	0.0	0.0	0.0	0.0	0.0	0.0	0.0	0.0
2467	0.0	0.0	0.0	0.0	0.0	0.0	0.0	3.4820678062091224	0.0	4.611859647729548	0.0	0.0	5.426161731073506	0.0	0.0	0.0	5.447329335060991	0.0	5.778168186014597	0.0
23164	0.0	0.0	0.0	0.0	0.0	0.0	0.0	0.0	0.0	0.0	0.0	0.0	0.0	0.0	0.0	0.0	0.0	0.0	0.0	0.0
56600	0.0	0.0	0.0	0.0	0.0	0.0	0.0	0.0	0.0	0.0	0.0	0.0	0.0	0.0	0.0	0.0	0.0	0.0	0.0	0.0
3950	0.0	0.0	0.0	4.871685536081751	0.0	0.0	0.0	6.09088436920039	6.663745602020183	0.0	0.0	2.912576565395258	0.0	0.0	0.0	0.0	0.0	0.0	6.719315041180005	0.0
18316	4.392197217069365	4.804700075999154	0.0	0.0	0.0	0.0	0.0	0.0	0.0	0.0	0.0	3.3603753871419	0.0	6.147936393275038	0.0	0.0	4.348432917385732	2.833213344056216	5.49017662782248	0.0
65831	4.31748811353631	0.0	0.0	0.0	0.0	0.0	0.0	0.0	0.0	0.0	0.0	0.0	0.0	0.0	0.0	0.0	0.0	0.0	0.0	0.0
55514	0.0	0.0	0.0	0.0	0.0	0.0	0.0	0.0	0.0	0.0	0.0	0.0	0.0	0.0	0.0	0.0	0.0	0.0	0.0	0.0
60991	0.0	0.0	0.0	0.0	0.0	0.0	0.0	0.0	0.0	0.0	0.0	0.0	0.0	0.0	0.0	0.0	0.0	0.0	0.0	0.0
10432	3.689087744056544	0.0	0.0	0.0	0.0	0.0	0.0	0.0	0.0	0.0	4.981347423547958	0.0	0.0	0.0	0.0	0.0	4.191260271299468	0.0	9.80477157959697	4.77867321167803
4084	0.0	0.0	0.0	0.0	0.0	0.0	0.0	0.0	0.0	0.0	0.0	0.0	0.0	0.0	0.0	0.0	0.0	0.0	0.0	0.0
64706	0.0	0.0	0.0	0.0	0.0	0.0	0.0	0.0	0.0	0.0	0.0	0.0	0.0	0.0	0.0	0.0	0.0	0.0	0.0	0.0
2561	5.7276824495693015	5.616999046242434	5.810629442082501	5.43325537380544	5.7398971559717396	5.638138558248939	6.166350090721429	5.807309811068265	5.1629006706819895	5.6253323350357824	6.006212486198283	5.658961183921326	5.937761323146404	5.7777120607355625	5.347327458330475	4.182492305252779	5.729619102582086	5.936288435024569	6.723460315677769	7.0807931072023615
2359	3.9889840465642745	5.429345628954441	7.010311867307229	6.019095057226938	5.090218936565379	6.847029149466753	5.44608962730048	6.2324480165505225	7.814515922565825	0.0	0.0	0.0	6.416784315387416	5.416053860795953	6.7557788296134955	3.9975762078277537	6.383348800806443	6.166026749994352	2.5651092679120255	5.833095525244058
17621	0.0	0.0	0.0	6.799796130222097	0.0	0.0	0.0	0.0	0.0	0.0	0.0	0.0	4.977595440018056	0.0	0.0	0.0	0.0	0.0	0.0	0.0
3607	0.0	0.0	0.0	0.0	0.0	0.0	0.0	0.0	0.0	0.0	0.0	0.0	0.0	0.0	0.0	0.0	0.0	4.132377160832048	0.0	0.0
58	2.3513752571634776	0.0	4.879544974558547	6.004225900775546	6.258409271395447	6.092750902862644	5.95391666123809	5.675771862036649	5.949434074136104	5.863268696666292	5.7439629398004985	5.837436856801358	6.047670286321351	5.755166006213647	5.984553910445644	7.414034423008634	7.203983576090669	6.044212818511928	6.696568822090401	8.08663464770582
3505	4.169245870395218	0.0	0.0	0.0	0.0	3.7898553714539385	3.5771341134862853	4.337432867494351	0.0	2.3025850929940455	3.6109179126442243	0.0	4.04305126783455	0.0	4.695924549256556	5.571393286610456	7.655390644826152	7.618582385193928	8.62155320674048	7.882616760214072
11101	6.167045259949553	0.0	1.732867951399863	0.0	4.436232904191297	0.0	0.0	6.298902120913861	0.0	0.0	0.0	2.1972245773362196	0.0	6.2573421653689065	6.597513617949555	3.4965075614664802	5.52787768820354	0.0	4.838868126729009	5.43415858945945
13647	5.806731843355397	5.910250970640483	6.510362908373132	2.745772506033574	5.345523805400726	6.654479038597563	4.750744767938144	6.780448346950122	7.437010038216495	5.899542861635184	5.651402510350083	6.927705712188131	5.857748696039152	7.322958438792712	7.537104130989728	5.689939406422409	0.0	6.596668313473027	0.0	8.457933427254737
32063	4.9897381905283495	5.853933732280781	6.120335707027394	7.466513556503431	5.429345628954441	4.620058798481842	6.139884552226255	6.312070499022997	0.0	4.405467682645312	6.857046608990075	7.235448684943737	6.976348070447749	0.0	5.572154032177765	4.907740870933623	6.45833828334479	5.311625016892673	0.0	5.892787030927941
24518	0.0	0.0	0.0	0.0	4.509288414284809	4.865962149763167	4.751432692966343	0.0	0.0	0.0	0.0	0.0	0.0	0.0	0.0	0.0	0.0	0.0	0.0	5.441134219249816
4271	0.0	0.0	5.210772875416114	4.954557683122823	0.0	0.0	0.0	0.0	0.0	0.0	0.0	0.0	5.819588248175566	0.0	8.391221642163394	0.0	4.99234367146612	5.865949388816135	7.852910828018431	0.0
7768	0.0	0.0	0.0	0.0	0.0	0.0	0.0	0.0	0.0	0.0	0.0	0.0	0.0	0.0	0.0	3.90756721266656	0.0	0.0	0.0	8.442839035115531
28400	0.0	0.0	5.106608486828979	6.454524481750728	0.0	4.370677756865227	0.0	0.0	0.0	0.0	0.0	0.0	4.922379637606183	5.494882205460499	0.0	4.592921563911892	7.00669522683704	7.433666540166168	0.0	8.889790695898785
4276	0.0	0.0	0.0	0.0	0.0	0.0	0.0	0.0	0.0	0.0	0.0	0.0	0.0	0.0	0.0	0.0	5.461710913456472	0.0	0.0	0.0
7083	0.0	0.0	0.0	0.0	0.0	0.0	0.0	0.0	5.048404939189414	0.0	0.0	0.0	4.888198589758526	0.0	0.0	0.0	0.0	0.0	7.279667861406999	6.665859062219749
10260	0.0	0.0	0.0	0.0	0.0	0.0	0.0	0.0	0.0	0.0	0.0	0.0	0.0	0.0	0.0	9.818528613308937	0.0	0.0	0.0	0.0
2555	0.0	0.0	0.0	0.0	0.0	0.0	0.0	0.0	0.0	0.0	0.0	0.0	4.352119557505951	4.709607975746344	0.0	0.0	5.203548706761944	0.0	0.0	0.0
7854	0.0	0.0	0.0	0.0	0.0	0.0	0.0	0.0	0.0	0.0	5.726847747587197	0.0	0.0	0.0	0.0	0.0	0.0	0.0	7.596894438144544	5.220355825078324
48	5.992678324272826	6.512650832280599	5.484163236267274	0.0	7.147034612205751	8.945593270806897	0.0	0.0	5.915810523772681	8.258940462988459	4.858433541289346	6.063785208687608	7.6984827878809465	5.962928059687861	0.0	7.006508330235459	5.747151593162067	6.882322041516091	9.948643378406606	6.531807790995723
24812	5.358235033508077	4.895936234716297	5.744027091051705	6.7661917146603505	0.0	6.591407015062412	5.838419523244302	5.553428134093618	0.0	0.0	0.0	5.596421143014488	5.0689042022202315	6.78617049820119	4.515766317241012	4.877215940013109	4.033774763464258	8.369620826949102	6.628041376179533	6.376276573521205
45	5.943807929106376	5.338345536803668	5.409980029098959	5.334826177198467	4.772275562399022	5.978049590155111	5.942525466233317	5.410496392143712	5.901260804794288	5.6240842921836975	6.33452462572303	4.989150868131897	5.789883091259621	6.078978951273703	5.005823708984371	6.271503396650505	7.761712149318038	9.213734605044198	7.515303011020186	9.14120463314132
74406	0.0	0.0	0.0	0.0	0.0	0.0	0.0	3.784189633918261	0.0	0.0	0.0	0.0	0.0	0.0	0.0	0.0	0.0	0.0	0.0	0.0
53516	6.040254711277414	6.356686197015181	0.0	2.4423470353692043	0.0	5.755742213586912	4.1666652238017265	5.403524123361737	4.241326752570746	3.6375861597263857	3.545246707830654	0.0	0.0	4.7303333289420975	5.505305438204218	4.595467976344175	0.0	4.647904252934808	3.0910424533583156	0.6931471805599453
7763	0.0	0.0	0.0	0.0	0.0	0.0	0.0	4.538239401436138	0.0	0.0	0.0	0.0	0.0	0.0	3.5961423298235022	6.077642243349034	0.0	0.0	0.0	0.0
32058	4.418840607796598	5.491967229095829	5.323467191673997	6.911522479946981	8.075893630298857	7.039561817550355	5.353211313655486	8.204827772466002	5.8567708622266235	6.389468492051974	5.020827009959566	4.2572480331589535	6.094807080445589	0.0	0.0	0.0	0.0	0.0	0.0	6.303232967351091
2489	4.6738667172743265	0.0	0.0	0.0	0.0	6.0014148779611505	0.0	0.0	0.0	0.0	0.0	0.0	0.0	5.933204637902011	0.0	0.0	0.0	0.0	5.824410462444816	4.3362847045303345
70677	0.0	0.0	0.0	0.0	0.0	0.0	0.0	0.0	0.0	0.0	0.0	0.0	0.0	0.0	0.0	0.0	0.0	0.0	0.0	0.0
5724	0.0	0.0	0.0	0.0	0.0	0.0	0.0	4.192596538642632	0.0	0.0	5.487028721440763	0.0	6.6904872898394006	7.831418765185705	5.629861041477954	5.606910311301596	7.9999565103181105	6.933544769231464	7.072225785801301	7.212951589662596
30776	4.454347296253507	5.1238752099563065	5.15875794565239	0.0	4.508844431984233	5.83627165770228	0.0	0.0	4.685597435100706	5.564946029801986	5.475013220275759	0.0	0.0	6.980540948707785	0.0	0.0	5.556485928280209	5.610285464879973	0.0	5.497593134870737
4721	0.0	0.0	0.0	0.0	0.0	5.739005322280367	5.814130531825066	0.0	0.0	0.0	5.87493073085203	0.0	0.0	0.0	0.0	6.183633294122761	0.0	0.0	0.0	0.0
2494	0.0	0.0	0.0	0.0	0.0	0.0	0.0	0.0	0.0	0.0	0.0	0.0	0.0	0.0	0.0	0.0	0.0	0.0	0.0	0.0
11604	5.060906745364102	5.017038765207703	4.677892846451865	6.039173671709126	0.0	5.022905976726973	7.6571252506383605	0.0	5.313205979041787	6.590301048196686	4.792054457328254	0.0	4.548599834499697	6.391917113392602	5.689796232681461	5.679990154410831	5.822792997828779	7.550485973628066	4.080427022799688	6.314187826357813
2546	0.0	0.0	0.0	0.0	0.0	0.0	0.0	0.0	0.0	0.0	0.0	0.0	0.0	0.0	0.0	0.0	0.0	0.0	0.0	0.0
7861	4.812407387120968	0.0	0.0	4.86026707199599	6.358418733723885	4.897910274013597	5.77561715264218	5.705617055300318	5.023890202375229	4.1501646323197905	0.0	4.89712378435254	0.0	5.613884101250779	5.43443529540508	5.686292004555722	6.913783936104306	5.691909394880945	6.753937990572972	6.227098234914262
22979	0.0	0.0	0.0	0.0	0.0	0.0	0.0	0.0	0.0	0.0	0.0	0.0	0.0	0.0	0.0	0.0	0.0	0.0	0.0	0.0
1293	5.835497657525945	5.464058121518382	0.0	6.202278157414736	5.40998833871375	8.508354242749034	0.0	0.0	6.325950685757565	7.259292045064746	0.0	0.0	0.0	0.0	0.0	0.0	0.0	0.0	0.0	0.0
45673	0.0	0.0	0.0	0.0	0.0	0.0	0.0	0.0	0.0	0.0	0.0	0.0	0.0	0.0	0.0	0.0	0.0	4.330733340286331	0.0	0.0
17607	0.0	0.0	7.588829878307813	0.0	6.426812029698016	0.0	0.0	0.0	0.0	0.0	0.0	0.0	0.0	0.0	0.0	0.0	0.0	0.0	0.0	0.0
1294	0.0	0.0	0.0	0.0	0.0	0.0	4.558207116972009	0.0	0.0	0.0	0.0	0.0	0.0	0.0	0.0	0.0	0.0	0.0	7.3657366203990655	6.424460540169671
20701	0.0	0.0	0.0	0.0	0.0	0.0	0.0	0.0	0.0	0.0	0.0	0.0	0.0	0.0	0.0	0.0	0.0	0.0	0.0	0.0
35235	0.0	0.0	0.0	0.0	0.0	0.0	0.0	0.0	0.0	0.0	0.0	0.0	0.0	0.0	0.0	0.0	0.0	3.1294719561211215	7.4673710669175595	3.264486336120253
26266	0.0	0.0	0.0	0.0	0.0	0.0	0.0	0.0	0.0	0.0	0.0	0.0	0.0	0.0	0.0	0.0	0.0	0.0	0.0	0.0
16850	0.0	5.192725342612755	8.005367067316664	8.38958706681109	0.0	0.0	2.639057329615259	7.453786567332732	0.0	6.686506092614008	7.293426094150012	0.0	5.374317339895827	7.613489575047554	6.210407723622995	0.0	2.2934526094307732	0.0	0.0	3.7842047077842107
17170	4.1588830833596715	6.923500146062458	5.027085529677768	5.366445592002494	6.402815047116743	5.508591665590908	6.049801513773751	5.537459464707166	5.739229284470814	5.711826261428575	5.7729108977176855	6.035051517333049	5.237770866680003	4.465908118654584	4.880938728169895	5.110705994207734	6.1535531376210795	6.0166756471215415	5.662906745503657	5.463361720206931
282	0.0	0.0	0.0	5.907716199912782	5.74232308090933	0.0	5.67875633711752	5.558114235510282	0.0	5.651622779081493	5.753737512415289	0.0	5.7417057419362525	6.566672429803241	0.0	0.0	5.512539981960261	5.356240369554632	0.0	0.0
51221	0.0	0.0	0.0	0.0	0.0	0.0	0.0	0.0	0.0	0.0	0.0	0.0	0.0	0.0	0.0	0.0	0.0	0.0	0.0	0.0
52693	0.0	0.0	0.0	0.0	0.0	0.0	0.0	0.0	0.0	0.0	0.0	0.0	0.0	0.0	0.0	0.0	0.0	0.0	0.0	0.0
5848	0.0	0.0	0.0	0.0	0.0	0.0	0.0	6.7912214627261855	0.0	0.0	0.0	0.0	0.0	0.0	0.0	0.0	0.0	0.0	0.0	0.0
8668	0.0	0.0	0.0	0.0	0.0	0.0	0.0	0.0	0.0	4.995924443579686	0.0	0.0	0.0	0.0	0.0	0.0	0.0	0.0	0.0	6.7990195239583135
10139	6.363949519172456	0.0	0.0	5.308678027954663	0.0	3.557770750236263	0.0	7.902857191280582	0.0	5.005578893357171	0.0	0.0	0.0	4.304065093204169	0.0	0.0	0.0	0.0	0.0	0.0
7808	0.0	0.0	0.0	7.3727463664043285	5.8367095180318325	6.760374621028354	6.5529060981005145	4.016866688607178	0.0	0.0	0.0	0.0	0.0	4.736261103073254	0.0	0.0	0.0	7.1999770314759495	0.0	7.121790811265619
35232	0.0	0.0	0.0	0.0	0.0	0.0	0.0	0.0	6.555356891810665	0.0	0.0	0.0	0.0	0.0	4.349560833424304	0.0	0.0	0.0	8.131824785007195	2.4423470353692043
12096	6.540754173312048	3.119162312519754	6.253828811575473	7.21857715200421	5.916153468200565	5.4116460518550396	9.014082149443356	0.0	3.561567719839257	5.760449297462282	4.763899834707733	4.605170185988091	4.189654742026425	1.791759469228055	4.2164723791987715	4.843029725876448	0.0	5.043250521841522	5.119188617225705	0.0
7801	0.0	0.0	0.0	0.0	0.0	0.0	0.0	0.0	0.0	0.0	0.0	0.0	0.0	0.0	0.0	0.0	0.0	0.0	0.0	0.0
23067	0.0	0.0	0.0	0.0	0.0	0.0	0.0	0.0	0.0	0.0	0.0	0.0	0.0	0.0	0.0	0.0	0.0	0.0	0.0	0.0
17504	8.362561055937437	0.0	0.0	0.0	4.04305126783455	0.0	0.0	0.0	0.0	4.553876891600541	0.0	0.0	0.0	0.0	6.60836535826472	0.0	5.138223343210682	0.0	6.518364169455844	7.573017256052546
1900	0.0	0.0	0.0	5.924255797414532	0.0	5.9519161206881055	0.0	0.0	0.0	0.0	0.0	0.0	6.130920985016049	0.0	0.0	0.0	0.0	0.0	0.0	0.0
6689	0.0	0.0	0.0	5.973098191708187	0.0	0.0	0.0	0.0	0.0	0.0	0.0	0.0	7.416464378776368	0.0	0.0	0.0	0.0	0.0	0.0	8.1101268019411
475	0.0	3.649034597882206	0.0	0.0	0.0	0.0	0.0	0.0	0.0	0.0	0.0	0.0	0.0	2.639057329615259	4.916840925396075	5.143316032963596	0.0	5.493513245573302	0.0	0.0
26459	8.046229101075378	4.543294782270004	0.0	0.0	0.0	5.0238805208462765	3.1780538303479453	0.0	0.0	0.0	5.250349925812305	0.0	0.0	0.0	0.0	0.0	5.817647237939945	4.004298281537317	0.0	0.0
274	6.423830175305999	6.964663380952858	7.663708200630765	5.651224041296051	5.322858206601172	6.610989652613505	5.41344454758865	5.5031959700082655	5.9493757103751	6.577367761679409	6.0896950055120485	3.3362497666112474	5.454432813331808	4.99091562765205	5.310915719909177	5.999726268546462	5.934598520181672	5.35924807690248	5.282482230894084	6.899446394738832
273	0.0	0.0	0.0	0.0	0.0	0.0	0.0	5.063749085082712	0.0	0.0	0.0	6.346415784094867	0.0	0.0	3.9468530705355267	0.0	7.797291273547472	0.0	0.0	0.0
1909	0.0	0.0	0.0	0.0	0.0	0.0	0.0	0.0	0.0	4.438401645118496	5.204645562719544	0.0	0.0	0.0	0.0	0.0	0.0	0.0	0.0	0.0
1376	3.6375861597263857	0.0	1.3862943611198906	0.0	5.641528045530935	0.0	5.703293859501409	0.0	0.0	6.3521364541854295	6.79346613258001	0.0	0.0	0.0	7.8709295967551425	4.493732122630007	0.0	0.0	0.0	7.426549072397305
1375	4.8632517886635815	8.271268557405552	0.0	5.664237302541915	0.0	5.773439613485875	0.0	0.0	0.0	4.475809476459707	0.0	5.702948793907623	5.384571334220851	0.0	0.0	0.0	4.800066666956773	0.0	0.0	0.0
57024	0.0	0.0	0.0	0.0	0.0	0.0	0.0	0.0	0.0	0.0	0.0	0.0	0.0	0.0	0.0	0.0	0.0	0.0	0.0	0.0
7936	0.0	5.3261906086721265	0.0	4.326147508465962	0.0	0.0	0.0	0.0	0.0	0.0	0.0	0.0	0.0	0.0	0.0	0.0	0.0	0.0	5.384929270156686	5.750877366293552
10910	0.0	5.008275406848632	0.0	0.0	0.0	0.0	0.0	0.0	0.0	0.0	0.0	0.0	0.0	0.0	0.0	0.0	0.0	0.0	0.0	0.0
30525	0.0	6.53267181931696	0.0	0.0	6.491132773869494	0.0	0.0	0.0	5.399793753585019	0.0	5.751115126158519	0.0	0.0	6.688406619803642	0.0	0.0	5.821673874509411	0.0	6.578730242995974	6.766810271145305
4694	0.0	5.287244492427125	4.788149521577947	0.0	4.601243874856474	0.0	6.11478776313998	0.0	4.528241038165625	0.0	0.0	3.8322580369592836	0.0	6.806478044657507	3.2868722160978296	4.373372451440995	7.6757779941871895	6.198130615443361	0.0	6.021188449643825
27213	0.0	0.0	0.0	0.0	0.0	0.0	0.0	0.0	0.0	0.0	0.0	0.0	0.0	0.0	0.0	0.0	0.0	0.0	0.0	0.0
13685	0.0	0.0	9.13075589263334	7.109062135687172	0.0	5.184869728348143	6.428105272684596	0.0	6.025892592757799	0.0	5.382755611371834	1.3862943611198906	5.844431332735365	8.362175469149628	6.827629234502853	6.946534603763628	0.0	5.197444122508379	6.220590170099739	7.130098510125578
10527	0.0	0.0	0.0	0.0	0.0	0.0	0.0	0.0	0.0	0.0	2.4350742760401247	0.0	0.0	0.0	0.0	0.0	0.0	0.0	0.0	0.0
15681	7.412613130968336	0.0	0.0	0.0	0.0	0.0	0.0	0.0	2.639057329615259	0.0	0.0	5.207662998279906	0.0	5.802406727251559	0.0	0.0	0.0	0.0	7.026130731717458	0.0
30946	0.0	0.0	0.0	0.0	0.0	0.0	0.0	0.0	0.0	8.207856110402293	0.0	0.0	0.0	0.0	0.0	0.0	0.0	5.34671062656461	0.0	0.0
27117	0.0	0.0	0.0	0.0	6.230504582073295	0.0	0.0	5.896896009907332	0.0	0.0	0.0	0.0	0.0	0.0	0.0	0.0	0.0	4.644622595904677	0.0	0.0
17724	1.3862943611198906	0.0	0.0	0.0	0.0	0.0	0.0	0.0	0.0	0.0	0.0	2.3025850929940455	0.0	2.995732273553991	0.0	0.0	0.0	0.0	0.0	0.0
30942	0.0	0.0	0.0	0.0	0.0	0.0	0.0	0.0	0.0	0.0	0.0	0.0	0.0	0.0	0.0	5.935951837177723	0.0	0.0	0.0	0.0
35214	0.0	0.0	0.0	0.0	0.0	0.0	0.0	0.0	0.0	0.0	0.0	0.0	0.0	0.0	0.0	0.0	0.0	0.0	0.0	0.0
10118	0.0	0.0	0.0	5.921645054026892	0.0	4.984505919672904	0.0	0.0	5.574053367981417	0.0	0.0	0.0	5.563241940858566	6.144798567028684	6.143168627427445	5.357664203281023	7.50810162868654	6.343410390131305	0.0	8.602716318317613
7829	5.685644971041557	3.9120230054281455	5.929789886486282	6.810838606881523	4.5827816718328584	7.693481640835175	0.0	6.20050917404269	6.553933404025811	0.0	0.0	0.0	0.0	0.0	4.867534450455582	2.472459715428915	4.864678691776376	5.607494120183402	0.0	0.0
35944	0.0	0.0	0.0	0.0	0.0	0.0	0.0	0.0	0.0	0.0	0.0	0.0	0.0	0.0	0.0	0.0	0.0	0.0	0.0	0.0
6682	0.0	0.0	0.0	0.0	0.0	0.0	0.0	0.0	0.0	0.0	0.0	0.0	0.0	0.0	0.0	0.0	0.0	7.895622209345514	0.0	0.0
29373	0.0	0.0	0.0	0.0	6.933488742953242	0.0	0.0	0.0	0.0	0.0	6.755672588274677	0.0	0.0	0.0	0.0	5.96409335031185	0.0	0.0	6.254850608992938	0.0
16160	0.0	0.0	0.0	0.0	0.0	0.0	0.0	0.0	0.0	0.0	0.0	0.0	0.0	0.0	0.0	0.0	0.0	0.0	0.0	0.0
5038	0.0	0.0	0.0	0.0	0.0	0.0	0.0	0.0	0.0	0.0	0.0	0.0	0.0	0.0	6.261222105222192	0.0	0.0	0.0	0.0	0.0
5965	0.0	0.0	0.0	6.440414767155885	0.0	5.122586674232133	0.0	0.0	6.014728887293023	0.0	0.0	4.543620726557803	0.0	0.0	0.0	0.0	0.0	0.0	0.0	0.0
16732	0.0	0.0	5.234199688574454	6.022640164576432	6.209394531369305	0.0	6.416142447557027	0.0	5.73970507752961	0.0	8.947415950650129	0.0	0.0	0.0	0.0	0.0	0.0	5.773618355243851	0.0	0.0
103	0.0	1.791759469228055	0.0	2.833213344056216	2.70805020110221	6.493909211101163	5.712411801354255	4.356937621752622	1.5993365587753408	2.5649493574615367	3.4011973816621555	3.1570004211501135	0.0	6.2913107928231025	0.0	5.544170861556202	2.0794415416798357	4.427201591083079	0.0	8.316300249036848
57144	2.70805020110221	0.0	0.0	0.0	0.0	0.0	0.0	0.0	0.0	0.0	0.0	0.0	0.0	0.0	0.0	0.0	0.0	0.0	0.0	0.0
97	0.0	0.0	0.0	0.0	0.0	0.0	0.0	0.0	0.0	0.0	0.0	0.0	0.0	0.0	0.0	0.0	0.0	0.0	0.0	5.8971538676367405
69326	0.0	0.0	0.0	0.0	0.0	0.0	0.0	0.0	0.0	0.0	0.0	0.0	0.0	0.0	0.0	0.0	0.0	0.0	0.0	0.0
93	0.0	0.0	5.236401128720906	5.43701419139046	0.0	0.0	0.0	0.0	0.0	0.0	0.0	0.0	0.0	0.0	0.0	0.0	0.0	0.0	0.0	0.0
57818	0.0	0.0	0.0	0.0	0.0	3.6109179126442243	0.0	0.0	0.0	0.0	0.0	0.0	0.0	0.0	0.0	0.0	0.0	0.0	0.0	0.0
7429	0.0	4.29005645907564	0.0	6.953771035268247	0.0	0.0	0.0	0.0	0.0	0.0	7.600102139371313	0.0	0.0	6.112623520381063	0.0	0.0	0.0	0.0	0.0	0.0
10027	6.203389630400872	0.0	0.0	0.0	8.056109659545061	2.783888277493715	0.0	5.014145945297644	2.7666491059292135	0.0	5.968925825359211	7.133759774702718	6.258981834396132	2.5615895155731576	5.7731052497944315	6.0494293539213775	6.207247744015899	7.257753285101414	7.256716549983417	0.0
25492	0.0	0.0	0.0	0.0	0.0	0.0	0.0	0.0	0.0	0.0	0.0	0.0	0.0	0.0	0.0	0.0	0.0	0.0	0.0	0.0
17931	0.0	0.0	0.0	0.0	0.0	0.0	0.0	0.0	0.0	0.0	6.925103917316751	0.0	0.0	0.0	0.0	0.0	0.0	0.0	0.0	0.0
30401	0.0	0.0	0.0	0.0	0.0	0.0	0.0	0.0	0.0	0.0	0.0	0.0	0.0	0.0	0.0	0.0	0.0	0.0	0.0	0.0
63166	0.0	0.0	8.02322468471667	0.0	0.0	0.0	0.0	0.0	0.0	5.017279836814924	0.0	0.0	0.0	0.0	0.0	0.0	0.0	0.0	0.0	0.0
4441	0.0	0.0	0.0	0.0	0.0	0.0	0.0	0.0	0.0	0.0	0.0	0.0	0.0	0.0	0.0	0.0	0.0	0.0	0.0	5.080783053998338
7534	0.0	0.0	0.0	0.0	0.0	0.0	0.0	0.0	0.0	0.0	0.0	0.0	0.0	0.0	0.0	0.0	0.0	0.0	0.0	0.0
24957	0.0	0.0	0.0	0.0	0.0	0.0	0.0	0.0	0.0	0.0	0.0	0.0	0.0	0.0	6.7650389767805414	0.0	0.0	0.0	5.466894904879122	6.3048549762699695
7918	0.0	0.0	0.0	0.0	0.0	0.0	0.0	0.0	0.0	5.600845584140339	0.0	0.0	0.0	1.3862943611198906	0.0	0.0	0.0	6.75110146893676	0.0	0.0
14858	0.0	0.0	0.0	0.0	4.979029954680924	5.225107455876564	3.937860996981466	0.0	0.0	0.0	4.465124234395539	3.8574131029301983	0.0	0.0	0.0	0.0	0.0	2.41932916751801	7.223794830712734	5.069155191044891
1936	7.155055023576258	0.0	5.235910496247799	6.804189983324343	5.024863920351959	5.533730280566027	5.197563722044196	6.3603245888433015	5.777810176336827	0.0	5.564337942218638	4.706956414609892	2.609705117602731	2.509235996897172	5.929642967761572	6.655427135813033	5.167606131818385	0.0	5.655617552841711	5.649144800277843
52450	0.0	0.0	0.0	0.0	0.0	0.0	0.0	0.0	0.0	0.0	0.0	0.0	0.0	0.0	0.0	0.0	0.0	0.0	0.0	0.0
5890	0.0	0.0	0.0	0.0	0.0	0.0	0.0	0.0	0.0	0.0	0.0	0.0	0.0	0.0	0.0	0.0	0.0	0.0	0.0	0.0
1933	0.0	0.0	0.0	0.0	0.0	0.0	0.0	0.0	0.0	0.0	0.0	0.0	0.0	0.0	0.0	0.0	0.0	0.0	0.0	0.0
5258	0.0	5.272259365978529	0.0	0.0	0.0	6.758563491856085	0.0	0.0	0.0	0.0	0.0	0.0	0.0	0.0	0.0	0.0	9.791102421941337	5.97274308708942	0.0	0.0
5894	0.0	0.0	0.0	0.0	0.0	0.0	0.0	0.0	0.0	0.0	0.0	0.0	0.0	0.0	0.0	0.0	0.0	0.0	0.0	0.0
5893	8.396325233324529	0.0	3.8532532317096977	6.086115626560635	3.370408506263804	0.0	5.0760978494362945	0.0	0.0	0.0	0.0	0.0	4.921698298423925	6.6678816479864595	0.0	0.0	0.0	0.0	0.0	0.0
7709	6.317507484083939	5.335505390993046	5.376099870621627	5.856096957284636	5.5699999459050105	7.254191147061396	0.0	5.556009527930389	4.6931288662232715	5.464557142236609	6.665328387768258	0.0	5.339173311590779	6.218798034835594	5.748859450097982	5.945171630121393	6.428011513275176	6.254823647385034	7.390696541143466	5.71201716829863
67258	0.0	0.0	0.0	5.9933697724496735	0.0	0.0	0.0	0.0	0.0	0.0	0.0	0.0	0.0	0.0	0.0	0.0	0.0	0.0	0.0	4.936630138458016
51045	0.0	6.894670039433482	4.481855075538041	6.642292785464469	5.159055299214529	7.1997740303378155	4.469674428601239	2.890371757896165	4.805066887603553	0.0	0.0	0.0	4.706051751649724	5.8185981490847825	0.0	0.0	4.10453627808541	5.53338948872752	6.0473721790462776	7.145612936192947
37454	1.791759469228055	0.0	0.0	4.969813299576001	4.474574376512222	0.0	0.0	0.0	0.0	2.5649493574615367	4.1666652238017265	0.0	3.295836866004329	0.0	4.506939661014253	0.0	0.0	0.0	0.0	0.0
6522	0.0	0.0	0.0	0.0	0.0	0.0	0.0	0.0	0.0	0.0	0.0	0.0	0.0	0.0	0.0	0.0	0.0	0.0	0.0	0.0
1246	0.0	0.0	0.0	0.0	0.0	0.0	0.0	0.0	0.0	0.0	0.0	0.0	0.0	7.738488122494646	0.0	0.0	2.3025850929940455	6.86484777797086	0.0	0.0
5989	0.0	0.0	0.0	0.0	0.0	0.0	5.565138902347431	4.084342405071949	5.800038851251475	5.651022163817904	5.528105460580915	5.957907763579139	0.0	0.0	3.3687022999792258	0.0	0.0	2.6376569998971386	6.850700245462778	0.0
1054	5.880645250420707	5.01715234214386	5.524598875521218	6.187435526229324	6.137892020965865	5.73961181354832	6.568770911923438	6.311706331944417	0.0	6.053847775921164	5.352856979961945	6.941346290163434	9.47378098005493	0.0	5.882122779242927	4.824515604739485	9.398478314091577	5.438079308923196	0.0	0.0
11571	6.884136096575596	7.5018008760826875	5.528334596012733	6.920290342302562	7.549288202419515	6.192711312741826	6.098384207467257	5.721746660794256	6.02989040383556	4.8056890408354445	3.2188758248682006	5.035469270398181	4.629122549452688	5.976043396517689	5.8660616922527	4.1992065424400975	4.840959386588393	7.4490729460546214	4.686331149299546	4.8770704968150556
1247	0.0	0.0	0.0	0.0	0.0	3.7376696182833684	0.0	0.0	0.0	5.6016307437301505	0.0	0.0	0.0	0.0	0.0	7.260873906718092	5.440842286800912	0.0	6.999239969104315	1.3862943611198906
8777	0.0	5.749392985908253	0.0	0.0	0.0	0.0	0.0	0.0	0.0	0.0	0.0	0.0	0.0	0.0	0.0	0.0	0.0	7.333023014386481	2.718087378974409	0.0
385	0.0	0.0	0.0	0.0	0.0	0.0	0.0	0.0	0.0	0.0	0.0	0.0	0.0	0.0	0.0	0.0	0.0	0.0	0.0	0.0
1349	0.0	0.0	5.853259222560065	3.764102875351524	3.4859914878287035	0.0	0.0	0.0	1.7132374454571324	3.228826155721369	5.2935588572997725	0.0	0.0	0.0	0.0	4.789711499520359	7.346332738540504	0.0	0.0	0.0
5584	0.0	0.0	0.0	0.0	0.0	0.0	0.0	0.0	0.0	0.0	0.0	0.0	0.0	0.0	0.0	0.0	0.0	0.0	0.0	0.0
10303	8.351933144702853	4.750630027424724	5.517452896464707	3.8018198652945316	4.5217885770490405	6.212219515649319	0.0	7.073952307681353	4.839975459930168	6.500713018769364	4.07937519711394	4.2037677465585315	6.5067255029061055	4.981647757223003	6.236637011448564	7.753194269884341	3.8389948776670098	2.5412015396115	4.125817541025841	5.994605701230737
5778	0.0	5.426423953397702	5.236922718501726	0.0	0.0	0.0	0.0	4.597634815110925	0.0	5.799197142209432	0.0	0.0	0.0	0.0	2.8338944656627505	0.0	0.0	0.0	0.0	5.577332672518927
5268	0.0	0.0	0.0	0.0	0.0	0.0	0.0	0.0	0.0	0.0	4.083171261623976	0.0	0.0	0.0	0.0	0.0	0.0	0.0	0.0	0.0
26228	0.0	0.0	0.0	6.050912005751402	0.0	0.0	0.0	4.675978505855534	0.0	0.0	7.066279711694415	9.118225083068378	0.0	5.981799884325498	0.0	0.0	5.795970803085445	6.776887003777098	0.0	7.56021916136256
247	0.0	0.0	2.6685030885293544	0.0	0.0	0.0	0.0	5.93951901208525	2.5094670484554755	2.512305623976115	5.229910252841839	5.298166343742445	0.0	6.7639244726157655	6.238818179294825	0.0	1.8718021769015913	8.294924257512688	6.60271302651789	8.391759288506444
1944	3.3013543482678065	0.0	5.008648510352012	5.6046584597370295	5.7041163471334695	4.116323468940876	6.2756144733983845	7.066241156707867	5.8323555527520226	5.31402156135915	2.649158683274018	1.3862943611198906	2.4770011409155615	3.278089189265436	3.979681653901961	2.5437981676161923	2.3933904279385647	0.0	5.292211244153404	6.721113870447351
5880	7.21170432389779	6.339616430632023	5.438674466217088	0.0	0.0	0.0	0.0	4.037154313458677	5.416500274293515	5.0611047197854075	7.233455418621439	6.505961844129803	6.145976556477782	4.322055561417618	0.0	0.0	5.887646051801971	7.112719035531585	9.490695669041504	7.793967776794933
5792	0.0	0.0	0.0	0.0	0.0	0.0	0.0	0.0	0.0	0.0	0.0	0.0	0.0	0.0	0.0	0.0	0.0	0.0	0.0	0.0
15197	0.0	0.0	0.0	2.7611600264161584	0.0	0.0	0.0	0.0	0.0	0.0	6.038693399277294	0.0	0.0	4.7552304186582095	0.0	0.0	5.646469121506902	0.0	0.0	5.930054841672088
5694	0.0	0.0	0.0	0.0	5.207969891895795	5.406075641863553	0.0	0.0	0.0	0.0	0.0	0.0	5.893634330707556	6.272297997497043	0.0	0.0	0.0	0.0	0.0	0.0
1232	0.0	1.9459101490553135	1.6094379124341003	0.0	1.3862943611198906	3.4770428074647115	2.5649493574615367	4.612642200826793	2.7281857146528994	3.7762841250458226	0.0	0.0	0.0	4.8509260322303795	3.5520263948160324	0.0	5.26255989879427	6.276766561267187	6.746511058747919	6.673053196031635
1233	0.0	0.0	0.0	0.0	0.0	0.0	0.0	0.0	5.234312036572124	0.0	0.0	0.0	0.0	0.0	0.0	0.0	0.0	0.0	0.0	6.119024196948982
8788	0.0	0.0	0.0	0.0	0.0	0.0	0.0	4.984273926553773	0.0	0.0	0.0	0.0	5.5412149351172015	0.0	0.0	0.0	0.0	0.0	0.0	5.032708743590957
61787	0.0	6.86171134048073	0.0	0.0	0.0	0.0	0.0	0.0	0.0	0.0	0.0	0.0	0.0	0.0	0.0	0.0	0.0	0.0	0.0	0.0
5787	0.0	0.0	0.0	0.0	0.0	0.0	0.0	0.0	0.0	8.540128162698734	0.0	0.0	0.0	0.0	0.0	5.932860869283055	0.0	0.0	0.0	0.0
8888	0.0	0.0	5.964678903537907	5.223559564013648	3.610917912644225	4.249882205490722	5.130260980635707	5.219272498783592	6.290170293894787	0.0	5.406347261536685	6.598509028614515	6.344378147715301	4.020877410340228	4.7930281076307555	0.0	0.0	4.834220048359548	0.0	5.298317366548036
33118	0.0	0.0	5.8210319133236865	0.0	0.0	0.0	6.320768294250582	0.0	5.574142985456314	7.00669522683704	6.289515889707705	5.20103925176715	7.51683209904559	5.885093419944233	0.0	0.0	0.0	7.891704659330107	0.0	0.0
38411	0.0	0.0	0.0	0.0	0.0	0.0	0.0	0.0	0.0	0.0	0.0	0.0	0.0	0.0	0.0	0.0	0.0	0.0	0.0	0.0
6344	0.0	0.0	0.0	0.0	0.0	5.084505142662711	0.0	0.0	0.0	0.0	0.0	0.0	0.0	0.0	0.0	0.0	0.0	0.0	0.0	0.0
64756	0.0	0.0	0.0	0.0	1.791759469228055	3.5553480614894135	0.0	0.0	0.0	4.945312481352257	0.0	0.0	4.888198589758526	0.0	0.0	0.0	0.0	0.0	0.0	0.0
31143	6.257682774121306	6.8677033433448695	5.2203136194543	7.46943275098822	6.97914527506881	5.665288619282615	5.969438593670507	6.687108607866515	0.0	4.5565050140068095	3.842409740338997	5.365562617110531	6.277001710260848	8.72518249495877	6.384350873009286	5.662622342510858	6.303583510089767	7.20881371640607	0.0	6.213246833128993
5281	9.153770020487789	0.0	5.700311562851628	7.560601162768557	6.628404846269428	6.357327636798484	7.349230824613334	8.057060681965766	0.0	3.1956087003072753	0.0	0.0	0.0	4.189654742026425	0.0	0.0	0.0	0.0	0.0	4.7295977643631435
15440	0.0	0.0	0.0	0.0	0.0	0.0	0.0	0.0	0.0	0.0	0.0	0.0	0.0	0.0	0.0	0.0	0.0	4.7292932337784315	0.0	3.871201010907891
1224	0.0	2.5437981676161923	5.5773040557885825	4.8255107092193095	3.7477709719421277	0.0	1.0986122886681098	0.6931471805599453	0.0	0.6931471805599453	1.0986122886681098	0.6931471805599453	4.8898683725499765	1.0986122886681098	0.0	4.509042886021979	0.0	7.105471864137156	4.85892740275586	6.565618284987571
5799	0.0	0.0	0.0	0.0	0.0	0.0	5.583244419607606	0.0	0.0	0.0	0.0	0.0	0.0	0.0	0.0	5.765713432386692	0.0	5.427045875642944	0.0	0.0
25247	0.0	0.0	0.0	0.0	4.676669717098698	0.0	0.0	0.0	0.0	0.0	0.0	0.0	0.0	0.0	0.0	0.0	0.0	0.0	5.7745515455444085	0.0
69271	0.0	0.0	0.0	0.0	0.0	0.0	0.0	0.0	0.0	0.0	0.0	0.0	0.0	0.0	0.0	0.0	0.0	0.0	0.0	0.0
8403	4.921818930130419	5.5776822071345595	1.732867951399863	0.0	0.0	0.0	0.0	0.0	0.0	0.0	0.0	4.95344472750247	0.0	0.0	0.0	0.0	0.0	0.0	3.8053801688492177	0.0
29328	0.0	0.0	0.0	0.0	0.0	0.0	0.0	0.0	0.0	0.0	0.0	0.0	0.0	0.0	0.0	0.0	0.0	0.0	0.0	0.0
7155	0.0	0.0	0.0	0.0	0.0	0.0	0.0	0.0	4.3694478524670215	0.0	0.0	0.0	0.0	0.0	8.281723990411392	0.0	0.0	0.0	0.0	0.0
35909	5.860969272420868	4.151039905898646	4.382026634673881	0.0	0.0	0.0	2.0794415416798357	0.0	0.0	0.0	6.774223886357614	5.278114659230518	6.0330862217988015	0.0	3.989747405379969	4.131911182240966	0.0	0.0	0.0	0.0
11786	5.483139603944734	0.0	6.088511002530827	6.409995544390697	6.743206213285803	5.07896704631641	0.0	0.0	6.583409222158765	6.948757005900668	0.0	5.244413390230884	0.0	0.0	0.0	0.0	0.0	0.0	0.0	0.0
34129	0.0	0.0	0.0	4.558456174187758	0.0	0.0	0.0	0.0	0.0	0.0	0.0	0.0	0.0	4.795790545596741	0.0	0.0	0.0	6.901031658219761	1.9499554054913568	0.0
35102	0.0	4.677306930566304	5.606977949793262	0.0	6.594876258313709	5.018540802968694	4.990432586778736	4.961057639061705	5.16501092546379	4.430816798843313	5.377920417147004	2.1400661634962708	6.93870753312941	0.0	4.442032650214267	5.462135451777431	5.585999438999818	5.32791426601599	0.0	4.060443010546419
1210	0.0	0.0	0.0	0.0	0.0	5.779787007892557	0.0	6.101844879277884	0.0	0.0	0.0	0.0	0.0	0.0	6.887552571664617	4.292445090437806	6.709546708067374	0.0	0.0	6.414025195589021
71046	0.0	0.0	0.0	0.0	0.0	0.0	0.0	0.0	0.0	0.0	0.0	0.0	0.0	0.0	0.0	0.0	0.0	0.0	0.0	0.0
14709	4.700480365792416	0.0	2.3025850929940455	0.0	0.0	0.0	0.0	0.0	0.0	0.0	0.0	0.0	0.0	0.0	0.0	0.0	0.0	0.0	0.0	0.0
51457	2.740840023925201	0.0	4.013375499688434	4.194692536056383	4.547139177259016	0.0	5.483782442528691	5.653132610253953	4.974432245432295	3.9438858508684183	7.700747794511798	6.3573989353338565	4.304495815561353	7.122059881629142	0.0	0.0	4.9762290450636675	5.47627770114631	3.2901461682592554	0.0
5473	0.0	0.0	0.0	2.053383541110329	0.0	0.0	0.0	0.0	0.0	0.0	0.0	0.0	7.800651127706269	7.567523994845135	8.490242978746128	0.0	0.0	0.0	0.0	10.711970331775978
14703	0.0	0.0	0.0	0.0	0.0	0.0	0.0	0.0	0.0	0.0	0.0	0.0	0.0	0.0	0.0	0.0	0.0	0.0	0.0	0.0
15590	5.005977980121403	0.0	0.0	0.0	0.0	0.0	0.0	0.0	0.0	0.0	0.0	0.0	0.0	0.0	0.0	0.0	0.0	0.0	0.0	0.0
5392	0.0	0.0	0.0	0.0	0.0	0.0	0.0	0.0	0.0	0.0	0.0	0.0	0.0	0.0	0.0	0.0	0.0	0.0	0.0	0.0
