50996	0.0	0.0	0.0	0.0	0.0	0.0	0.0	0.0	0.0	0.0	0.0	0.0	0.0	0.0	0.0	0.0	0.0	0.0	0.0	0.0
942	0.0	0.0	0.0	0.0	0.0	0.0	0.0	0.0	0.0	1.7917594692280547	0.0	0.0	0.0	0.6931471805599453	1.6094379124341005	1.6094379124341005	0.0	0.0	1.3862943611198906	1.0986122886681096
13993	0.0	0.0	0.0	0.0	0.0	0.0	0.0	0.0	0.0	0.5623351446188083	0.0	0.0	0.0	0.0	0.0	0.0	0.0	0.0	0.0	1.3862943611198906
16801	0.0	0.0	0.0	0.0	0.0	0.0	0.0	0.0	0.0	0.0	0.0	0.0	0.0	0.0	0.0	0.0	0.0	0.0	0.0	0.0
6352	0.6365141682948128	2.521771818085036	0.6931471805599453	0.6931471805599453	0.6931471805599453	0.6931471805599453	1.0986122886681096	0.0	1.3862943611198906	2.5577938601077324	1.7917594692280547	1.7917594692280547	0.8675632284814612	0.0	2.1639556568820564	1.945910149055313	0.0	0.6931471805599453	1.6094379124341005	1.3862943611198906
530	0.0	2.0794415416798357	0.0	0.0	0.0	1.6094379124341005	0.6931471805599453	0.0	1.3862943611198906	1.0986122886681096	0.0	0.0	0.0	0.0	0.0	0.0	0.0	0.0	0.0	0.0
6491	0.0	0.0	0.0	0.0	0.0	0.0	0.0	0.0	0.0	0.0	0.0	0.0	0.0	0.0	0.0	0.0	0.0	0.0	0.0	0.0
151	0.6365141682948128	0.0	0.0	0.0	0.6931471805599453	0.0	1.0986122886681096	0.0	0.6931471805599453	1.0986122886681096	0.0	0.0	0.0	0.0	1.0986122886681096	1.3862943611198906	0.0	0.0	0.0	0.0
15213	0.0	0.0	0.0	0.0	0.0	0.0	0.0	0.0	0.0	0.0	0.0	0.0	0.0	0.0	0.0	0.0	0.0	0.0	0.0	0.0
6767	1.7917594692280547	0.0	2.3978952727983707	0.0	0.0	1.0986122886681096	0.0	0.0	0.0	0.0	1.3862943611198906	1.0986122886681096	1.5607104090414063	1.6094379124341005	0.0	0.6931471805599453	1.7478680974667573	1.3862943611198906	1.0397207708399179	0.0
46792	0.0	0.0	1.0986122886681096	0.0	0.0	0.0	0.0	0.0	0.0	0.0	0.0	0.6931471805599453	0.0	0.0	0.0	0.0	0.6931471805599453	0.0	0.0	1.0986122886681096
20815	0.0	0.0	0.0	0.0	0.0	0.0	0.0	0.0	0.0	0.0	0.0	0.0	0.0	0.0	0.0	1.0986122886681096	0.0	0.0	0.0	0.0
8021	0.0	0.0	0.0	0.0	0.0	0.0	0.0	0.0	0.0	0.0	0.0	0.0	0.0	0.0	0.0	0.0	0.0	0.0	0.0	0.0
56397	0.0	0.0	0.0	0.0	0.0	0.0	0.0	0.0	0.0	0.0	0.0	0.0	0.0	0.0	0.0	0.0	0.0	0.0	0.0	0.0
7485	2.4849066497880012	1.242453324894	2.1639556568820564	1.945910149055313	1.945910149055313	2.0794415416798357	2.4410152780267023	1.7478680974667573	1.5498260458782016	0.6365141682948128	0.6931471805599453	1.5607104090414063	1.540305825226517	1.6094379124341005	1.0397207708399179	2.3025850929940455	1.7478680974667573	1.3862943611198906	2.3978952727983707	2.0794415416798357
6095	0.0	0.0	0.0	0.0	0.0	0.0	0.0	0.0	0.0	0.0	1.0986122886681096	0.0	0.0	0.0	0.0	0.0	0.0	0.0	0.6931471805599453	0.0
14678	0.0	0.0	0.0	0.0	0.0	0.0	0.0	0.0	0.0	0.0	0.0	0.0	0.0	0.0	2.0431918705451206	0.6931471805599453	0.9502705392332347	0.0	0.0	0.0
15008	0.0	0.0	0.0	0.0	0.0	0.0	0.0	0.0	1.0986122886681096	0.0	0.0	0.0	0.0	0.0	0.0	1.3862943611198906	0.6931471805599453	1.0986122886681096	1.0986122886681096	0.0
11492	0.0	0.0	0.0	0.0	0.0	0.0	0.0	0.0	0.0	0.0	0.0	0.0	0.0	0.0	0.0	0.0	0.0	0.0	0.0	1.7917594692280547
342	0.0	0.0	0.0	0.0	0.0	0.0	0.0	0.0	0.0	0.0	0.0	0.0	0.0	0.0	0.0	0.0	0.0	0.0	0.0	0.0
1324	0.0	0.0	0.0	0.0	0.0	0.0	0.0	0.0	0.0	0.0	0.0	0.0	0.0	0.0	0.0	0.0	0.0	0.0	0.0	0.0
33884	2.0794415416798357	0.0	0.6931471805599453	0.0	0.0	0.0	1.0986122886681096	0.0	0.0	0.0	0.0	1.0986122886681096	0.0	0.0	0.0	1.6094379124341005	0.0	0.0	0.0	0.0
3489	0.0	0.0	0.0	0.0	0.0	0.0	0.0	0.0	0.0	0.0	0.0	0.0	0.0	0.0	0.0	0.0	0.0	0.0	0.0	0.0
20441	0.0	0.0	0.0	0.0	0.0	0.0	0.0	0.0	0.0	0.0	0.0	0.0	0.0	0.0	0.0	0.0	0.0	0.0	0.0	0.0
10629	0.0	0.0	0.0	0.0	0.0	0.0	0.0	0.0	0.0	0.0	0.0	0.0	0.0	0.0	0.0	0.0	0.0	0.0	0.0	0.0
1	1.3862943611198906	0.0	0.0	2.1972245773362196	1.3862943611198906	0.0	2.0794415416798357	0.6931471805599453	0.0	0.0	1.7917594692280547	0.6931471805599453	1.3862943611198906	2.6390573296152584	2.890371757896165	0.6931471805599453	0.0	2.0794415416798357	0.6931471805599453	0.6931471805599453
36241	0.0	0.0	0.0	0.0	0.0	0.0	0.0	0.0	0.0	0.0	0.0	0.0	0.0	0.0	0.0	0.0	0.0	0.0	0.0	0.0
11495	2.0794415416798357	2.458311329683084	2.1972245773362196	1.0986122886681096	1.3862943611198906	1.7917594692280547	2.0794415416798357	2.1972245773362196	1.7328679513998633	2.0431918705451206	2.0431918705451206	2.1972245773362196	2.0794415416798357	2.3978952727983707	1.3862943611198906	2.458311329683084	1.3862943611198906	1.0986122886681096	1.7917594692280547	2.540036303820981
2943	0.0	1.3862943611198906	0.6931471805599453	1.3862943611198906	1.5607104090414063	0.0	0.0	0.0	0.0	1.0986122886681096	1.0986122886681096	0.0	0.0	0.0	0.0	0.0	0.0	0.0	0.0	0.0
51168	0.0	0.0	0.0	0.0	0.0	0.0	0.0	0.0	0.0	0.0	0.0	0.0	0.0	0.0	0.0	0.0	0.0	0.0	0.0	0.0
33499	0.0	0.0	0.0	0.0	0.0	0.6931471805599453	0.0	0.0	0.0	1.0986122886681096	0.0	0.0	0.0	0.0	1.0986122886681096	0.0	0.6931471805599453	0.0	0.0	0.0
2948	0.6931471805599453	0.0	0.0	0.0	0.0	1.6094379124341005	0.0	0.0	0.0	0.0	1.0986122886681096	0.0	0.0	0.0	0.0	0.0	0.0	0.0	0.0	0.0
69928	0.0	0.0	0.0	0.0	0.0	0.0	0.0	0.0	0.0	0.0	0.0	0.0	0.0	0.0	0.0	0.0	0.0	0.0	0.0	0.0
1812	0.0	0.0	0.0	0.0	0.0	0.0	0.0	0.0	0.6931471805599453	0.0	0.0	0.0	0.0	0.0	0.0	0.0	0.0	0.0	0.0	0.0
7200	0.0	0.0	0.0	0.0	0.0	0.0	0.0	0.0	0.0	0.0	0.0	0.0	0.0	0.0	0.0	0.0	0.0	0.0	0.0	0.0
75985	0.0	0.0	0.0	0.0	0.0	0.0	0.0	0.0	0.0	0.0	0.0	0.0	0.0	0.0	0.0	0.0	0.0	0.0	0.0	0.0
6779	0.0	0.0	0.0	0.0	0.0	0.0	0.6931471805599453	0.0	0.0	0.0	0.0	0.0	0.0	0.0	0.0	0.0	0.0	0.0	0.0	0.0
11086	1.3862943611198906	2.3025850929940455	1.0986122886681096	1.3862943611198906	0.0	0.0	0.0	0.0	1.7478680974667573	1.0986122886681096	1.6094379124341005	0.0	0.0	0.0	0.0	0.0	1.6094379124341005	1.6094379124341005	2.3025850929940455	1.945910149055313
25640	0.0	0.0	0.0	0.0	0.0	0.0	1.3862943611198906	0.0	0.0	0.0	0.0	0.0	0.0	0.0	0.6931471805599453	0.0	0.0	0.0	0.0	0.0
11087	2.3025850929940455	0.0	0.0	0.0	0.0	0.0	0.0	0.6931471805599453	0.0	0.0	0.0	0.6931471805599453	0.0	0.0	0.0	0.0	0.0	0.0	0.0	0.0
6080	1.0986122886681096	1.7917594692280547	0.0	0.0	2.3025850929940455	1.6094379124341005	1.6094379124341005	0.0	0.0	0.0	0.0	0.0	0.0	0.6931471805599453	0.0	0.6365141682948128	2.5400363038209806	0.0	1.0986122886681096	1.6094379124341005
1436	0.0	0.0	0.0	0.0	0.6931471805599453	1.7917594692280547	0.0	0.0	1.0986122886681096	0.0	0.0	0.0	0.0	0.6931471805599453	0.0	0.0	0.0	0.0	0.0	1.3862943611198906
52749	2.3025850929940455	2.3693821196946767	1.7917594692280547	1.9730014063936125	1.0397207708399179	1.4750763110546947	1.0986122886681096	1.6674619334292948	1.4750763110546947	2.0794415416798357	1.7478680974667573	2.0431918705451206	2.3978952727983707	1.5607104090414063	1.7478680974667573	1.3862943611198906	1.945910149055313	1.945910149055313	1.6094379124341005	1.0986122886681096
1435	0.0	3.2551105127277413	3.183672971483787	1.0986122886681096	1.945910149055313	0.0	0.0	1.7917594692280547	0.0	1.0986122886681096	1.0986122886681096	1.0986122886681096	0.0	1.7917594692280547	0.0	0.6931471805599453	0.0	0.6931471805599453	0.0	0.0
822	0.0	0.0	1.0986122886681096	1.3862943611198906	0.6931471805599453	0.6931471805599453	0.6931471805599453	1.3862943611198906	1.3862943611198906	1.3862943611198906	1.0986122886681096	0.6931471805599453	1.6094379124341005	0.6931471805599453	1.945910149055313	1.0986122886681096	1.0986122886681096	0.6931471805599453	0.0	1.0986122886681096
5257	0.6931471805599453	1.9061547465398496	0.0	1.3862943611198906	0.0	1.3862943611198906	0.0	0.0	0.0	1.3862943611198906	0.0	0.0	0.0	0.0	0.0	0.0	0.0	0.0	0.0	0.0
216	0.0	0.6931471805599453	0.0	0.0	0.0	0.0	1.6094379124341005	0.0	0.0	0.0	0.0	0.0	0.0	0.0	0.0	0.0	0.0	0.0	0.0	0.0
52745	0.0	0.0	0.0	0.0	0.0	0.0	0.0	0.0	0.0	0.0	0.0	0.0	0.0	0.0	0.0	0.0	0.0	0.0	0.0	0.0
1439	0.0	0.0	0.6931471805599453	0.0	0.0	0.0	0.0	0.6931471805599453	0.0	0.0	0.0	0.0	0.0	0.0	0.6931471805599453	0.6931471805599453	0.0	0.0	0.0	0.0
43464	0.0	0.0	0.0	0.0	0.0	0.0	0.0	0.0	0.0	0.6931471805599453	0.0	0.0	0.0	0.0	0.0	0.0	0.0	0.0	0.0	0.0
1840	0.0	2.1972245773362196	0.6931471805599453	0.6931471805599453	2.4849066497880012	0.0	2.0794415416798357	0.0	0.0	3.2958368660043296	1.6094379124341005	0.6931471805599453	1.0986122886681096	0.0	1.0986122886681096	0.0	0.0	0.0	1.6094379124341005	1.3862943611198906
626	0.0	0.0	0.0	0.6931471805599453	1.6094379124341005	0.0	0.0	0.0	0.0	0.0	0.0	0.0	0.6931471805599453	0.0	0.0	0.0	0.0	0.0	0.0	0.0
1440	0.0	0.0	0.0	0.0	0.0	0.0	0.0	0.0	0.0	0.0	0.0	0.0	0.0	0.0	0.0	0.0	0.0	0.0	0.0	0.0
413	0.0	0.0	0.0	0.0	0.0	0.0	0.0	0.0	0.0	0.0	0.0	0.0	0.0	0.0	1.6094379124341005	0.0	0.0	0.0	0.0	0.0
629	0.0	0.0	0.0	0.0	0.0	0.0	0.0	0.0	0.0	0.0	0.0	0.0	0.0	0.0	0.0	0.0	0.0	1.3862943611198906	0.0	1.0986122886681096
28922	0.0	0.0	0.0	0.0	0.0	0.0	0.0	0.0	0.0	0.0	0.6931471805599453	0.0	0.0	0.0	0.0	0.0	0.0	0.0	0.0	0.0
8851	1.0986122886681096	1.6094379124341005	0.0	0.0	2.4849066497880012	0.0	1.6094379124341005	1.0986122886681096	1.6094379124341005	1.0986122886681096	0.0	0.6931471805599453	1.6094379124341005	1.6094379124341005	1.0986122886681096	1.945910149055313	0.0	0.0	0.0	0.0
68794	0.0	0.0	1.3862943611198906	0.0	0.0	0.0	0.0	0.0	0.0	0.0	0.0	0.0	0.0	0.0	0.6931471805599453	0.0	0.0	0.0	1.0986122886681096	0.0
8047	0.0	0.0	0.0	0.0	0.0	0.0	0.0	0.0	0.0	0.0	0.0	0.0	1.0986122886681096	0.0	0.0	0.0	0.0	0.0	0.0	0.0
914	0.0	0.0	0.0	0.0	0.0	0.0	0.6931471805599453	0.0	0.0	0.0	0.0	1.3862943611198906	0.0	0.0	0.6931471805599453	0.0	1.3862943611198906	0.0	0.0	1.0986122886681096
40672	0.0	0.0	0.0	0.0	0.0	0.0	0.0	0.0	0.0	0.0	0.0	0.0	0.0	0.0	0.0	0.0	0.0	0.0	0.0	0.0
6079	0.6931471805599453	0.0	0.0	0.0	0.0	0.0	0.0	0.0	0.0	0.0	0.0	1.0986122886681096	0.0	0.0	0.0	0.0	0.6931471805599453	0.0	0.0	0.0
7320	0.0	0.0	0.0	0.0	0.0	0.0	0.0	0.0	0.0	0.0	1.3862943611198906	0.0	0.0	0.0	0.0	0.0	0.6931471805599453	0.0	0.0	1.7917594692280547
181	0.0	0.0	0.0	0.0	0.0	0.0	0.0	0.0	0.0	0.0	0.0	0.0	0.0	0.0	0.0	0.0	0.0	0.0	0.0	0.0
27296	0.0	0.0	0.0	0.0	1.6094379124341005	0.0	0.0	0.0	0.0	0.0	0.0	0.0	1.3862943611198906	0.0	0.0	0.0	0.0	0.0	0.0	0.0
22913	0.0	0.0	0.0	0.0	0.0	0.0	0.0	0.0	0.0	0.0	0.0	0.0	0.0	0.0	0.0	0.0	0.0	0.0	0.0	0.0
17272	0.0	0.0	0.0	0.0	0.0	0.0	0.0	0.0	0.0	0.0	0.0	0.0	0.0	0.0	0.0	0.0	0.0	0.0	0.0	0.0
808	0.0	0.6931471805599453	1.945910149055313	2.3025850929940455	1.3862943611198906	1.0397207708399179	0.0	2.0431918705451206	1.6094379124341005	1.945910149055313	1.3862943611198906	0.0	2.1972245773362196	0.0	2.0794415416798357	1.7917594692280547	0.0	0.0	0.0	0.0
14896	1.6094379124341005	1.0986122886681096	1.3862943611198906	1.3862943611198906	1.7917594692280547	0.6931471805599453	0.6931471805599453	0.6931471805599453	0.0	1.6094379124341005	1.0986122886681096	2.0794415416798357	0.0	1.0397207708399179	2.0794415416798357	1.9061547465398496	1.6094379124341005	1.3862943611198906	0.6931471805599453	0.0
422	0.0	1.7917594692280547	0.0	0.0	0.6931471805599453	0.0	0.0	1.7917594692280547	0.0	0.0	0.0	0.0	0.0	0.0	0.0	0.0	0.0	0.0	0.0	0.6931471805599453
33479	0.0	0.0	0.0	0.0	0.0	0.0	0.0	0.0	0.0	0.0	0.0	0.0	0.0	0.0	0.0	0.0	0.0	0.0	0.0	0.0
843	0.0	0.0	0.0	0.0	0.6931471805599453	0.0	0.0	0.0	0.0	0.0	0.0	0.0	0.0	0.0	0.0	0.0	0.0	0.0	0.0	0.0
3110	0.0	0.0	0.0	0.0	0.0	0.0	0.0	0.0	0.0	0.0	0.0	0.0	0.0	0.0	1.3862943611198906	0.0	0.0	0.0	0.0	0.0
35817	0.0	1.3862943611198906	0.0	0.6931471805599453	1.7917594692280547	0.0	0.0	0.0	0.0	0.0	0.0	0.0	0.0	0.0	0.0	0.0	0.6931471805599453	0.0	0.0	0.0
14542	0.0	0.0	0.0	0.0	0.0	0.0	0.0	0.0	0.0	0.0	0.0	0.0	0.0	0.0	0.0	0.0	0.0	0.0	0.6931471805599453	0.0
26840	0.0	0.0	0.0	0.0	0.0	0.0	0.0	0.0	0.0	0.0	0.0	0.0	0.0	0.0	0.0	0.0	0.0	0.0	0.0	0.0
846	0.0	0.0	0.0	0.0	2.4849066497880012	0.0	0.0	2.4849066497880012	0.0	0.0	0.0	0.0	0.0	0.0	0.0	0.0	0.0	0.0	0.0	0.0
43104	0.0	0.0	0.0	0.0	0.0	0.0	0.0	0.0	0.0	0.0	0.0	0.0	0.0	0.0	0.0	0.0	0.0	0.0	0.0	0.0
47357	0.0	0.0	0.0	0.0	0.0	0.0	0.0	0.0	0.0	0.0	0.0	0.0	0.0	0.0	0.0	0.0	0.0	0.0	0.0	0.0
984	3.739683156286875	3.386113421651811	2.3978952727983707	1.6094379124341005	2.995732273553991	2.1972245773362196	1.3862943611198906	0.6931471805599453	1.5607104090414063	1.3862943611198906	1.0986122886681096	0.0	0.6931471805599453	1.3862943611198906	1.3862943611198906	0.0	0.0	1.0986122886681096	1.7917594692280547	1.7917594692280547
61919	0.0	0.0	0.0	0.0	0.0	0.0	0.0	0.0	0.0	0.0	0.0	0.0	0.0	0.0	0.0	0.0	0.0	0.0	0.0	0.0
71515	0.0	0.0	0.0	0.0	0.0	0.0	0.0	0.0	0.0	0.0	0.0	0.0	0.0	0.0	0.0	0.0	0.0	0.0	0.0	0.0
7449	0.0	0.0	0.0	0.0	0.0	0.0	0.0	0.0	0.0	0.0	0.0	0.0	0.0	0.0	0.0	0.0	0.0	0.0	0.0	0.0
431	0.0	0.0	0.0	0.0	0.0	0.0	0.0	0.0	0.0	0.0	0.0	0.0	0.0	0.0	0.0	0.0	0.0	0.0	0.0	0.0
32465	1.0986122886681096	0.6931471805599453	0.6931471805599453	1.6094379124341005	1.3321790402101223	1.3862943611198906	1.0986122886681096	0.6931471805599453	0.6931471805599453	0.6931471805599453	1.3862943611198906	0.6931471805599453	1.6094379124341005	1.0397207708399179	1.5607104090414063	1.6094379124341005	0.6931471805599453	0.6931471805599453	1.6094379124341005	1.0986122886681096
9595	0.0	0.0	0.0	0.0	0.0	0.0	0.0	0.0	0.0	0.0	0.0	0.0	0.0	0.0	0.0	0.0	0.0	0.0	0.6931471805599453	0.0
9492	0.0	0.0	0.6931471805599453	0.0	0.0	0.6931471805599453	0.0	0.0	0.0	0.0	0.0	0.0	0.0	0.6931471805599453	0.0	1.6094379124341005	0.0	1.0986122886681096	0.0	0.0
62466	0.0	0.0	0.0	0.6931471805599453	0.0	0.0	0.0	0.0	0.0	0.0	0.0	0.0	0.0	0.0	0.6931471805599453	0.0	0.0	0.0	0.0	0.0
3235	0.0	0.0	0.0	1.3862943611198906	0.0	0.0	0.0	2.3025850929940455	0.0	0.0	2.5649493574615376	0.0	0.0	0.0	1.0986122886681096	0.0	0.0	1.0986122886681096	0.0	0.0
2101	0.0	0.0	0.0	0.0	0.0	0.0	0.0	0.0	1.0986122886681096	0.0	0.0	1.6094379124341005	0.0	0.6365141682948128	0.0	0.0	0.0	1.0986122886681096	0.0	0.0
20148	0.0	0.6931471805599453	0.0	0.0	0.0	0.0	0.0	0.0	0.0	0.0	0.0	0.0	0.0	0.0	0.0	0.0	0.0	0.0	0.0	0.0
706	0.0	0.0	0.0	0.6931471805599453	0.6931471805599453	1.6094379124341005	2.1972245773362196	1.7917594692280547	0.6931471805599453	0.0	0.6931471805599453	0.6931471805599453	1.0986122886681096	0.6931471805599453	1.0986122886681096	0.6931471805599453	1.5607104090414063	2.7516666169315167	1.5607104090414063	1.3862943611198906
46213	0.0	0.0	0.0	0.0	0.0	0.0	0.0	0.0	0.0	0.0	0.0	0.0	0.0	0.0	0.0	0.0	0.0	0.0	0.0	0.0
10057	0.0	0.0	0.0	0.0	0.0	0.0	0.0	0.0	0.0	0.0	0.0	0.0	0.0	0.0	0.0	0.0	0.0	0.0	0.0	0.0
67675	0.0	0.0	0.0	0.0	0.0	0.0	0.0	0.0	0.0	0.0	0.0	0.0	0.0	0.0	0.0	0.0	0.0	0.0	0.0	0.0
10056	0.0	0.0	0.0	0.0	0.0	0.0	0.0	0.0	0.0	0.0	0.0	0.0	0.0	0.0	0.0	0.0	0.0	0.0	0.0	0.0
26935	0.6931471805599453	0.6931471805599453	0.0	0.0	0.0	0.6365141682948128	0.0	0.0	0.0	0.0	0.0	0.0	0.0	0.0	0.0	0.0	0.0	0.0	0.0	0.0
13287	0.0	0.0	2.5649493574615376	0.6931471805599453	0.0	0.6931471805599453	0.0	1.945910149055313	0.0	1.0986122886681096	0.0	0.0	0.6931471805599453	1.3862943611198906	0.0	0.0	1.0986122886681096	1.945910149055313	1.945910149055313	0.0
9307	0.6931471805599453	0.0	0.0	1.945910149055313	0.0	0.0	0.0	0.0	1.6094379124341005	0.0	1.6674619334292948	0.0	0.0	0.6931471805599453	0.0	0.6365141682948128	0.0	0.6931471805599453	0.0	0.0
2991	0.0	0.0	1.3862943611198906	0.0	0.0	0.0	0.0	0.0	0.0	0.0	0.0	0.0	1.3862943611198906	0.0	0.0	0.0	0.0	0.0	0.0	1.7917594692280547
33706	0.6931471805599453	0.0	0.0	0.0	0.0	0.0	0.0	0.0	0.0	0.0	0.0	0.0	0.0	0.0	0.0	0.0	0.0	0.0	0.0	0.0
301	0.0	0.0	0.0	0.0	0.6931471805599453	0.0	0.0	0.6931471805599453	0.6931471805599453	0.0	0.0	1.0986122886681096	0.0	0.0	0.0	0.0	1.0986122886681096	0.0	0.0	0.0
123	0.0	0.0	0.0	0.0	0.0	1.242453324894	0.0	0.0	1.6094379124341005	0.0	1.6094379124341005	0.0	1.6094379124341005	0.0	0.6931471805599453	0.6931471805599453	1.7917594692280547	2.6390573296152584	0.0	0.0
58656	0.0	0.0	0.0	0.0	0.0	0.0	0.0	0.0	0.0	0.0	0.0	0.0	0.0	0.0	0.0	0.0	0.0	0.0	0.0	0.0
14631	0.0	1.6094379124341005	1.3862943611198906	1.0986122886681096	0.6931471805599453	0.0	0.0	2.0794415416798357	0.6365141682948128	1.7478680974667573	1.6094379124341005	2.0794415416798357	1.3321790402101223	0.0	0.6931471805599453	0.0	0.6931471805599453	0.0	0.0	0.0
39733	0.0	0.0	1.0986122886681096	1.3862943611198906	1.0986122886681096	0.0	0.0	0.0	0.0	0.6931471805599453	0.0	1.3862943611198906	2.1972245773362196	0.6931471805599453	2.1972245773362196	0.6931471805599453	1.945910149055313	0.0	0.0	0.6931471805599453
46122	0.0	0.0	0.0	0.0	0.0	0.0	0.0	0.0	0.0	0.0	0.0	0.0	0.0	0.0	0.0	0.0	0.0	0.0	0.0	0.0
46760	0.0	0.0	0.0	0.0	0.0	0.0	0.0	0.0	0.0	0.0	0.0	0.0	0.0	0.0	2.6390573296152584	1.0986122886681096	0.0	0.0	0.0	0.0
51913	0.6931471805599453	0.6931471805599453	0.0	0.0	0.0	1.3862943611198906	0.0	0.0	0.0	1.0986122886681096	0.0	0.0	2.0794415416798357	1.0986122886681096	0.0	0.0	0.0	0.0	0.0	0.0
57393	0.0	0.0	0.6931471805599453	0.0	0.0	0.0	0.0	0.0	0.0	0.0	0.0	0.0	0.0	0.0	0.0	0.0	0.0	0.0	0.0	0.0
68579	1.3862943611198906	1.0986122886681096	0.6931471805599453	1.6094379124341005	0.6931471805599453	0.6931471805599453	1.3862943611198906	0.6931471805599453	0.0	0.0	1.0986122886681096	1.0986122886681096	0.0	1.7917594692280547	1.0986122886681096	0.0	0.6931471805599453	1.0986122886681096	0.6931471805599453	0.0
4979	0.0	0.0	0.0	0.0	0.0	0.0	0.0	0.0	0.0	0.0	0.0	0.0	0.0	0.0	0.0	0.0	0.0	0.0	0.0	0.0
584	0.0	0.0	0.0	0.6931471805599453	0.0	0.0	0.0	0.0	0.0	0.0	0.0	0.0	0.0	0.0	0.0	0.6931471805599453	0.0	0.0	0.0	0.0
2115	0.0	0.0	0.0	0.0	0.0	0.0	0.0	0.0	0.0	0.0	0.0	0.0	0.0	0.0	1.0986122886681096	0.0	0.0	0.0	0.0	0.0
28708	0.0	0.0	0.0	0.0	0.0	0.0	0.0	0.0	0.0	0.0	0.0	0.0	0.0	0.0	0.0	0.0	0.0	0.0	0.0	0.0
1602	0.0	0.0	0.0	0.0	0.0	0.0	0.0	0.0	1.6094379124341005	0.6931471805599453	1.6094379124341005	0.0	0.0	0.0	0.0	0.0	0.0	0.0	1.6094379124341005	0.0
8517	0.0	0.0	0.0	0.0	0.0	0.0	0.0	0.0	0.6931471805599453	0.0	0.0	1.6094379124341005	0.0	0.0	0.0	0.0	0.0	0.0	0.0	0.0
13972	0.0	0.0	0.0	0.0	0.0	0.0	0.0	0.0	0.0	0.0	0.0	0.0	0.0	0.0	0.0	0.0	0.0	0.0	0.0	0.0
966	0.6931471805599453	0.0	0.0	0.0	0.0	0.0	0.0	0.0	2.1972245773362196	2.0794415416798357	0.6931471805599453	0.6931471805599453	0.0	1.3862943611198906	0.0	0.0	0.0	0.0	0.0	0.6931471805599453
137	0.0	1.0986122886681096	0.6931471805599453	0.0	0.6931471805599453	1.7917594692280547	1.3862943611198906	0.0	0.0	1.7917594692280547	0.0	0.0	0.6931471805599453	0.0	0.0	0.0	0.6931471805599453	1.0986122886681096	0.0	0.0
4990	0.0	0.0	0.0	0.0	0.6931471805599453	0.0	1.7917594692280547	0.0	0.0	0.0	0.0	0.0	0.0	0.0	0.6931471805599453	0.0	0.0	0.0	0.0	0.6931471805599453
1605	0.6931471805599453	0.6931471805599453	0.0	0.0	0.0	0.6931471805599453	0.0	0.0	0.6931471805599453	1.6094379124341005	0.0	0.0	1.0986122886681096	0.0	0.6931471805599453	0.6931471805599453	0.6931471805599453	0.6931471805599453	1.0986122886681096	1.6094379124341005
2231	0.0	0.0	0.0	0.0	0.0	0.0	0.0	0.6931471805599453	0.0	0.0	0.0	0.0	0.0	0.0	0.0	0.0	0.0	0.0	0.0	0.0
2224	0.0	0.0	0.0	0.0	0.6931471805599453	0.6931471805599453	0.0	0.0	0.0	1.0986122886681096	0.0	0.0	0.6931471805599453	0.0	0.6365141682948128	0.6931471805599453	0.0	0.0	0.0	1.945910149055313
3356	0.0	0.0	0.0	0.0	0.0	0.6931471805599453	0.0	0.0	0.0	0.0	0.0	0.0	0.0	0.0	0.0	0.0	0.0	0.0	0.0	0.0
9470	0.0	0.0	0.0	0.0	0.0	0.0	0.0	0.0	0.0	0.6931471805599453	0.0	0.0	0.0	0.0	0.0	0.0	0.0	0.0	1.0986122886681096	0.0
2874	0.0	0.0	0.0	0.0	0.0	0.0	0.0	0.0	0.0	0.0	0.0	0.0	0.0	0.0	0.0	0.0	0.0	0.0	0.0	0.0
29107	0.0	0.0	0.0	0.0	0.0	0.0	0.0	0.0	0.0	0.0	0.0	0.0	0.0	0.0	0.0	0.0	0.6931471805599453	0.0	0.0	0.0
1804	0.0	0.0	0.0	0.0	0.0	0.0	0.0	0.0	0.0	2.3978952727983707	0.0	0.0	0.0	1.6094379124341005	1.6094379124341005	0.0	0.6931471805599453	0.0	0.0	0.0
20025	0.0	0.0	0.0	0.0	0.0	0.0	0.0	0.0	0.0	0.0	0.0	0.0	0.0	0.0	0.0	0.0	0.0	0.0	0.0	0.0
14119	0.0	0.0	0.0	0.0	0.0	0.0	0.0	0.0	0.0	0.0	0.0	0.0	0.0	0.0	0.0	0.0	0.0	0.0	0.0	0.0
24051	0.0	0.0	0.0	0.0	0.0	0.6931471805599453	0.0	0.0	0.0	0.0	0.0	0.0	0.0	0.0	0.0	0.0	0.0	0.0	0.0	0.0
41103	0.0	0.0	0.6931471805599453	0.0	0.0	0.0	0.6931471805599453	1.3862943611198906	0.0	0.0	0.0	0.0	0.6931471805599453	0.0	0.6931471805599453	0.6931471805599453	0.0	0.0	0.0	0.0
10639	0.0	0.0	0.0	0.0	0.0	0.0	0.0	0.0	0.0	0.0	0.0	0.0	0.0	0.0	0.0	0.0	0.0	0.0	0.0	0.0
2123	0.0	0.0	0.0	0.0	0.0	1.3862943611198906	1.0986122886681096	1.3862943611198906	1.6094379124341005	0.0	0.0	0.0	1.7917594692280547	0.0	0.0	0.0	0.0	0.0	0.0	0.0
32588	0.0	0.0	0.0	1.945910149055313	0.0	0.0	0.0	1.0986122886681096	1.0986122886681096	0.0	0.0	0.0	0.0	0.0	1.0986122886681096	1.3862943611198906	0.0	0.0	0.0	0.0
10771	2.0431918705451206	1.0986122886681096	1.945910149055313	0.6931471805599453	1.3862943611198906	0.0	0.6931471805599453	1.3862943611198906	0.0	0.6931471805599453	0.0	0.0	0.0	1.0986122886681096	1.3862943611198906	1.7917594692280547	0.0	1.5607104090414063	1.0986122886681096	1.6094379124341005
8506	0.0	0.0	0.0	0.0	0.0	0.0	0.0	0.0	0.0	0.0	0.0	0.0	0.0	0.0	0.0	0.0	0.0	0.0	0.0	0.0
958	0.0	0.6931471805599453	1.0986122886681096	1.0986122886681096	1.3862943611198906	0.0	1.0986122886681096	2.0431918705451206	0.0	1.6094379124341005	1.3862943611198906	1.3862943611198906	0.0	1.7917594692280547	0.6931471805599453	1.0986122886681096	0.6931471805599453	0.0	0.0	0.0
10843	0.0	0.6931471805599453	0.0	0.0	0.0	0.0	2.0794415416798357	0.0	0.0	0.0	0.0	0.0	0.0	0.0	0.0	0.0	0.0	0.0	0.0	0.0
3273	0.0	0.0	0.0	0.0	0.6365141682948128	1.0986122886681096	0.6931471805599453	0.0	0.0	0.6931471805599453	0.6931471805599453	0.0	0.0	0.6931471805599453	0.0	0.0	0.0	0.0	0.0	0.6931471805599453
10034	0.0	0.0	0.0	0.0	0.0	0.0	0.0	0.0	0.0	1.3862943611198906	0.0	0.0	0.0	0.0	0.0	0.0	0.0	0.0	0.0	0.0
1401	0.0	0.0	0.0	0.0	0.0	0.0	0.0	0.0	0.0	0.0	0.0	0.0	0.0	0.0	0.0	0.0	0.0	0.0	0.0	0.0
52804	0.0	0.0	0.0	0.0	0.0	0.0	0.0	0.0	0.0	0.0	0.0	0.0	0.0	0.0	0.0	0.0	0.0	0.0	0.0	0.0
9461	0.0	0.0	0.0	0.0	0.0	0.0	0.0	0.0	0.0	0.0	0.0	0.0	0.0	0.0	0.0	0.0	0.0	0.0	0.0	0.0
17231	0.0	0.0	1.3862943611198906	0.0	0.0	0.0	0.0	0.0	0.0	0.0	0.0	0.0	0.0	0.0	0.0	0.0	0.0	0.0	0.0	0.0
33339	0.0	0.0	0.0	0.0	0.0	0.0	0.0	0.0	0.0	0.0	0.0	0.0	0.0	0.0	0.0	0.0	0.0	0.0	1.3862943611198906	0.0
7360	0.0	0.0	0.0	0.0	0.0	0.0	0.0	0.0	0.0	0.0	0.0	0.0	0.0	0.0	0.0	0.0	0.0	0.0	0.0	0.0
46381	0.0	0.0	0.0	0.0	0.0	0.0	0.0	0.0	0.0	0.0	0.0	0.0	0.0	0.0	0.0	0.0	0.0	0.0	0.0	0.0
10789	0.0	0.0	0.0	1.0986122886681096	0.0	0.0	0.0	0.0	0.0	0.0	0.0	0.0	0.0	0.6931471805599453	0.0	0.0	0.0	0.0	0.0	0.0
2869	1.3321790402101223	0.0	1.3862943611198906	2.3693821196946767	1.0986122886681096	2.0253262207700673	0.6931471805599453	2.1972245773362196	2.3025850929940455	0.0	0.0	2.1972245773362196	2.3025850929940455	0.6931471805599453	2.458311329683084	1.6094379124341005	0.0	0.6931471805599453	0.6931471805599453	0.0
26183	0.0	0.0	0.0	0.0	0.0	0.0	0.0	0.0	0.0	0.0	0.0	0.0	0.0	0.0	0.0	0.0	0.0	0.0	0.0	0.0
50647	0.0	0.0	0.0	0.0	0.0	0.0	0.0	0.0	0.0	0.0	0.6931471805599453	0.0	0.0	0.6931471805599453	0.0	0.0	0.0	0.0	0.0	0.0
564	0.0	0.0	0.0	0.0	0.0	0.0	0.0	0.0	0.0	0.0	0.0	0.0	0.0	0.0	0.0	0.6931471805599453	0.0	0.0	0.0	0.0
10798	0.0	0.0	0.0	0.0	0.0	0.0	0.0	0.0	0.6931471805599453	0.0	0.0	0.0	0.0	0.0	0.0	0.0	0.0	0.0	0.0	0.0
19410	0.0	0.0	0.0	0.0	0.0	0.0	0.0	0.0	0.0	0.0	0.0	0.0	0.0	0.0	0.0	0.0	0.0	0.6931471805599453	0.0	0.0
36178	0.0	0.0	0.0	0.0	0.6931471805599453	1.5607104090414063	0.6931471805599453	0.0	1.6094379124341005	1.0397207708399179	1.6094379124341005	0.6931471805599453	0.6931471805599453	1.0986122886681096	1.3862943611198906	1.6094379124341005	0.0	2.1972245773362196	0.0	0.0
10695	0.0	0.0	0.0	0.0	0.0	0.0	0.0	0.0	0.0	2.0794415416798357	0.0	0.0	0.0	0.0	0.0	0.0	0.0	0.0	0.0	0.0
10693	0.0	0.0	0.0	0.0	0.0	0.0	0.0	0.0	0.0	0.0	0.0	0.0	0.0	0.0	0.0	0.0	0.0	0.0	0.0	0.6931471805599453
9140	0.0	0.0	0.0	1.0986122886681096	0.0	0.0	0.0	0.0	0.0	0.0	0.0	0.0	1.3862943611198906	0.6931471805599453	0.0	1.0986122886681096	0.0	0.0	1.0986122886681096	0.0
20305	0.0	0.0	0.0	0.0	0.0	0.0	0.0	0.0	0.0	0.0	0.0	0.0	0.0	0.0	0.0	0.0	0.0	0.0	0.0	0.0
6965	0.0	0.0	0.0	0.0	0.0	0.0	0.0	0.0	0.0	0.0	0.0	0.0	0.6931471805599453	0.0	0.0	0.0	0.0	0.0	0.0	0.0
53160	0.0	0.0	0.0	0.0	0.0	0.0	0.0	0.0	0.0	0.0	0.0	0.0	0.0	1.0986122886681096	0.0	0.0	0.0	0.0	0.0	0.0
4823	0.6931471805599453	0.0	0.0	0.0	0.0	0.0	0.0	0.0	0.0	0.0	0.0	0.0	0.0	0.0	0.0	0.0	0.0	0.0	0.0	0.0
9751	0.0	0.0	0.0	0.0	0.0	0.0	0.0	0.0	0.0	0.0	0.0	0.0	0.0	0.0	0.0	0.0	0.0	0.0	0.0	0.0
9149	0.0	0.0	0.0	0.0	0.0	0.0	0.0	0.0	0.0	0.0	0.0	0.0	0.0	0.0	0.0	0.0	0.0	0.0	0.0	0.0
59696	0.0	0.0	0.0	0.0	0.0	0.0	0.0	0.0	0.0	0.0	0.0	0.0	0.0	0.0	0.0	0.0	0.0	0.0	0.0	0.0
8396	0.0	0.0	0.6931471805599453	0.0	0.0	0.0	0.0	0.0	0.0	0.0	0.0	0.0	0.0	0.0	0.0	0.0	0.0	0.0	0.6931471805599453	0.0
9637	0.0	0.0	0.0	0.0	0.0	0.0	0.0	0.0	0.0	0.0	0.0	0.0	0.6931471805599453	0.6931471805599453	0.6931471805599453	0.0	0.0	2.0794415416798357	0.6931471805599453	1.6094379124341005
68346	0.0	0.0	0.0	0.0	0.0	0.0	0.0	0.0	0.0	0.0	0.0	0.0	0.0	0.0	0.0	0.0	0.0	0.0	0.0	0.0
33417	0.0	0.0	0.0	0.0	0.0	0.0	0.0	0.0	0.0	0.0	0.0	0.0	0.0	0.0	0.0	0.0	0.0	0.0	0.0	0.0
671	0.0	0.0	2.1972245773362196	0.0	0.0	0.0	1.6094379124341005	0.0	0.6931471805599453	0.0	1.0986122886681096	0.0	0.0	0.0	0.0	0.0	0.0	0.0	0.0	0.0
3550	0.0	1.945910149055313	0.6931471805599453	0.0	0.6931471805599453	0.0	0.0	0.0	1.0986122886681096	0.0	0.6931471805599453	0.0	0.0	0.0	0.0	0.0	0.6931471805599453	0.0	0.0	1.0986122886681096
1797	0.0	0.0	0.0	0.0	0.0	0.0	0.0	0.0	0.0	0.0	0.0	0.0	0.0	0.0	0.0	0.0	1.0986122886681096	0.0	0.0	1.3862943611198906
54725	0.0	1.0986122886681096	0.0	0.6931471805599453	1.0986122886681096	0.0	0.6931471805599453	1.0986122886681096	0.0	0.0	0.6931471805599453	0.0	0.0	0.0	0.6931471805599453	0.0	0.0	0.0	0.6931471805599453	1.0986122886681096
41469	0.0	0.0	0.0	0.0	0.0	0.0	0.0	0.0	0.0	0.0	0.0	0.0	0.0	0.0	0.0	0.0	0.0	0.0	0.0	0.0
8934	0.0	0.0	0.0	0.0	0.0	0.0	0.0	0.0	0.0	0.0	0.0	0.0	0.0	0.0	0.0	0.0	0.0	0.0	0.0	0.0
2299	0.0	0.6931471805599453	0.0	0.6931471805599453	0.0	0.0	0.6931471805599453	0.0	0.0	1.0986122886681096	0.0	1.3862943611198906	0.0	0.0	0.6931471805599453	0.0	0.0	0.0	0.0	0.6931471805599453
32759	0.0	0.0	0.0	1.0986122886681096	0.0	1.0986122886681096	0.0	0.6931471805599453	0.0	0.6931471805599453	0.0	0.0	1.3862943611198906	0.0	0.0	1.0986122886681096	0.0	1.0986122886681096	1.0986122886681096	0.0
3000	0.0	1.3862943611198906	0.0	0.0	0.0	0.0	0.0	0.0	0.0	0.0	0.0	0.0	0.0	0.0	0.0	0.0	0.0	0.0	0.0	0.0
3543	0.0	0.0	0.0	0.0	1.6094379124341005	0.0	0.0	0.0	0.0	0.0	0.0	0.0	0.0	0.0	0.0	0.0	0.0	0.0	0.0	0.0
19152	0.0	0.0	0.0	1.7917594692280547	0.0	0.0	0.0	1.0986122886681096	1.0986122886681096	0.0	0.0	0.0	0.0	0.0	0.0	0.0	0.0	0.0	0.0	0.0
3002	0.0	0.0	0.0	0.0	0.0	0.0	0.0	0.0	0.0	0.0	0.0	0.0	0.0	0.0	0.0	0.0	0.0	0.0	0.0	0.0
8199	0.0	0.0	0.0	0.0	0.0	0.6931471805599453	0.0	1.0986122886681096	1.9061547465398496	0.0	0.0	0.0	0.0	0.0	0.0	0.6931471805599453	0.0	0.0	0.0	0.0
8198	1.3862943611198906	0.0	0.0	0.0	0.0	0.0	0.0	0.0	0.0	0.0	0.6931471805599453	0.0	0.0	0.0	0.0	0.0	1.6094379124341005	0.6931471805599453	0.0	0.6931471805599453
48857	0.0	0.0	0.0	0.0	0.0	0.0	0.0	0.0	0.0	0.0	0.0	0.0	0.0	0.0	0.0	0.0	0.0	0.0	0.0	0.0
9052	0.0	0.0	0.0	0.0	0.0	0.0	0.0	0.0	0.0	0.0	0.0	0.0	0.0	0.0	0.0	0.0	0.0	0.0	0.0	0.0
27515	0.0	0.0	0.0	0.6931471805599453	0.0	0.0	0.0	0.0	1.0986122886681096	0.0	0.6931471805599453	0.0	0.0	0.0	0.0	0.0	0.0	0.0	0.0	0.0
2621	0.0	0.0	0.0	0.0	0.0	0.0	0.0	0.0	0.0	0.0	0.0	0.0	0.0	0.0	0.0	0.0	0.0	0.0	0.0	0.0
3420	0.0	0.0	0.0	0.0	0.0	0.0	0.0	0.0	0.0	0.0	0.0	0.0	0.0	0.0	0.0	0.0	0.0	0.0	1.0986122886681096	0.0
36016	0.0	0.0	0.0	0.6931471805599453	0.0	0.0	1.0986122886681096	0.0	0.6931471805599453	0.0	0.0	0.0	0.0	0.0	0.0	0.0	0.0	0.0	0.0	0.0
6800	1.0986122886681096	1.0986122886681096	0.0	0.0	0.0	1.0986122886681096	0.0	0.0	0.0	0.0	0.0	0.0	0.0	0.0	0.0	0.0	0.0	0.0	0.0	0.0
8385	0.0	0.0	0.0	0.0	0.0	0.0	0.0	0.0	1.3862943611198906	0.0	0.0	0.0	0.0	0.0	0.6931471805599453	0.6931471805599453	0.0	0.6931471805599453	0.0	0.0
12685	0.0	1.3862943611198906	0.0	0.0	1.945910149055313	0.6931471805599453	0.0	1.0986122886681096	1.3862943611198906	1.0986122886681096	0.0	1.6674619334292948	1.3862943611198906	1.6094379124341005	0.0	0.6931471805599453	1.0986122886681096	0.0	1.7917594692280547	1.0986122886681096
2629	1.6094379124341005	2.7516666169315163	0.0	2.5400363038209806	2.0794415416798357	2.1639556568820564	1.242453324894	2.3693821196946767	3.0315905757832304	2.8133554045006157	2.1639556568820564	2.253857589601352	1.6674619334292948	2.8133554045006153	1.5607104090414063	2.2718685126965625	2.0253262207700673	2.890371757896165	1.8310204811135162	2.1458417525947544
9227	1.3862943611198906	0.6931471805599453	0.0	0.0	0.0	0.6931471805599453	0.0	0.0	1.945910149055313	0.0	1.0986122886681096	0.0	1.7917594692280547	0.6931471805599453	0.0	0.0	0.0	1.0986122886681096	1.6094379124341005	1.0986122886681096
13376	0.0	1.3862943611198906	0.0	0.0	0.0	0.0	0.0	0.0	0.0	0.0	0.0	0.0	0.0	0.0	1.7917594692280547	0.0	0.0	0.0	1.3862943611198906	0.6931471805599453
29879	0.0	0.0	0.0	0.0	0.0	0.0	0.0	0.0	0.0	0.0	0.0	0.0	0.0	0.0	0.0	0.0	1.0986122886681096	0.0	0.0	0.0
1787	0.0	0.0	0.0	0.0	0.0	0.0	0.0	1.6094379124341005	0.0	0.0	0.0	0.0	0.0	0.0	0.0	0.0	0.0	1.6094379124341005	0.6931471805599453	0.0
1501	0.0	1.0986122886681096	0.0	0.0	0.0	0.0	0.0	0.0	0.0	0.0	0.0	0.0	0.0	0.0	0.0	0.0	0.0	0.0	0.0	0.0
2273	0.0	0.0	0.0	0.0	0.0	0.0	0.0	1.3862943611198906	0.0	0.0	0.6931471805599453	0.0	0.6931471805599453	0.0	0.0	0.0	0.0	0.0	0.0	0.0
3320	1.0986122886681096	0.0	0.6931471805599453	1.0986122886681096	1.6094379124341005	1.945910149055313	1.7917594692280547	0.6931471805599453	1.0986122886681096	1.3862943611198906	0.0	0.0	1.0986122886681096	1.0986122886681096	0.0	1.0986122886681096	1.0986122886681096	1.3862943611198906	1.0986122886681096	1.3862943611198906
8950	1.7328679513998633	3.098139496353803	2.6923109941417853	2.7877881193860072	2.830713403754631	3.2188758248681983	3.335770806444736	2.7477418055719953	3.014946880179594	2.3693821196946767	2.5232109529528914	2.772588722239781	2.615630577027551	3.5213776090917057	3.6526297829792185	2.8782183066708504	2.4583113296830845	1.0986122886681096	2.1458417525947544	3.170148321475506
4947	0.6931471805599453	0.0	1.0986122886681096	0.0	1.3862943611198906	0.0	0.5623351446188083	1.5607104090414063	0.6931471805599453	0.0	1.7917594692280547	0.0	1.3862943611198906	1.3862943611198906	1.6094379124341005	0.0	0.0	0.0	1.0986122886681096	0.6931471805599453
4946	0.0	0.0	0.0	0.0	0.0	0.0	0.0	0.0	0.0	0.0	0.0	0.0	0.0	0.0	0.0	0.0	0.0	0.0	0.0	0.0
12506	0.0	0.0	0.0	0.0	0.0	0.0	0.0	0.0	0.0	0.0	0.0	0.0	0.0	1.0986122886681096	0.0	0.0	0.0	0.0	0.0	0.0
1645	0.0	0.0	0.0	0.0	0.0	0.0	0.0	0.0	0.0	0.0	0.0	0.0	0.0	0.0	0.0	0.0	0.0	0.0	0.0	0.0
43705	0.0	0.0	0.0	0.0	0.0	0.0	0.0	0.0	0.0	0.0	0.0	0.0	0.0	0.0	0.0	0.0	0.0	0.0	0.0	0.0
11927	0.0	0.0	0.0	0.0	0.0	0.0	0.0	0.0	0.0	0.0	0.0	0.0	0.0	0.0	0.0	0.0	0.0	0.0	0.0	0.0
12400	2.0794415416798357	0.6931471805599453	0.0	1.3862943611198906	0.0	0.0	0.6931471805599453	0.6931471805599453	0.0	0.0	0.0	0.0	0.0	0.0	1.0986122886681096	0.0	0.0	0.0	0.0	0.6931471805599453
9770	0.0	0.0	0.6931471805599453	0.0	0.0	0.0	0.0	0.0	0.0	0.0	0.0	0.0	0.0	0.0	0.0	0.6931471805599453	0.0	0.0	0.0	0.0
3431	0.0	0.0	0.0	0.0	0.0	0.6931471805599453	0.0	0.0	0.6931471805599453	0.0	0.6365141682948128	0.0	0.0	1.3862943611198906	0.0	0.0	0.0	0.0	1.0986122886681096	1.0986122886681096
40193	0.0	0.0	0.0	0.0	0.0	0.0	0.0	0.0	0.0	0.0	0.0	0.0	0.0	0.0	0.0	0.0	0.0	0.0	0.0	0.0
8374	0.6931471805599453	0.0	0.0	0.0	0.0	1.6094379124341005	0.0	0.0	0.0	1.945910149055313	0.0	0.0	0.0	0.0	1.945910149055313	0.0	0.0	0.0	0.0	0.0
2277	1.9061547465398496	0.0	0.6931471805599453	0.0	0.0	2.772588722239781	1.0986122886681096	0.0	0.6931471805599453	0.0	0.0	0.0	0.0	0.0	0.0	0.0	0.0	0.6931471805599453	0.6931471805599453	0.0
10683	1.0986122886681096	0.6931471805599453	0.0	0.0	0.0	0.0	0.0	0.0	0.0	0.0	2.0431918705451206	0.0	0.0	1.3862943611198906	0.6931471805599453	1.7917594692280547	0.0	1.0986122886681096	1.3862943611198906	2.1972245773362196
6177	0.0	0.0	1.7917594692280547	0.0	1.5498260458782016	0.0	0.0	0.0	0.0	0.0	2.1972245773362196	0.0	2.1639556568820564	0.0	0.0	0.0	0.0	0.0	0.0	0.0
792	0.0	0.0	0.6931471805599453	0.0	0.0	0.0	1.3862943611198906	0.6931471805599453	0.0	0.0	0.0	0.0	0.0	0.0	0.0	0.0	0.0	0.0	0.0	0.0
13364	0.0	0.0	0.0	0.0	0.0	0.0	0.0	0.0	0.0	0.0	0.0	0.0	0.0	0.0	0.6931471805599453	0.6931471805599453	0.0	0.0	0.0	0.0
48838	0.0	0.0	0.0	0.0	0.0	0.0	0.0	0.0	0.0	0.0	0.0	0.0	0.0	0.0	0.0	0.0	0.0	0.0	0.0	0.0
1639	0.0	0.0	0.0	0.0	0.0	0.0	0.0	0.0	0.0	0.0	0.0	0.0	0.0	0.0	0.0	0.0	0.0	0.0	0.0	0.0
993	0.0	0.6931471805599453	0.0	0.0	0.0	2.4849066497880012	0.0	0.0	0.6931471805599453	0.0	0.0	1.6094379124341005	0.0	0.0	2.0794415416798357	0.0	0.0	0.0	0.0	0.0
41056	0.0	0.0	0.0	0.0	0.0	0.0	0.0	0.0	0.0	0.0	0.0	0.0	0.0	0.0	0.0	0.0	0.0	0.0	0.0	0.0
40098	0.0	1.0986122886681096	0.0	0.0	0.0	0.0	0.0	0.0	0.0	0.0	0.0	0.0	0.0	0.0	0.0	0.0	0.0	0.0	0.0	0.0
16556	0.0	0.0	0.0	0.0	0.0	0.0	0.0	0.0	0.0	0.0	0.0	0.0	0.0	0.0	0.0	0.0	0.0	0.0	0.0	0.0
4955	0.0	0.0	0.0	0.0	0.0	0.0	0.0	0.0	0.0	0.0	0.0	0.0	0.0	0.0	0.0	0.0	0.0	0.0	0.0	0.0
39985	2.2718685126965625	2.3025850929940455	1.5607104090414063	1.7917594692280547	1.0986122886681096	0.6365141682948128	1.0986122886681096	1.945910149055313	0.0	1.6094379124341005	1.0986122886681096	0.0	0.0	1.3862943611198906	2.1972245773362196	1.945910149055313	1.0986122886681096	0.6365141682948128	1.0986122886681096	1.6094379124341005
58001	0.6931471805599453	0.0	0.0	0.0	0.6931471805599453	0.0	1.0986122886681096	0.6931471805599453	0.0	1.0986122886681096	1.0986122886681096	1.7328679513998633	0.0	1.0986122886681096	0.0	0.6931471805599453	0.6931471805599453	0.0	0.0	0.0
14428	0.0	0.0	0.6931471805599453	0.0	0.0	0.0	0.0	0.0	0.0	0.0	0.0	0.0	0.0	0.6931471805599453	0.0	0.0	0.0	0.0	0.0	0.0
39989	0.0	0.0	0.0	0.0	0.0	0.0	0.0	1.3862943611198906	1.0986122886681096	0.0	0.0	0.0	0.0	0.6931471805599453	1.0986122886681096	0.0	0.6931471805599453	0.6931471805599453	0.0	1.0986122886681096
23818	1.0986122886681096	0.0	0.0	0.0	0.0	0.0	0.0	0.0	0.0	0.0	0.0	0.0	0.0	0.0	0.0	0.0	0.0	0.0	0.0	0.0
2608	0.0	2.1972245773362196	0.0	0.0	0.0	0.0	0.6931471805599453	2.1972245773362196	1.6094379124341005	2.0794415416798357	1.0986122886681096	0.0	0.0	0.6931471805599453	1.0986122886681096	0.6931471805599453	0.6931471805599453	0.0	0.0	0.0
6125	0.0	1.3862943611198906	0.0	0.0	0.0	0.0	0.0	0.0	0.0	0.0	0.0	0.0	0.0	0.0	0.0	0.0	0.0	0.0	0.0	0.0
2189	0.6931471805599453	1.5607104090414063	2.0794415416798357	0.0	0.0	2.1972245773362196	1.945910149055313	1.3862943611198906	2.1972245773362196	1.945910149055313	1.7917594692280547	0.0	0.0	0.0	1.3862943611198906	1.3862943611198906	2.3693821196946767	2.599301927099795	2.4849066497880012	2.5400363038209806
13496	0.0	0.0	0.0	0.0	0.6931471805599453	0.0	0.0	0.0	0.6931471805599453	0.0	0.0	0.0	0.0	0.6931471805599453	0.0	0.0	0.0	0.0	0.0	0.0
2600	0.0	0.0	0.0	0.0	0.0	0.0	0.0	0.0	0.0	0.0	1.3862943611198906	0.0	0.0	0.6365141682948128	0.0	0.0	0.0	0.0	0.0	0.0
37667	0.0	0.0	0.0	0.6931471805599453	0.0	0.0	0.0	0.0	0.0	0.0	0.0	0.0	0.0	0.0	0.0	0.0	0.0	0.0	0.0	1.3862943611198906
9825	0.6931471805599453	0.0	0.0	0.0	0.0	0.0	0.0	0.6931471805599453	0.0	0.6931471805599453	0.0	0.0	0.0	0.0	0.0	0.0	0.0	0.6931471805599453	0.0	0.0
42840	0.0	0.0	0.0	0.0	0.0	0.0	0.0	0.0	0.0	0.0	0.0	0.0	0.0	0.0	0.0	0.0	0.0	0.0	0.0	0.0
8263	0.0	0.0	3.282693997278065	0.0	0.0	0.0	0.0	0.0	0.0	0.0	1.3862943611198906	0.0	0.0	0.6365141682948128	0.0	0.0	0.0	0.0	0.0	0.0
13185	0.0	1.3862943611198906	0.6931471805599453	0.0	0.0	0.6931471805599453	0.0	0.0	0.0	0.0	1.0986122886681096	0.6931471805599453	0.6931471805599453	0.0	0.0	0.0	1.0986122886681096	1.3862943611198906	1.0986122886681096	1.0986122886681096
21337	0.0	0.0	0.0	0.0	0.0	0.0	0.0	0.0	0.0	0.0	0.0	0.0	0.0	0.0	0.0	0.0	0.0	0.0	0.0	0.0
3437	0.0	0.0	0.0	0.0	0.0	0.0	0.0	0.0	0.0	0.0	0.0	0.0	0.0	0.0	0.0	0.0	0.0	0.0	0.0	0.0
8975	0.0	0.0	0.0	1.0986122886681096	0.6931471805599453	0.0	1.3862943611198906	1.6094379124341005	0.0	0.0	0.6931471805599453	0.0	0.0	0.0	0.0	0.0	1.6094379124341005	0.0	0.0	0.0
1770	0.0	0.0	0.0	0.0	0.0	0.0	0.0	0.6931471805599453	0.0	0.0	0.0	0.0	0.0	0.0	0.0	0.0	0.0	0.0	0.0	0.0
14337	0.0	0.0	0.0	0.0	0.6931471805599453	1.3862943611198906	0.0	0.0	0.0	0.0	0.0	0.0	0.0	0.0	0.0	0.0	0.0	0.0	0.0	0.0
2503	0.0	0.0	0.0	0.0	0.0	0.0	0.0	0.0	0.0	0.0	0.0	0.0	0.0	0.0	0.0	0.0	0.0	0.0	0.0	0.0
2502	0.0	0.0	0.0	0.0	0.0	0.0	0.0	0.0	0.0	1.0986122886681096	0.0	0.0	0.0	0.0	0.0	0.0	0.0	0.0	0.6931471805599453	0.0
33640	0.0	1.0986122886681096	0.0	0.0	1.0986122886681096	0.0	0.0	0.0	0.0	0.0	0.0	0.0	0.0	0.0	0.0	0.0	0.0	0.0	0.0	0.0
1565	0.0	0.0	1.3862943611198906	0.0	0.0	1.3862943611198906	0.0	1.945910149055313	1.6094379124341005	1.7917594692280547	0.0	1.0986122886681096	0.0	0.6931471805599453	0.0	3.2826939972780647	1.3862943611198906	0.6931471805599453	1.3862943611198906	2.1972245773362196
1561	0.0	0.0	0.0	1.0986122886681096	0.0	0.0	3.404927888397862	2.6302533563892636	0.0	0.0	0.0	2.7516666169315167	0.0	0.0	2.403640410614949	0.0	0.0	0.0	1.0986122886681096	0.0
9503	0.0	0.0	0.0	0.0	1.7917594692280547	0.0	0.0	1.0986122886681096	0.0	0.0	0.0	0.0	0.6931471805599453	0.0	0.0	0.0	0.0	0.6931471805599453	0.0	1.0986122886681096
11247	0.6931471805599453	0.0	0.0	0.0	0.0	0.0	0.0	0.0	1.6094379124341005	0.6931471805599453	0.0	0.0	0.0	0.0	0.0	0.0	1.3296613488547582	0.0	1.0986122886681096	0.0
6738	1.0986122886681096	0.0	0.0	0.0	0.6931471805599453	1.6094379124341005	1.6094379124341005	0.0	0.0	0.0	0.0	0.0	0.0	0.0	0.0	0.0	0.0	1.5607104090414063	0.0	0.0
59789	0.0	0.0	0.0	0.0	0.0	0.0	0.6931471805599453	0.0	0.0	0.0	0.0	0.0	0.0	0.0	0.0	0.0	0.0	0.0	0.0	0.6931471805599453
43312	1.0986122886681096	1.9061547465398496	1.0986122886681096	1.6094379124341005	1.3862943611198906	1.0986122886681096	1.945910149055313	2.0794415416798357	1.0986122886681096	1.3862943611198906	1.0397207708399179	1.3862943611198906	1.0986122886681096	1.0986122886681096	0.6931471805599453	2.0794415416798357	1.3862943611198906	0.0	2.3025850929940455	1.945910149055313
61288	1.0986122886681096	0.0	0.0	0.0	0.0	0.0	0.0	0.0	0.0	0.0	0.0	0.0	0.0	0.0	0.0	0.0	0.0	0.6931471805599453	0.0	0.0
28888	0.0	0.0	0.0	0.0	0.0	0.0	0.0	0.0	0.0	0.0	0.0	0.0	0.0	0.0	0.0	0.0	0.0	0.0	0.0	0.0
49959	0.0	0.0	0.0	0.0	0.0	1.0986122886681096	1.3862943611198906	0.0	0.0	0.0	0.0	0.0	1.0986122886681096	0.0	0.0	0.6931471805599453	0.6931471805599453	0.0	0.0	0.0
9404	0.0	0.6931471805599453	2.6390573296152584	0.0	2.9444389791664403	0.6931471805599453	1.7917594692280547	0.0	0.0	0.6931471805599453	0.0	0.0	1.0986122886681096	0.0	0.0	0.0	2.5400363038209806	0.0	0.0	0.0
31888	0.0	0.0	0.0	0.0	0.0	0.0	0.0	0.0	0.0	0.0	0.0	0.0	0.0	0.0	0.0	0.0	0.0	0.0	0.0	0.0
2413	0.0	0.0	0.0	2.0794415416798357	1.7917594692280547	0.6931471805599453	0.0	1.0986122886681096	0.0	0.0	0.0	0.6931471805599453	0.6931471805599453	1.0986122886681096	0.0	0.0	1.0986122886681096	1.6094379124341005	0.0	0.0
9684	0.0	0.0	0.0	0.0	0.0	0.0	0.0	0.0	0.0	1.0986122886681096	0.0	0.0	0.0	0.0	0.0	0.0	0.0	0.0	0.0	0.0
1654	0.0	0.0	0.0	0.0	0.0	0.0	0.0	0.6931471805599453	0.0	0.6931471805599453	0.0	1.3862943611198906	0.0	0.0	1.6094379124341005	0.0	0.6931471805599453	0.6365141682948128	0.0	0.0
6108	0.0	0.0	0.0	0.0	0.0	0.0	0.0	0.0	0.0	0.0	0.0	0.0	0.0	0.0	0.0	0.0	0.0	0.0	0.0	0.0
8258	0.0	0.0	0.0	0.0	0.0	0.0	0.0	0.0	0.0	0.0	0.0	0.0	0.0	0.0	0.0	0.0	0.0	0.0	0.0	0.0
3181	0.0	0.0	0.0	0.0	0.0	0.0	0.0	0.0	0.0	0.0	0.0	0.0	0.0	0.0	0.0	0.0	0.0	0.0	0.0	0.0
24243	0.0	0.0	0.0	0.0	0.0	0.0	0.0	0.0	0.0	0.0	0.0	0.0	0.0	0.6931471805599453	0.0	0.0	0.0	0.0	0.0	0.0
52713	0.0	0.0	0.0	0.0	0.0	0.0	0.0	0.0	0.0	0.0	0.0	0.0	0.0	0.0	0.0	0.0	0.0	0.0	0.0	0.0
16328	0.0	0.0	0.0	0.0	0.0	0.0	0.0	0.0	0.0	0.0	0.0	0.0	0.0	0.0	0.0	0.0	0.0	0.0	0.0	0.0
4703	0.0	0.0	0.0	0.0	0.0	0.0	0.0	0.0	3.524087610813723	3.312615876974234	0.0	0.0	0.0	0.0	0.0	0.0	0.0	0.0	0.0	1.0986122886681096
46936	0.0	0.0	0.0	0.0	0.0	0.0	0.0	0.0	0.0	0.0	0.0	0.0	0.0	0.0	0.0	0.0	0.0	0.0	0.0	0.0
6244	0.0	0.0	0.0	1.0986122886681096	0.0	2.1972245773362196	0.0	0.0	0.0	0.0	0.0	0.0	0.0	0.0	0.0	0.0	0.6931471805599453	0.0	0.6931471805599453	0.0
32500	0.0	0.0	0.0	0.0	0.0	0.0	0.6931471805599453	0.0	0.0	0.0	0.0	0.0	0.0	0.0	0.0	0.0	0.0	0.0	0.0	0.6931471805599453
6246	0.6931471805599453	1.945910149055313	0.0	0.0	1.0986122886681096	0.0	0.0	0.0	0.0	0.0	0.0	0.0	0.0	0.0	0.0	0.0	0.0	0.0	0.0	1.3862943611198906
12448	1.3862943611198906	0.0	0.0	0.0	0.6931471805599453	1.3862943611198906	0.0	0.0	0.0	0.6931471805599453	1.0986122886681096	0.0	0.0	0.6931471805599453	0.0	0.6931471805599453	0.0	0.6931471805599453	0.0	0.6931471805599453
3459	0.0	0.0	0.0	0.0	0.0	0.0	0.0	0.0	0.0	0.0	0.0	0.0	0.0	0.0	0.0	0.0	0.0	0.0	1.3862943611198906	0.0
12324	0.0	0.0	0.0	0.0	0.0	0.0	0.0	0.0	0.0	0.0	0.0	0.0	0.0	0.0	0.0	0.0	0.0	0.0	0.0	0.0
59161	0.0	0.0	0.0	0.0	0.0	0.0	0.0	0.0	0.0	0.0	0.0	0.0	0.0	0.0	0.0	0.0	0.0	0.0	0.0	0.0
3454	0.0	0.0	1.6094379124341005	0.0	1.3862943611198906	0.0	0.0	0.0	0.0	0.6931471805599453	1.0986122886681096	1.945910149055313	1.6094379124341005	1.6094379124341005	0.0	0.0	0.0	1.3862943611198906	1.3862943611198906	0.0
53736	0.0	0.0	0.0	0.0	0.0	0.0	0.0	0.6931471805599453	0.6931471805599453	0.0	0.0	0.6931471805599453	0.6931471805599453	0.0	1.0986122886681096	0.0	0.6931471805599453	1.0986122886681096	0.6931471805599453	1.0986122886681096
38163	0.0	0.0	0.0	0.0	0.0	0.0	0.0	0.0	0.0	0.0	0.0	0.0	0.0	0.0	0.0	0.0	0.0	0.0	0.0	0.0
8993	0.0	0.0	0.0	0.0	0.0	0.0	0.0	0.0	0.0	0.0	0.0	0.0	0.0	0.0	0.0	0.0	0.0	0.0	0.0	0.0
3657	0.0	0.0	0.0	0.0	0.6931471805599453	0.0	0.6931471805599453	0.0	2.3978952727983707	0.0	0.0	0.0	0.6931471805599453	1.6094379124341005	0.0	1.3862943611198906	0.6365141682948128	0.6931471805599453	0.0	0.0
42075	1.3862943611198906	1.945910149055313	1.7917594692280547	0.6931471805599453	0.0	0.0	0.0	0.0	0.6931471805599453	1.3862943611198906	1.0986122886681096	0.0	0.0	0.0	0.6931471805599453	1.6094379124341005	0.0	1.0986122886681096	1.945910149055313	1.0986122886681096
11060	0.6931471805599453	0.0	0.0	0.0	0.0	0.0	0.0	0.0	0.0	1.3862943611198906	0.0	0.0	0.0	0.0	0.0	1.7917594692280547	0.0	0.0	0.0	0.0
658	1.0986122886681096	0.0	0.0	1.0986122886681096	1.6094379124341005	0.0	1.7917594692280547	0.0	0.0	0.0	0.0	0.0	0.6931471805599453	0.0	0.0	0.0	0.0	0.0	2.4583113296830845	0.0
13325	0.6931471805599453	0.0	1.3862943611198906	0.0	1.0986122886681096	0.0	0.0	0.0	1.0986122886681096	0.6931471805599453	0.6931471805599453	0.0	1.945910149055313	0.0	0.0	1.6094379124341005	0.6931471805599453	1.7917594692280547	1.7917594692280547	0.6931471805599453
65629	0.0	0.0	0.0	0.0	0.0	0.0	0.0	0.0	0.0	0.0	0.0	0.0	0.0	0.0	0.0	0.0	0.0	0.0	0.0	0.0
9278	1.0986122886681096	0.6931471805599453	1.6094379124341005	0.0	1.0986122886681096	0.0	0.0	0.6931471805599453	1.3862943611198906	0.0	2.4849066497880012	0.0	0.6931471805599453	0.0	1.7917594692280547	0.0	2.1972245773362196	2.395908119293929	1.945910149055313	1.7478680974667573
6132	0.0	0.0	0.0	0.0	0.0	0.0	1.6094379124341005	0.0	0.0	0.0	0.0	0.0	0.0	0.0	0.0	0.0	0.0	0.0	0.0	0.0
56830	0.0	0.0	0.0	0.0	0.0	0.0	0.0	0.0	0.0	0.0	0.0	0.0	0.0	0.0	0.0	0.0	0.0	0.0	0.0	0.0
21081	0.0	0.0	0.0	0.0	0.0	0.0	0.0	0.0	0.0	0.0	0.0	0.0	0.0	0.0	0.0	0.0	0.0	0.0	0.6931471805599453	0.0
1736	0.0	0.0	1.3862943611198906	0.6365141682948128	1.3862943611198906	0.0	0.6931471805599453	0.0	0.0	0.0	0.0	0.6931471805599453	0.0	0.0	0.0	1.7917594692280547	0.0	0.6931471805599453	0.0	0.0
25622	0.0	0.0	0.0	0.0	0.0	0.0	0.0	0.0	0.0	0.0	0.0	0.0	0.0	0.0	0.0	0.0	0.0	0.0	0.0	0.0
9834	0.0	0.0	0.0	0.0	0.0	0.0	0.0	0.0	0.0	0.0	0.0	0.0	0.0	0.0	0.0	0.0	0.0	0.0	0.0	0.0
6233	0.0	0.6931471805599453	1.945910149055313	0.0	1.0986122886681096	0.0	2.0794415416798357	1.945910149055313	0.0	1.0986122886681096	1.0986122886681096	0.0	0.6931471805599453	1.0986122886681096	0.0	0.0	0.0	0.0	0.0	1.0986122886681096
4911	0.0	0.0	0.0	0.0	0.0	0.0	0.0	0.0	0.0	0.0	0.0	0.0	0.0	0.0	0.0	0.0	0.0	0.0	0.0	0.0
21089	1.8891591637540217	2.3693821196946767	1.7917594692280547	2.1639556568820564	2.0431918705451206	1.945910149055313	2.019814992492946	2.2718685126965625	1.6769877743224173	2.599301927099795	2.0794415416798357	2.1639556568820564	2.2718685126965625	2.3693821196946767	2.890371757896165	1.9061547465398496	2.1972245773362196	2.1972245773362196	2.1972245773362196	2.0794415416798357
12539	0.0	0.0	0.0	0.0	0.0	0.0	0.0	0.0	0.0	0.0	0.0	0.0	0.0	0.0	0.0	0.0	0.0	0.0	0.0	0.0
42959	0.0	0.0	0.0	0.0	0.0	0.0	0.0	0.0	0.0	0.0	0.0	0.0	0.0	0.0	0.0	0.0	0.0	0.0	0.0	0.0
59466	0.0	0.0	0.0	0.0	0.0	0.0	0.0	1.0986122886681096	0.0	0.0	0.0	0.0	0.0	0.0	0.0	0.0	0.0	0.0	0.0	0.0
11167	0.0	0.0	0.0	0.0	0.0	0.0	0.0	0.0	0.0	0.0	0.0	0.0	0.0	0.6931471805599453	0.0	0.0	0.0	0.0	0.0	0.0
1674	1.0397207708399179	1.3321790402101223	1.6094379124341005	0.6931471805599453	0.0	0.0	0.0	0.0	0.0	1.0986122886681096	1.0986122886681096	1.0986122886681096	0.0	1.945910149055313	0.0	0.0	0.0	0.0	0.0	0.0
-1	4.358750772941725	5.331744116598907	5.481757610390711	5.570638068805292	5.419637602433231	5.509318341713656	5.445013457622444	5.247961005160985	5.258365990532487	5.356925646787363	5.021890449102236	5.203029938250341	5.115302264424088	5.227926967262612	5.080693757066399	5.329838938191817	5.231733878650131	5.910672969370354	6.296236597987325	5.439465571613878
12431	1.6094379124341005	2.3693821196946767	0.6931471805599453	0.0	0.0	0.0	1.6094379124341005	0.0	0.0	0.0	0.0	0.0	0.0	1.945910149055313	0.0	0.0	0.0	0.6931471805599453	0.6931471805599453	0.6931471805599453
9138	0.0	0.0	0.0	0.0	0.0	0.0	0.0	0.0	0.0	0.0	0.0	0.0	0.0	0.0	0.0	0.0	0.0	0.0	0.0	0.0
9517	0.0	0.0	0.0	0.0	0.0	0.0	0.0	0.0	0.0	0.0	0.0	0.0	0.0	0.0	0.0	0.0	0.0	0.0	0.0	0.0
6913	0.0	0.0	0.0	0.0	0.0	0.0	0.0	0.0	0.0	0.0	0.0	0.0	0.0	0.0	0.0	0.6931471805599453	0.0	0.0	0.0	0.6931471805599453
21347	0.0	0.0	0.0	0.0	0.0	0.0	0.0	0.0	0.0	0.0	0.0	0.0	0.0	0.0	0.0	0.0	0.0	0.0	0.0	0.0
10206	0.0	0.0	0.0	1.0986122886681096	0.0	0.0	0.0	1.7917594692280547	0.0	1.0986122886681096	1.0986122886681096	0.0	0.0	0.0	0.0	0.0	0.0	0.0	0.0	0.0
12478	0.0	0.0	0.0	0.0	0.0	0.0	0.0	0.0	0.0	0.0	0.0	0.0	0.0	0.0	0.0	0.0	0.0	0.0	0.0	0.0
1478	0.0	1.9061547465398496	1.7917594692280547	1.7917594692280547	0.0	1.0986122886681096	2.3025850929940455	1.3862943611198906	0.0	1.0986122886681096	2.3978952727983707	1.8310204811135165	0.0	1.0986122886681096	1.6094379124341005	1.7917594692280547	1.0986122886681096	1.0986122886681096	2.1639556568820564	0.6931471805599453
4491	0.0	0.0	0.0	0.0	0.0	0.0	0.0	0.0	0.0	0.0	0.0	0.0	0.0	0.0	0.0	0.0	0.0	0.0	0.0	0.0
6621	0.0	0.0	0.0	0.0	0.0	0.0	0.0	0.0	0.0	0.0	0.0	0.0	0.0	0.0	0.0	0.0	0.0	0.0	0.0	0.0
6204	0.0	0.0	0.0	0.0	0.0	0.0	0.0	0.0	0.0	0.0	0.6931471805599453	0.0	0.0	0.0	0.0	0.0	0.0	0.0	0.0	0.0
4392	0.0	1.0986122886681096	2.0794415416798357	2.1972245773362196	2.9264175554979963	2.3025850929940455	0.0	2.772588722239781	2.833213344056216	2.995732273553991	2.3693821196946767	2.0794415416798357	1.3862943611198906	1.0986122886681096	1.3862943611198906	2.5232109529528914	1.3862943611198906	0.0	1.0986122886681096	1.6094379124341005
32972	0.0	0.0	0.0	0.0	0.0	0.0	0.0	0.0	0.0	0.0	0.0	0.0	0.0	0.0	0.0	0.0	0.0	0.0	0.0	0.0
12338	0.0	0.0	0.0	0.0	0.0	0.0	0.0	0.0	0.0	0.0	0.0	0.0	0.0	0.0	1.0986122886681096	0.6931471805599453	0.0	0.0	0.0	0.0
15623	0.0	0.0	0.0	0.0	0.6931471805599453	0.6931471805599453	0.0	0.0	1.3862943611198906	0.0	0.6931471805599453	1.3862943611198906	0.0	0.0	0.0	1.6094379124341005	0.6931471805599453	0.0	0.0	0.6931471805599453
62779	0.0	0.0	0.0	0.0	0.0	0.0	0.0	0.0	0.0	0.0	0.0	0.0	0.0	0.0	0.0	0.0	0.0	0.0	0.0	0.0
2439	0.0	0.0	0.0	0.0	0.0	0.0	0.0	0.0	0.0	0.0	0.0	0.0	0.0	0.0	0.0	0.0	0.0	1.945910149055313	0.0	0.0
37815	0.0	0.0	0.0	0.0	0.0	0.0	1.0986122886681096	0.0	0.0	0.0	0.0	0.0	0.6931471805599453	0.0	0.0	0.0	0.0	0.0	0.0	0.0
30031	0.0	0.0	0.0	0.0	0.0	0.0	0.0	0.0	0.0	0.0	0.0	0.0	0.0	0.0	0.0	0.0	0.0	0.0	0.0	0.0
3926	0.0	0.0	0.0	0.0	0.0	0.0	0.0	0.0	0.0	0.0	0.0	0.0	0.0	0.0	0.0	0.0	0.0	0.0	0.0	0.0
30619	0.0	0.0	0.0	0.0	0.0	0.0	0.0	0.0	0.0	0.0	0.0	0.0	0.0	0.0	0.0	0.0	0.0	0.0	0.0	0.0
12019	0.0	0.0	0.0	0.0	0.0	0.0	0.0	0.0	0.0	0.0	0.0	0.0	0.0	0.0	0.0	0.0	0.0	0.0	0.0	0.0
42777	1.3862943611198906	0.6931471805599453	0.0	1.945910149055313	2.1972245773362196	0.0	1.0986122886681096	1.3862943611198906	0.0	1.7917594692280547	1.6094379124341005	1.3862943611198906	0.0	1.3862943611198906	0.6931471805599453	0.0	1.0986122886681096	0.6931471805599453	1.3862943611198906	0.6931471805599453
2329	0.0	0.0	0.0	0.6931471805599453	0.0	0.0	0.0	0.0	1.3862943611198906	1.3862943611198906	0.0	0.0	2.3025850929940455	0.0	0.0	0.0	0.0	0.0	0.0	1.3862943611198906
5745	0.0	0.0	0.0	0.0	0.0	0.0	0.0	0.0	0.0	0.0	0.0	0.0	0.0	0.0	0.0	0.0	0.0	0.0	0.0	0.0
32986	0.0	0.0	0.0	0.0	0.0	0.0	0.0	0.0	0.0	0.0	0.0	0.0	0.0	0.0	0.0	0.0	0.0	0.0	0.0	0.0
2321	1.0986122886681096	0.0	0.0	1.3862943611198906	0.0	0.0	0.0	1.3862943611198906	0.0	0.0	1.6094379124341005	2.0794415416798357	0.0	2.3978952727983707	1.7478680974667573	2.7877881193860072	2.242973226438147	2.1972245773362196	2.3978952727983707	1.945910149055313
3091	0.0	0.0	0.0	0.0	0.0	0.0	0.0	0.0	0.0	0.0	0.0	0.0	0.0	0.0	0.0	0.0	0.0	0.0	0.0	0.0
22	0.6931471805599453	1.6094379124341005	0.6931471805599453	0.6931471805599453	2.3025850929940455	0.0	3.1760828146595914	2.4849066497880012	2.0794415416798357	2.5400363038209806	0.0	1.0986122886681096	1.3862943611198906	1.0986122886681096	0.6931471805599453	1.6094379124341005	1.6094379124341005	0.6931471805599453	1.3862943611198906	1.6094379124341005
1589	0.0	0.0	0.0	1.9061547465398496	0.6931471805599453	2.3978952727983707	0.0	0.0	0.0	0.0	0.0	0.0	0.0	0.0	0.0	0.0	0.0	0.0	0.6931471805599453	0.0
4117	0.0	0.0	1.0986122886681096	0.0	0.0	1.0986122886681096	0.0	0.0	1.0986122886681096	0.0	2.652587534720148	1.3862943611198906	1.0986122886681096	0.0	0.0	1.0986122886681096	0.0	0.0	0.6931471805599453	1.0986122886681096
28	0.0	0.0	0.0	0.0	0.0	0.0	0.0	0.0	0.0	0.0	0.0	0.0	0.0	1.0397207708399179	0.0	0.0	0.0	0.0	0.0	0.0
22283	1.0986122886681096	0.0	0.0	0.0	0.0	0.0	0.0	0.0	0.0	0.0	0.0	0.0	0.0	0.0	0.0	0.0	1.3862943611198906	0.0	1.3862943611198906	0.0
1584	0.0	0.0	0.0	0.0	0.0	0.0	0.410116318288409	0.6931471805599453	0.0	0.0	0.0	0.0	0.0	0.0	0.0	0.0	0.0	0.0	0.0	0.0
6609	0.0	0.0	0.0	0.0	1.3862943611198906	1.6094379124341005	0.0	0.0	0.0	0.0	0.0	0.0	0.6931471805599453	0.0	0.0	0.0	0.0	0.0	0.0	0.6931471805599453
4605	1.7917594692280547	0.0	0.0	0.0	0.0	0.0	0.0	0.0	0.0	0.0	0.0	0.0	0.0	0.0	0.0	0.0	0.0	0.0	0.0	0.0
60609	0.0	0.0	0.0	0.0	0.0	0.0	0.0	0.0	0.0	0.0	0.0	0.0	0.0	0.0	0.0	0.0	0.0	0.0	0.0	0.0
10474	0.0	0.0	0.6931471805599453	0.0	1.0986122886681096	0.0	0.0	0.0	0.0	0.0	0.0	0.0	0.0	0.0	0.0	0.0	0.0	0.0	0.0	0.0
7073	0.0	0.0	0.0	0.0	2.1972245773362196	0.0	0.0	0.0	1.0986122886681096	0.0	0.0	0.0	0.0	0.0	0.0	0.0	0.0	0.0	0.0	0.0
3914	0.0	0.0	0.0	0.0	0.0	0.0	0.0	0.0	0.0	0.0	0.0	0.0	0.0	0.0	0.0	0.0	0.0	0.0	0.0	0.0
65654	0.0	0.0	0.0	0.0	0.0	0.0	0.0	0.0	0.0	0.0	0.0	0.0	0.0	0.0	0.0	0.0	0.0	0.0	0.0	0.0
2331	0.0	0.0	0.0	0.0	0.0	0.0	0.0	1.0986122886681096	0.6931471805599453	0.0	0.0	0.0	0.0	0.0	0.0	0.0	0.6931471805599453	0.0	0.0	0.0
7075	1.3862943611198906	0.6931471805599453	0.0	0.6931471805599453	0.6931471805599453	1.3862943611198906	1.945910149055313	0.0	0.0	0.0	0.6931471805599453	0.0	1.0986122886681096	0.0	0.0	1.0986122886681096	1.3862943611198906	0.0	0.6931471805599453	0.0
30996	0.6931471805599453	0.6931471805599453	0.0	0.0	0.0	0.0	0.0	0.0	0.0	0.0	0.0	0.0	0.0	0.0	0.0	0.0	0.0	0.0	0.0	0.0
23124	0.0	0.0	0.0	0.0	0.0	0.0	0.0	0.0	0.0	0.0	0.0	0.0	0.0	0.0	0.0	0.0	0.0	0.0	0.0	0.0
56640	0.0	0.6931471805599453	0.0	0.0	0.0	0.0	0.0	0.0	0.0	0.0	0.0	0.0	0.0	0.0	0.6931471805599453	0.0	0.0	0.0	0.0	0.0
32999	0.0	0.0	0.0	0.0	0.0	0.0	0.0	0.0	0.0	0.0	0.0	0.0	0.0	0.6931471805599453	0.0	0.0	0.0	0.6931471805599453	1.6094379124341005	0.0
11340	0.0	0.0	0.0	0.0	0.0	0.0	0.0	0.0	0.0	0.0	0.0	0.0	0.0	0.0	0.0	0.0	0.0	0.0	0.0	0.0
28642	0.0	0.0	0.0	0.0	0.0	0.0	0.0	0.0	0.0	0.0	0.0	0.0	0.0	0.0	0.0	0.0	0.0	0.0	0.0	0.0
22153	0.6931471805599453	0.0	0.0	1.0986122886681096	0.0	0.0	1.3862943611198906	0.0	0.0	0.0	0.0	0.0	1.6094379124341005	1.945910149055313	1.6094379124341005	0.0	0.0	0.0	0.0	1.3862943611198906
35483	0.0	0.0	0.0	0.0	0.0	0.0	0.0	1.0986122886681096	0.0	0.0	0.0	0.0	0.0	0.0	0.0	0.0	0.0	0.0	0.0	0.0
5611	0.0	0.0	0.0	0.0	0.0	0.0	0.0	0.0	0.0	0.0	1.0986122886681096	0.0	1.7917594692280547	1.0986122886681096	0.0	0.0	0.0	0.0	0.0	0.6931471805599453
1071	0.0	0.0	0.0	0.0	0.0	0.0	0.0	0.0	0.0	0.0	0.0	0.0	0.0	0.0	0.0	0.0	0.0	0.0	0.0	0.0
9884	0.0	0.0	0.0	0.6931471805599453	0.6931471805599453	1.0986122886681096	1.6094379124341005	1.0986122886681096	0.6931471805599453	0.0	1.945910149055313	1.9061547465398496	1.3862943611198906	1.0986122886681096	1.3862943611198906	0.0	0.0	0.0	0.0	1.0986122886681096
4370	0.0	0.0	0.0	0.0	0.0	0.0	0.0	0.0	0.0	0.0	0.0	0.0	0.0	0.0	0.0	0.0	0.0	0.0	0.0	0.0
15406	0.0	0.0	0.0	0.0	0.0	0.0	0.0	0.0	0.0	0.0	0.0	0.0	0.0	0.0	0.0	0.0	0.0	0.6931471805599453	0.0	0.0
2598	0.0	1.3862943611198906	0.0	0.0	0.0	0.0	0.0	0.0	0.0	1.0986122886681096	0.0	0.0	0.0	0.0	0.0	0.6931471805599453	0.0	0.0	0.0	0.0
1992	0.0	0.0	0.0	0.0	2.0794415416798357	2.0794415416798357	1.0986122886681096	0.0	1.6674619334292948	0.0	0.6931471805599453	0.6365141682948128	0.6931471805599453	0.0	0.0	0.0	0.0	0.0	0.0	0.0
1993	0.0	0.0	0.6931471805599453	0.0	0.0	0.0	0.0	0.6931471805599453	0.0	1.7478680974667573	0.0	0.0	1.3321790402101223	0.6931471805599453	1.0397207708399179	2.2718685126965625	0.0	1.6094379124341005	0.0	0.0
55524	1.0986122886681096	0.0	0.0	0.0	0.0	0.0	0.0	0.0	0.0	0.0	0.0	0.0	0.0	0.0	0.0	0.0	0.0	0.0	0.0	0.0
61517	0.0	0.0	0.0	0.0	0.0	0.0	0.0	0.0	0.0	0.0	0.0	0.0	0.0	0.0	0.0	0.0	0.0	0.0	0.0	0.0
7180	1.0986122886681096	0.0	0.0	0.0	0.0	0.0	0.0	0.0	0.6931471805599453	0.0	0.0	0.0	0.0	0.0	1.0986122886681096	0.0	0.0	0.0	0.0	0.0
18079	0.0	0.0	0.0	0.0	0.0	0.0	0.0	0.0	0.0	0.0	0.0	0.0	0.0	0.0	0.0	0.0	0.0	0.0	0.0	0.0
55663	0.0	0.0	0.0	0.0	0.0	0.0	0.0	0.0	0.0	0.0	1.3862943611198906	0.0	0.6931471805599453	0.0	0.0	0.0	0.0	0.0	0.0	0.0
10310	0.0	0.0	0.0	0.0	0.0	1.7917594692280547	0.0	0.0	0.0	0.0	0.0	0.0	0.0	0.0	0.0	0.0	0.0	0.0	0.0	0.0
1466	0.6931471805599453	2.4849066497880012	1.9730014063936125	2.3025850929940455	0.6365141682948128	1.0986122886681096	2.0794415416798357	2.4849066497880012	0.0	2.3025850929940455	1.6094379124341005	2.5232109529528914	1.3862943611198906	2.8215638078603638	2.3978952727983707	2.8571028374420018	2.1972245773362196	1.0397207708399179	3.0445224377234217	2.798513256943294
12106	0.0	0.0	0.0	0.0	0.0	0.0	0.0	0.0	0.0	0.0	0.0	0.0	0.0	0.0	0.0	0.0	0.0	0.0	0.0	0.0
5898	0.0	0.0	0.0	0.0	0.0	0.0	0.0	0.0	0.0	0.0	0.0	0.0	0.0	0.0	0.0	0.0	0.0	0.0	0.0	0.0
1463	0.0	0.0	0.0	0.0	0.0	0.0	0.0	0.0	0.0	0.6931471805599453	0.6931471805599453	0.0	0.0	0.0	0.0	0.0	0.0	0.0	0.0	0.0
5629	0.0	0.0	0.0	0.0	0.0	0.0	0.0	0.0	0.0	0.0	0.0	0.0	0.0	0.0	0.0	0.0	0.0	0.0	0.0	0.0
36099	0.0	0.0	0.0	0.0	0.0	0.0	0.0	0.0	0.0	0.0	0.0	0.0	0.0	0.0	0.0	0.0	0.0	0.0	0.0	0.0
2304	0.0	0.0	0.0	0.0	0.0	0.0	0.0	0.0	0.0	0.0	0.6931471805599453	0.0	0.0	1.0986122886681096	0.0	0.0	0.0	0.0	0.0	0.0
37961	0.0	0.0	0.0	0.0	0.0	0.0	0.0	0.0	0.0	0.0	0.0	0.0	0.0	0.0	0.0	0.0	0.0	0.0	0.0	0.0
4381	0.0	0.0	0.0	0.0	0.0	0.0	0.0	0.0	0.0	0.0	0.0	0.0	0.0	0.0	0.0	0.0	0.0	0.0	0.0	0.0
34017	0.0	0.0	0.0	0.0	0.0	0.0	0.0	0.0	0.0	0.0	0.0	0.0	0.0	0.0	0.0	0.0	0.0	0.0	0.0	0.0
23108	0.0	0.0	0.0	0.0	0.0	0.0	0.0	0.0	0.0	0.0	0.0	0.0	0.0	0.0	0.0	0.0	0.0	0.0	0.0	0.0
4629	0.6931471805599453	0.6931471805599453	0.0	0.6931471805599453	0.0	1.7917594692280547	0.6931471805599453	0.6931471805599453	0.0	1.0986122886681096	0.0	0.6931471805599453	2.253857589601352	0.6931471805599453	0.0	0.0	0.0	0.0	1.6094379124341005	0.6931471805599453
7192	0.0	0.0	0.0	0.0	0.0	0.0	0.0	0.0	0.0	0.0	0.0	0.0	0.0	0.0	0.0	0.0	0.0	0.0	0.0	0.0
35088	0.0	0.0	0.0	0.0	0.0	0.0	0.0	0.0	0.0	0.0	0.0	0.0	0.0	0.0	0.0	0.0	0.0	0.0	0.0	0.0
7056	0.0	0.0	0.0	0.0	0.0	0.0	0.0	0.0	0.0	0.0	0.0	0.0	0.0	0.0	0.0	0.0	0.0	0.0	0.0	0.0
74414	0.0	0.0	0.0	0.0	0.0	0.0	0.0	0.0	0.0	0.0	0.0	0.0	0.0	0.0	0.0	0.0	0.0	0.0	0.0	0.0
9071	0.0	0.0	0.0	0.0	0.0	0.0	0.0	0.0	0.0	0.0	0.0	0.0	0.0	0.0	0.0	0.0	0.0	0.0	0.0	0.0
12156	0.6931471805599453	1.7917594692280547	0.0	0.0	0.0	0.0	2.3978952727983707	1.7917594692280547	0.0	0.0	0.0	1.7917594692280547	0.0	1.0986122886681096	0.0	0.0	0.0	0.6931471805599453	1.7917594692280547	0.0
25070	0.0	0.0	0.0	0.0	0.0	0.0	0.0	0.0	0.0	0.0	0.0	0.0	0.0	0.0	0.0	0.0	0.0	0.0	0.0	0.0
7645	0.0	0.0	0.0	0.0	0.0	0.0	0.0	0.0	0.0	0.0	0.0	0.0	0.0	0.0	0.0	0.0	0.6931471805599453	0.0	0.0	0.0
48470	0.0	0.0	0.0	0.0	0.0	0.0	0.0	0.0	0.0	0.0	0.0	0.0	0.0	0.0	0.0	0.0	0.0	0.0	0.0	0.0
73264	0.0	0.0	0.0	0.0	0.0	0.0	0.0	0.0	0.0	0.0	0.0	0.0	0.0	0.0	0.0	0.0	0.0	0.0	0.0	0.0
7783	0.0	0.0	0.0	0.0	0.0	0.0	0.0	0.6931471805599453	0.0	0.0	0.0	0.0	0.0	0.0	0.0	0.0	0.0	0.0	0.0	0.0
2467	0.0	0.0	0.0	0.0	0.0	0.0	0.0	0.6931471805599453	0.0	1.6094379124341005	0.0	0.0	1.7917594692280547	0.0	0.0	0.0	1.0986122886681096	0.0	0.0	0.0
23164	0.0	0.0	0.0	0.0	0.0	0.0	0.0	0.0	0.0	0.0	0.0	0.0	0.0	0.0	0.0	0.0	0.0	0.0	0.0	0.0
56600	0.0	0.0	0.0	0.0	0.0	0.0	0.0	0.0	0.0	0.0	0.0	0.0	0.0	0.0	0.0	0.0	0.0	0.0	0.0	0.0
3950	0.0	0.0	0.0	2.3693821196946767	0.0	0.0	0.0	1.6094379124341005	1.3862943611198906	0.0	0.0	0.0	0.0	0.0	0.0	0.0	0.0	0.0	0.0	0.0
18316	1.6094379124341005	1.0986122886681096	0.0	0.0	0.0	0.0	0.0	0.0	0.0	0.0	0.0	0.0	0.0	0.6931471805599453	0.0	0.0	0.6931471805599453	0.0	0.0	0.0
65831	0.0	0.0	0.0	0.0	0.0	0.0	0.0	0.0	0.0	0.0	0.0	0.0	0.0	0.0	0.0	0.0	0.0	0.0	0.0	0.0
55514	0.0	0.0	0.0	0.0	0.0	0.0	0.0	0.0	0.0	0.0	0.0	0.0	0.0	0.0	0.0	0.0	0.0	0.0	0.0	0.0
60991	0.0	0.0	0.0	0.0	0.0	0.0	0.0	0.0	0.0	0.0	0.0	0.0	0.0	0.0	0.0	0.0	0.0	0.0	0.0	0.0
10432	1.3862943611198906	0.0	0.0	0.0	0.0	0.0	0.0	0.0	0.0	0.0	1.0986122886681096	0.0	0.0	0.0	0.0	0.0	0.6931471805599453	0.0	0.0	0.0
4084	0.0	0.0	0.0	0.0	0.0	0.0	0.0	0.0	0.0	0.0	0.0	0.0	0.0	0.0	0.0	0.0	0.0	0.0	0.0	0.0
64706	0.0	0.0	0.0	0.0	0.0	0.0	0.0	0.0	0.0	0.0	0.0	0.0	0.0	0.0	0.0	0.0	0.0	0.0	0.0	0.0
2561	2.599301927099795	2.6723516979942694	3.2451263407580138	2.698011019844113	3.396633717042106	3.4678540963518416	3.845136615170032	3.3139617015716873	2.9381824546861237	3.244454041262864	3.5756433573558963	3.071080362736029	3.181211671637518	2.4410152780267027	3.173102701104462	1.3321790402101223	2.9530375303326304	2.932204951403086	3.6158377361186274	3.42011553372973
2359	0.0	0.0	0.0	1.6094379124341005	1.0986122886681096	0.6931471805599453	2.70805020110221	0.0	0.6931471805599453	0.0	0.0	0.0	2.0794415416798357	1.7917594692280547	1.945910149055313	0.6931471805599453	1.6094379124341005	2.4849066497880012	0.0	1.6094379124341005
17621	0.0	0.0	0.0	0.6931471805599453	0.0	0.0	0.0	0.0	0.0	0.0	0.0	0.0	0.0	0.0	0.0	0.0	0.0	0.0	0.0	0.0
3607	0.0	0.0	0.0	0.0	0.0	0.0	0.0	0.0	0.0	0.0	0.0	0.0	0.0	0.0	0.0	0.0	0.0	0.6931471805599453	0.0	0.0
58	0.0	0.0	1.7917594692280547	1.3862943611198906	1.0986122886681096	2.3693821196946767	1.5607104090414063	1.3862943611198906	2.1639556568820564	1.3862943611198906	1.3862943611198906	1.0986122886681096	1.3862943611198906	2.0794415416798357	1.5607104090414063	1.945910149055313	1.6094379124341005	1.0986122886681096	1.945910149055313	1.3862943611198906
3505	0.0	0.0	0.0	0.0	0.0	0.0	1.0986122886681096	1.3862943611198906	0.0	0.0	0.6931471805599453	0.0	0.6931471805599453	0.0	0.0	0.0	0.0	1.0986122886681096	0.0	0.0
11101	1.6094379124341005	0.0	0.6931471805599453	0.0	1.945910149055313	0.0	0.0	2.0794415416798357	0.0	0.0	0.0	0.0	0.0	1.3862943611198906	0.6931471805599453	1.0986122886681096	1.945910149055313	0.0	1.0986122886681096	0.0
13647	3.2255573283925214	2.3025850929940455	1.945910149055313	0.0	1.6094379124341005	3.0445224377234217	1.9061547465398496	0.6931471805599453	0.0	0.6931471805599453	0.6931471805599453	0.6931471805599453	1.7478680974667573	0.6931471805599453	0.6931471805599453	2.1639556568820564	0.0	0.6931471805599453	0.0	1.6094379124341005
32063	0.0	1.0397207708399179	1.3862943611198906	0.0	0.0	0.6931471805599453	0.6931471805599453	0.6931471805599453	0.0	0.0	0.0	1.3862943611198906	0.0	0.0	0.0	0.0	0.0	1.3862943611198906	0.0	1.0986122886681096
24518	0.0	0.0	0.0	0.0	0.0	1.945910149055313	0.0	0.0	0.0	0.0	0.0	0.0	0.0	0.0	0.0	0.0	0.0	0.0	0.0	0.0
4271	0.0	0.0	1.0986122886681096	1.0986122886681096	0.0	0.0	0.0	0.0	0.0	0.0	0.0	0.0	0.0	0.0	0.6931471805599453	0.0	1.0986122886681096	0.6931471805599453	1.0986122886681096	0.0
7768	0.0	0.0	0.0	0.0	0.0	0.0	0.0	0.0	0.0	0.0	0.0	0.0	0.0	0.0	0.0	1.3862943611198906	0.0	0.0	0.0	0.0
28400	0.0	0.0	0.6931471805599453	0.0	0.0	0.0	0.0	0.0	0.0	0.0	0.0	0.0	1.3862943611198906	1.6094379124341005	0.0	0.0	0.0	0.0	0.0	0.0
4276	0.0	0.0	0.0	0.0	0.0	0.0	0.0	0.0	0.0	0.0	0.0	0.0	0.0	0.0	0.0	0.0	0.0	0.0	0.0	0.0
7083	0.0	0.0	0.0	0.0	0.0	0.0	0.0	0.0	0.6931471805599453	0.0	0.0	0.0	0.0	0.0	0.0	0.0	0.0	0.0	0.6931471805599453	1.3321790402101223
10260	0.0	0.0	0.0	0.0	0.0	0.0	0.0	0.0	0.0	0.0	0.0	0.0	0.0	0.0	0.0	0.0	0.0	0.0	0.0	0.0
2555	0.0	0.0	0.0	0.0	0.0	0.0	0.0	0.0	0.0	0.0	0.0	0.0	0.0	0.6931471805599453	0.0	0.0	0.0	0.0	0.0	0.0
7854	0.0	0.0	0.0	0.0	0.0	0.0	0.0	0.0	0.0	0.0	0.6931471805599453	0.0	0.0	0.0	0.0	0.0	0.0	0.0	0.0	0.0
48	2.3025850929940455	0.6931471805599453	1.6094379124341005	0.0	0.0	0.0	0.0	0.0	2.4036404106149494	0.0	1.0397207708399179	0.0	0.0	1.6094379124341005	0.0	0.6931471805599453	0.6931471805599453	1.0986122886681096	1.3862943611198906	0.6931471805599453
24812	0.6931471805599453	1.6094379124341005	1.0986122886681096	0.0	0.0	0.6931471805599453	0.6931471805599453	0.6931471805599453	0.0	0.0	0.0	1.3862943611198906	0.0	1.6094379124341005	0.6931471805599453	0.0	0.0	0.6931471805599453	0.0	1.0986122886681096
45	3.2047775241322567	2.821563807860364	1.7917594692280547	1.0986122886681096	0.6931471805599453	2.2718685126965625	0.6931471805599453	2.4849066497880012	1.945910149055313	1.6094379124341005	1.0986122886681096	1.6094379124341005	2.8152049266199466	2.1972245773362196	1.5607104090414063	1.3862943611198906	2.3978952727983707	0.0	1.945910149055313	0.0
74406	0.0	0.0	0.0	0.0	0.0	0.0	0.0	0.0	0.0	0.0	0.0	0.0	0.0	0.0	0.0	0.0	0.0	0.0	0.0	0.0
53516	0.0	0.6931471805599453	0.0	0.0	0.0	0.0	0.0	1.0986122886681096	0.0	0.0	0.6931471805599453	0.0	0.0	1.0986122886681096	1.0986122886681096	1.0986122886681096	0.0	1.3862943611198906	0.0	0.0
7763	0.0	0.0	0.0	0.0	0.0	0.0	0.0	1.0986122886681096	0.0	0.0	0.0	0.0	0.0	0.0	0.6931471805599453	0.0	0.0	0.0	0.0	0.0
32058	0.6931471805599453	1.3862943611198906	0.0	1.0986122886681096	0.0	0.6931471805599453	0.0	0.6931471805599453	1.6094379124341005	1.0986122886681096	0.6931471805599453	0.0	0.6931471805599453	0.0	0.0	0.0	0.0	0.0	0.0	0.6931471805599453
2489	0.0	0.0	0.0	0.0	0.0	0.0	0.0	0.0	0.0	0.0	0.0	0.0	0.0	1.3862943611198906	0.0	0.0	0.0	0.0	0.0	0.0
70677	0.0	0.0	0.0	0.0	0.0	0.0	0.0	0.0	0.0	0.0	0.0	0.0	0.0	0.0	0.0	0.0	0.0	0.0	0.0	0.0
5724	0.0	0.0	0.0	0.0	0.0	0.0	0.0	0.0	0.0	0.0	0.0	0.0	0.0	0.0	1.3862943611198906	0.6931471805599453	1.0986122886681096	1.7917594692280547	1.3862943611198906	0.6931471805599453
30776	0.0	1.0986122886681096	0.6931471805599453	0.0	1.3862943611198906	0.0	0.0	0.0	0.0	0.0	1.3862943611198906	0.0	0.0	0.0	0.0	0.0	1.0986122886681096	0.0	0.0	2.0431918705451206
4721	0.0	0.0	0.0	0.0	0.0	1.7917594692280547	0.0	0.0	0.0	0.0	0.6931471805599453	0.0	0.0	0.0	0.0	0.0	0.0	0.0	0.0	0.0
2494	0.0	0.0	0.0	0.0	0.0	0.0	0.0	0.0	0.0	0.0	0.0	0.0	0.0	0.0	0.0	0.0	0.0	0.0	0.0	0.0
11604	2.3025850929940455	0.6931471805599453	0.6931471805599453	0.6931471805599453	0.0	1.5607104090414063	0.0	0.0	0.0	0.0	0.6931471805599453	0.0	0.0	0.6931471805599453	0.0	1.3862943611198906	1.0986122886681096	0.0	0.0	1.0986122886681096
2546	0.0	0.0	0.0	0.0	0.0	0.0	0.0	0.0	0.0	0.0	0.0	0.0	0.0	0.0	0.0	0.0	0.0	0.0	0.0	0.0
7861	0.6931471805599453	0.0	0.0	0.6931471805599453	0.6931471805599453	2.1972245773362196	2.0794415416798357	0.6931471805599453	0.6931471805599453	0.0	0.0	1.945910149055313	0.0	0.6931471805599453	1.0986122886681096	1.0986122886681096	2.6701198898068172	1.0397207708399179	2.3978952727983707	1.7917594692280547
22979	0.0	0.0	0.0	0.0	0.0	0.0	0.0	0.0	0.0	0.0	0.0	0.0	0.0	0.0	0.0	0.0	0.0	0.0	0.0	0.0
1293	1.9061547465398496	1.3862943611198906	0.0	0.6931471805599453	0.6931471805599453	0.0	0.0	0.0	0.0	0.0	0.0	0.0	0.0	0.0	0.0	0.0	0.0	0.0	0.0	0.0
45673	0.0	0.0	0.0	0.0	0.0	0.0	0.0	0.0	0.0	0.0	0.0	0.0	0.0	0.0	0.0	0.0	0.0	0.0	0.0	0.0
17607	0.0	0.0	0.0	0.0	0.0	0.0	0.0	0.0	0.0	0.0	0.0	0.0	0.0	0.0	0.0	0.0	0.0	0.0	0.0	0.0
1294	0.0	0.0	0.0	0.0	0.0	0.0	0.6931471805599453	0.0	0.0	0.0	0.0	0.0	0.0	0.0	0.0	0.0	0.0	0.0	0.6931471805599453	1.0986122886681096
20701	0.0	0.0	0.0	0.0	0.0	0.0	0.0	0.0	0.0	0.0	0.0	0.0	0.0	0.0	0.0	0.0	0.0	0.0	0.0	0.0
35235	0.0	0.0	0.0	0.0	0.0	0.0	0.0	0.0	0.0	0.0	0.0	0.0	0.0	0.0	0.0	0.0	0.0	0.6931471805599453	0.0	0.0
26266	0.0	0.0	0.0	0.0	0.0	0.0	0.0	0.0	0.0	0.0	0.0	0.0	0.0	0.0	0.0	0.0	0.0	0.0	0.0	0.0
16850	0.0	0.6931471805599453	0.0	0.0	0.0	0.0	0.0	1.3862943611198906	0.0	1.7917594692280547	0.6931471805599453	0.0	1.0986122886681096	1.0986122886681096	0.6931471805599453	0.0	0.0	0.0	0.0	1.3862943611198906
17170	0.6931471805599453	2.0794415416798357	1.0986122886681096	1.3862943611198906	1.8891591637540217	2.1972245773362196	1.7917594692280547	1.7917594692280547	2.1972245773362196	2.1972245773362196	1.945910149055313	1.0549201679861442	0.0	1.6094379124341005	1.0986122886681096	1.3862943611198906	0.6931471805599453	1.6094379124341005	1.3862943611198906	0.6931471805599453
282	0.0	0.0	0.0	1.3862943611198906	0.0	0.0	1.0986122886681096	0.0	0.0	0.6931471805599453	1.6094379124341005	0.0	1.945910149055313	0.0	0.0	0.0	1.945910149055313	1.3862943611198906	0.0	0.0
51221	0.0	0.0	0.0	0.0	0.0	0.0	0.0	0.0	0.0	0.0	0.0	0.0	0.0	0.0	0.0	0.0	0.0	0.0	0.0	0.0
52693	0.0	0.0	0.0	0.0	0.0	0.0	0.0	0.0	0.0	0.0	0.0	0.0	0.0	0.0	0.0	0.0	0.0	0.0	0.0	0.0
5848	0.0	0.0	0.0	0.0	0.0	0.0	0.0	0.0	0.0	0.0	0.0	0.0	0.0	0.0	0.0	0.0	0.0	0.0	0.0	0.0
8668	0.0	0.0	0.0	0.0	0.0	0.0	0.0	0.0	0.0	0.0	0.0	0.0	0.0	0.0	0.0	0.0	0.0	0.0	0.0	1.3862943611198906
10139	0.6931471805599453	0.0	0.0	0.6931471805599453	0.0	0.6365141682948128	0.0	0.0	0.0	0.6931471805599453	0.0	0.0	0.0	0.0	0.0	0.0	0.0	0.0	0.0	0.0
7808	0.0	0.0	0.0	0.0	0.0	1.3862943611198906	1.6094379124341005	0.6365141682948128	0.0	0.0	0.0	0.0	0.0	0.0	0.0	0.0	0.0	0.0	0.0	0.0
35232	0.0	0.0	0.0	0.0	0.0	0.0	0.0	0.0	0.0	0.0	0.0	0.0	0.0	0.0	0.0	0.0	0.0	0.0	0.0	0.0
12096	0.6931471805599453	1.3862943611198906	0.0	1.7917594692280547	1.0986122886681096	0.6931471805599453	0.0	0.0	0.6931471805599453	0.6931471805599453	0.6931471805599453	0.0	0.0	0.0	1.0397207708399179	1.0986122886681096	0.0	1.0986122886681096	1.0986122886681096	0.0
7801	0.0	0.0	0.0	0.0	0.0	0.0	0.0	0.0	0.0	0.0	0.0	0.0	0.0	0.0	0.0	0.0	0.0	0.0	0.0	0.0
23067	0.0	0.0	0.0	0.0	0.0	0.0	0.0	0.0	0.0	0.0	0.0	0.0	0.0	0.0	0.0	0.0	0.0	0.0	0.0	0.0
17504	0.6931471805599453	0.0	0.0	0.0	0.0	0.0	0.0	0.0	0.0	0.0	0.0	0.0	0.0	0.0	1.3862943611198906	0.0	0.6931471805599453	0.0	1.0986122886681096	0.0
1900	0.0	0.0	0.0	0.0	0.0	0.0	0.0	0.0	0.0	0.0	0.0	0.0	0.6931471805599453	0.0	0.0	0.0	0.0	0.0	0.0	0.0
6689	0.0	0.0	0.0	0.6931471805599453	0.0	0.0	0.0	0.0	0.0	0.0	0.0	0.0	0.0	0.0	0.0	0.0	0.0	0.0	0.0	0.0
475	0.0	1.0986122886681096	0.0	0.0	0.0	0.0	0.0	0.0	0.0	0.0	0.0	0.0	0.0	0.0	0.6931471805599453	0.6931471805599453	0.0	0.6931471805599453	0.0	0.0
26459	0.6931471805599453	0.0	0.0	0.0	0.0	0.0	1.0986122886681096	0.0	0.0	0.0	1.0986122886681096	0.0	0.0	0.0	0.0	0.0	1.0986122886681096	0.0	0.0	0.0
274	2.3025850929940455	3.062529300254622	2.3978952727983707	2.5400363038209806	2.2718685126965625	2.772588722239781	2.5400363038209806	1.3862943611198906	2.2718685126965625	1.7478680974667573	2.0794415416798357	1.3862943611198906	2.615630577027551	2.3693821196946767	2.0431918705451206	2.0431918705451206	2.458311329683084	1.0986122886681096	1.0986122886681096	1.0986122886681096
273	0.0	0.0	0.0	0.0	0.0	0.0	0.0	1.3862943611198906	0.0	0.0	0.0	0.0	0.0	0.0	0.6931471805599453	0.0	0.0	0.0	0.0	0.0
1909	0.0	0.0	0.0	0.0	0.0	0.0	0.0	0.0	0.0	0.6931471805599453	1.6094379124341005	0.0	0.0	0.0	0.0	0.0	0.0	0.0	0.0	0.0
1376	0.6931471805599453	0.0	0.0	0.0	2.3025850929940455	0.0	1.3862943611198906	0.0	0.0	1.3862943611198906	0.0	0.0	0.0	0.0	0.0	1.3862943611198906	0.0	0.0	0.0	0.0
1375	0.0	0.6931471805599453	0.0	1.0397207708399179	0.0	1.0986122886681096	0.0	0.0	0.0	0.6931471805599453	0.0	0.0	0.6931471805599453	0.0	0.0	0.0	0.0	0.0	0.0	0.0
57024	0.0	0.0	0.0	0.0	0.0	0.0	0.0	0.0	0.0	0.0	0.0	0.0	0.0	0.0	0.0	0.0	0.0	0.0	0.0	0.0
7936	0.0	1.945910149055313	0.0	0.6931471805599453	0.0	0.0	0.0	0.0	0.0	0.0	0.0	0.0	0.0	0.0	0.0	0.0	0.0	0.0	1.6094379124341005	0.6931471805599453
10910	0.0	1.7917594692280547	0.0	0.0	0.0	0.0	0.0	0.0	0.0	0.0	0.0	0.0	0.0	0.0	0.0	0.0	0.0	0.0	0.0	0.0
30525	0.0	1.0986122886681096	0.0	0.0	1.7917594692280547	0.0	0.0	0.0	1.0986122886681096	0.0	0.6931471805599453	0.0	0.0	1.0986122886681096	0.0	0.0	0.6931471805599453	0.0	0.0	1.7917594692280547
4694	0.0	1.3862943611198906	1.6094379124341005	0.0	1.0986122886681096	0.0	0.0	0.0	1.3862943611198906	0.0	0.0	0.0	0.0	0.6931471805599453	0.0	1.3862943611198906	0.0	1.5607104090414063	0.0	0.6931471805599453
27213	0.0	0.0	0.0	0.0	0.0	0.0	0.0	0.0	0.0	0.0	0.0	0.0	0.0	0.0	0.0	0.0	0.0	0.0	0.0	0.0
13685	0.0	0.0	0.0	0.0	0.0	1.3862943611198906	0.0	0.0	0.6931471805599453	0.0	2.0431918705451206	0.0	1.0986122886681096	0.0	0.0	1.7917594692280547	0.0	0.0	0.0	0.0
10527	0.0	0.0	0.0	0.0	0.0	0.0	0.0	0.0	0.0	0.0	0.0	0.0	0.0	0.0	0.0	0.0	0.0	0.0	0.0	0.0
15681	0.0	0.0	0.0	0.0	0.0	0.0	0.0	0.0	0.0	0.0	0.0	0.0	0.0	1.3862943611198906	0.0	0.0	0.0	0.0	0.0	0.0
30946	0.0	0.0	0.0	0.0	0.0	0.0	0.0	0.0	0.0	0.0	0.0	0.0	0.0	0.0	0.0	0.0	0.0	0.0	0.0	0.0
27117	0.0	0.0	0.0	0.0	1.3862943611198906	0.0	0.0	1.6094379124341005	0.0	0.0	0.0	0.0	0.0	0.0	0.0	0.0	0.0	1.0986122886681096	0.0	0.0
17724	0.0	0.0	0.0	0.0	0.0	0.0	0.0	0.0	0.0	0.0	0.0	0.0	0.0	0.6931471805599453	0.0	0.0	0.0	0.0	0.0	0.0
30942	0.0	0.0	0.0	0.0	0.0	0.0	0.0	0.0	0.0	0.0	0.0	0.0	0.0	0.0	0.0	0.0	0.0	0.0	0.0	0.0
35214	0.0	0.0	0.0	0.0	0.0	0.0	0.0	0.0	0.0	0.0	0.0	0.0	0.0	0.0	0.0	0.0	0.0	0.0	0.0	0.0
10118	0.0	0.0	0.0	1.945910149055313	0.0	1.6094379124341005	0.0	0.0	0.0	0.0	0.0	0.0	0.6931471805599453	0.0	0.0	1.7917594692280547	0.0	2.4583113296830845	0.0	0.6931471805599453
7829	1.0986122886681096	0.6931471805599453	1.7917594692280547	2.0794415416798357	0.6931471805599453	0.0	0.0	0.0	0.0	0.0	0.0	0.0	0.0	0.0	0.0	0.0	2.0431918705451206	1.0986122886681096	0.0	0.0
35944	0.0	0.0	0.0	0.0	0.0	0.0	0.0	0.0	0.0	0.0	0.0	0.0	0.0	0.0	0.0	0.0	0.0	0.0	0.0	0.0
6682	0.0	0.0	0.0	0.0	0.0	0.0	0.0	0.0	0.0	0.0	0.0	0.0	0.0	0.0	0.0	0.0	0.0	0.0	0.0	0.0
29373	0.0	0.0	0.0	0.0	1.0986122886681096	0.0	0.0	0.0	0.0	0.0	1.0986122886681096	0.0	0.0	0.0	0.0	0.0	0.0	0.0	0.6931471805599453	0.0
16160	0.0	0.0	0.0	0.0	0.0	0.0	0.0	0.0	0.0	0.0	0.0	0.0	0.0	0.0	0.0	0.0	0.0	0.0	0.0	0.0
5038	0.0	0.0	0.0	0.0	0.0	0.0	0.0	0.0	0.0	0.0	0.0	0.0	0.0	0.0	0.6931471805599453	0.0	0.0	0.0	0.0	0.0
5965	0.0	0.0	0.0	0.0	0.0	1.3862943611198906	0.0	0.0	0.6931471805599453	0.0	0.0	1.3862943611198906	0.0	0.0	0.0	0.0	0.0	0.0	0.0	0.0
16732	0.0	0.0	1.6094379124341005	0.0	0.0	0.0	0.6931471805599453	0.0	0.6931471805599453	0.0	0.0	0.0	0.0	0.0	0.0	0.0	0.0	0.6931471805599453	0.0	0.0
103	0.0	0.0	0.0	2.1972245773362196	0.0	3.2047775241322567	0.0	0.6931471805599453	0.6931471805599453	0.0	0.0	0.6931471805599453	0.0	2.5649493574615376	0.0	1.3862943611198906	0.6931471805599453	1.0986122886681096	0.0	0.0
57144	1.0986122886681096	0.0	0.0	0.0	0.0	0.0	0.0	0.0	0.0	0.0	0.0	0.0	0.0	0.0	0.0	0.0	0.0	0.0	0.0	0.0
97	0.0	0.0	0.0	0.0	0.0	0.0	0.0	0.0	0.0	0.0	0.0	0.0	0.0	0.0	0.0	0.0	0.0	0.0	0.0	0.0
69326	0.0	0.0	0.0	0.0	0.0	0.0	0.0	0.0	0.0	0.0	0.0	0.0	0.0	0.0	0.0	0.0	0.0	0.0	0.0	0.0
93	0.0	0.0	0.6931471805599453	1.6094379124341005	0.0	0.0	0.0	0.0	0.0	0.0	0.0	0.0	0.0	0.0	0.0	0.0	0.0	0.0	0.0	0.0
57818	0.0	0.0	0.0	0.0	0.0	0.6931471805599453	0.0	0.0	0.0	0.0	0.0	0.0	0.0	0.0	0.0	0.0	0.0	0.0	0.0	0.0
7429	0.0	0.0	0.0	0.0	0.0	0.0	0.0	0.0	0.0	0.0	0.0	0.0	0.0	0.0	0.0	0.0	0.0	0.0	0.0	0.0
10027	0.6931471805599453	0.0	0.0	0.0	0.0	0.0	0.0	1.7478680974667573	0.0	0.0	1.6094379124341005	1.7917594692280547	1.3862943611198906	0.0	2.3025850929940455	1.6094379124341005	0.0	1.7917594692280547	2.70805020110221	0.0
25492	0.0	0.0	0.0	0.0	0.0	0.0	0.0	0.0	0.0	0.0	0.0	0.0	0.0	0.0	0.0	0.0	0.0	0.0	0.0	0.0
17931	0.0	0.0	0.0	0.0	0.0	0.0	0.0	0.0	0.0	0.0	0.6931471805599453	0.0	0.0	0.0	0.0	0.0	0.0	0.0	0.0	0.0
30401	0.0	0.0	0.0	0.0	0.0	0.0	0.0	0.0	0.0	0.0	0.0	0.0	0.0	0.0	0.0	0.0	0.0	0.0	0.0	0.0
63166	0.0	0.0	0.0	0.0	0.0	0.0	0.0	0.0	0.0	0.0	0.0	0.0	0.0	0.0	0.0	0.0	0.0	0.0	0.0	0.0
4441	0.0	0.0	0.0	0.0	0.0	0.0	0.0	0.0	0.0	0.0	0.0	0.0	0.0	0.0	0.0	0.0	0.0	0.0	0.0	0.0
7534	0.0	0.0	0.0	0.0	0.0	0.0	0.0	0.0	0.0	0.0	0.0	0.0	0.0	0.0	0.0	0.0	0.0	0.0	0.0	0.0
24957	0.0	0.0	0.0	0.0	0.0	0.0	0.0	0.0	0.0	0.0	0.0	0.0	0.0	0.0	0.0	0.0	0.0	0.0	0.6931471805599453	0.0
7918	0.0	0.0	0.0	0.0	0.0	0.0	0.0	0.0	0.0	0.0	0.0	0.0	0.0	0.0	0.0	0.0	0.0	0.0	0.0	0.0
14858	0.0	0.0	0.0	0.0	0.0	1.0986122886681096	1.0986122886681096	0.0	0.0	0.0	0.6931471805599453	0.6931471805599453	0.0	0.0	0.0	0.0	0.0	0.0	1.7917594692280547	1.5607104090414063
1936	0.6931471805599453	0.0	1.15374194270109	2.0794415416798357	1.0986122886681096	1.3862943611198906	1.6094379124341005	1.945910149055313	1.945910149055313	0.0	0.0	1.893788232391138	0.0	0.0	1.0986122886681096	1.3862943611198906	0.6931471805599453	0.0	0.6931471805599453	1.7478680974667573
52450	0.0	0.0	0.0	0.0	0.0	0.0	0.0	0.0	0.0	0.0	0.0	0.0	0.0	0.0	0.0	0.0	0.0	0.0	0.0	0.0
5890	0.0	0.0	0.0	0.0	0.0	0.0	0.0	0.0	0.0	0.0	0.0	0.0	0.0	0.0	0.0	0.0	0.0	0.0	0.0	0.0
1933	0.0	0.0	0.0	0.0	0.0	0.0	0.0	0.0	0.0	0.0	0.0	0.0	0.0	0.0	0.0	0.0	0.0	0.0	0.0	0.0
5258	0.0	0.6931471805599453	0.0	0.0	0.0	0.6931471805599453	0.0	0.0	0.0	0.0	0.0	0.0	0.0	0.0	0.0	0.0	0.0	1.3862943611198906	0.0	0.0
5894	0.0	0.0	0.0	0.0	0.0	0.0	0.0	0.0	0.0	0.0	0.0	0.0	0.0	0.0	0.0	0.0	0.0	0.0	0.0	0.0
5893	1.3862943611198906	0.0	1.3862943611198906	1.0986122886681096	0.6931471805599453	0.0	0.6365141682948128	0.0	0.0	0.0	0.0	0.0	1.3862943611198906	0.0	0.0	0.0	0.0	0.0	0.0	0.0
7709	2.70805020110221	2.1972245773362196	2.1972245773362196	1.945910149055313	2.1972245773362196	1.945910149055313	0.0	1.3862943611198906	0.6931471805599453	1.7917594692280547	2.2718685126965625	0.0	2.0431918705451206	1.0986122886681096	2.1972245773362196	2.6390573296152584	2.245035274126178	1.7917594692280547	1.6094379124341005	1.0986122886681096
67258	0.0	0.0	0.0	1.0986122886681096	0.0	0.0	0.0	0.0	0.0	0.0	0.0	0.0	0.0	0.0	0.0	0.0	0.0	0.0	0.0	0.6931471805599453
51045	0.0	0.0	1.3862943611198906	1.3862943611198906	0.6931471805599453	0.6931471805599453	1.3862943611198906	0.0	0.0	0.0	0.0	0.0	1.0986122886681096	0.0	0.0	0.0	0.6931471805599453	0.6931471805599453	0.0	1.0986122886681096
37454	0.6931471805599453	0.0	0.0	0.0	0.6931471805599453	0.0	0.0	0.0	0.0	0.0	0.6931471805599453	0.0	0.0	0.0	0.6931471805599453	0.0	0.0	0.0	0.0	0.0
6522	0.0	0.0	0.0	0.0	0.0	0.0	0.0	0.0	0.0	0.0	0.0	0.0	0.0	0.0	0.0	0.0	0.0	0.0	0.0	0.0
1246	0.0	0.0	0.0	0.0	0.0	0.0	0.0	0.0	0.0	0.0	0.0	0.0	0.0	0.0	0.0	0.0	0.0	0.0	0.0	0.0
5989	0.0	0.0	0.0	0.0	0.0	0.0	3.0910424533583143	0.6931471805599453	1.5498260458782016	1.6094379124341005	0.0	0.0	0.0	0.0	0.0	0.0	0.0	0.0	0.6931471805599453	0.0
1054	3.23823154034824	2.6390573296152584	2.7877881193860072	3.3546247970081704	3.014946880179594	1.945910149055313	1.7917594692280547	2.8464803861348664	0.0	1.6094379124341005	1.3862943611198906	0.6931471805599453	0.0	0.0	1.3862943611198906	1.3862943611198906	0.6931471805599453	0.0	0.0	0.0
11571	2.1972245773362196	1.3862943611198906	0.6931471805599453	1.0397207708399179	1.3862943611198906	1.3862943611198906	1.0986122886681096	1.945910149055313	1.3862943611198906	1.3862943611198906	0.0	1.7478680974667573	1.3321790402101223	1.7917594692280547	1.3862943611198906	1.6094379124341005	2.0794415416798357	0.6931471805599453	0.0	1.6094379124341005
1247	0.0	0.0	0.0	0.0	0.0	0.0	0.0	0.0	0.0	1.0986122886681096	0.0	0.0	0.0	0.0	0.0	0.0	0.0	0.0	0.0	0.0
8777	0.0	0.0	0.0	0.0	0.0	0.0	0.0	0.0	0.0	0.0	0.0	0.0	0.0	0.0	0.0	0.0	0.0	0.6931471805599453	0.0	0.0
385	0.0	0.0	0.0	0.0	0.0	0.0	0.0	0.0	0.0	0.0	0.0	0.0	0.0	0.0	0.0	0.0	0.0	0.0	0.0	0.0
1349	0.0	0.0	0.6931471805599453	0.0	1.0986122886681096	0.0	0.0	0.0	1.0986122886681096	0.0	0.6931471805599453	0.0	0.0	0.0	0.0	0.0	0.0	0.0	0.0	0.0
5584	0.0	0.0	0.0	0.0	0.0	0.0	0.0	0.0	0.0	0.0	0.0	0.0	0.0	0.0	0.0	0.0	0.0	0.0	0.0	0.0
10303	1.0986122886681096	0.6931471805599453	0.0	0.0	0.0	1.6094379124341005	0.0	1.0986122886681096	0.6931471805599453	1.3862943611198906	0.0	0.6931471805599453	0.6931471805599453	0.0	1.0986122886681096	0.0	0.6931471805599453	0.0	0.6931471805599453	0.6931471805599453
5778	0.0	0.6931471805599453	0.6931471805599453	0.0	0.0	0.0	0.0	0.6931471805599453	0.0	0.0	0.0	0.0	0.0	0.0	0.0	0.0	0.0	0.0	0.0	0.6931471805599453
5268	0.0	0.0	0.0	0.0	0.0	0.0	0.0	0.0	0.0	0.0	0.0	0.0	0.0	0.0	0.0	0.0	0.0	0.0	0.0	0.0
26228	0.0	0.0	0.0	0.0	0.0	0.0	0.0	1.6094379124341005	0.0	0.0	0.6365141682948128	0.0	0.0	1.6094379124341005	0.0	0.0	1.3862943611198906	0.0	0.0	0.6931471805599453
247	0.0	0.0	1.3862943611198906	0.0	0.0	0.0	0.0	1.3862943611198906	0.6931471805599453	0.0	1.6094379124341005	0.6931471805599453	0.0	2.4583113296830845	1.6094379124341005	0.0	0.0	0.0	1.7478680974667573	0.6931471805599453
1944	1.0986122886681096	0.0	0.6365141682948128	1.945910149055313	1.6094379124341005	0.0	1.9061547465398496	1.6094379124341005	2.0794415416798357	1.5607104090414063	0.6931471805599453	0.6931471805599453	1.0986122886681096	1.3321790402101223	0.0	0.6931471805599453	1.3321790402101223	0.0	1.6674619334292948	2.0794415416798357
5880	0.0	0.0	1.6094379124341005	0.0	0.0	0.0	0.0	0.6931471805599453	1.945910149055313	0.0	0.0	0.6931471805599453	1.945910149055313	0.6931471805599453	0.0	0.0	0.0	1.0986122886681096	0.0	2.3978952727983707
5792	0.0	0.0	0.0	0.0	0.0	0.0	0.0	0.0	0.0	0.0	0.0	0.0	0.0	0.0	0.0	0.0	0.0	0.0	0.0	0.0
15197	0.0	0.0	0.0	0.0	0.0	0.0	0.0	0.0	0.0	0.0	1.0986122886681096	0.0	0.0	0.6931471805599453	0.0	0.0	2.3025850929940455	0.0	0.0	0.6931471805599453
5694	0.0	0.0	0.0	0.0	1.7917594692280547	1.3862943611198906	0.0	0.0	0.0	0.0	0.0	0.0	1.0986122886681096	1.945910149055313	0.0	0.0	0.0	0.0	0.0	0.0
1232	0.0	0.6931471805599453	0.6931471805599453	0.0	0.0	1.7478680974667573	0.0	0.0	1.3321790402101223	1.7917594692280547	0.0	0.0	0.0	1.945910149055313	0.6931471805599453	0.0	1.6094379124341005	1.945910149055313	2.1972245773362196	1.7917594692280547
1233	0.0	0.0	0.0	0.0	0.0	0.0	0.0	0.0	0.0	0.0	0.0	0.0	0.0	0.0	0.0	0.0	0.0	0.0	0.0	0.0
8788	0.0	0.0	0.0	0.0	0.0	0.0	0.0	0.6931471805599453	0.0	0.0	0.0	0.0	0.6931471805599453	0.0	0.0	0.0	0.0	0.0	0.0	0.6931471805599453
61787	0.0	0.0	0.0	0.0	0.0	0.0	0.0	0.0	0.0	0.0	0.0	0.0	0.0	0.0	0.0	0.0	0.0	0.0	0.0	0.0
5787	0.0	0.0	0.0	0.0	0.0	0.0	0.0	0.0	0.0	0.0	0.0	0.0	0.0	0.0	0.0	1.945910149055313	0.0	0.0	0.0	0.0
8888	0.0	0.0	1.6094379124341005	0.6931471805599453	1.6094379124341005	0.6931471805599453	0.6931471805599453	1.6094379124341005	0.6931471805599453	0.0	1.3862943611198906	1.0986122886681096	1.0986122886681096	0.0	0.6931471805599453	0.0	0.0	0.6931471805599453	0.0	0.0
33118	0.0	0.0	1.9061547465398496	0.0	0.0	0.0	0.6931471805599453	0.0	2.3978952727983707	2.3978952727983707	0.6931471805599453	1.3862943611198906	1.3862943611198906	0.0	0.0	0.0	0.0	0.0	0.0	0.0
38411	0.0	0.0	0.0	0.0	0.0	0.0	0.0	0.0	0.0	0.0	0.0	0.0	0.0	0.0	0.0	0.0	0.0	0.0	0.0	0.0
6344	0.0	0.0	0.0	0.0	0.0	0.0	0.0	0.0	0.0	0.0	0.0	0.0	0.0	0.0	0.0	0.0	0.0	0.0	0.0	0.0
64756	0.0	0.0	0.0	0.0	0.0	0.0	0.0	0.0	0.0	1.6094379124341005	0.0	0.0	0.0	0.0	0.0	0.0	0.0	0.0	0.0	0.0
31143	1.0986122886681096	1.7478680974667573	1.0986122886681096	1.0986122886681096	0.0	1.6094379124341005	1.0986122886681096	0.0	0.0	1.0986122886681096	0.6931471805599453	1.6094379124341005	1.0397207708399179	0.0	1.0986122886681096	2.0431918705451206	1.945910149055313	0.6931471805599453	0.0	1.945910149055313
5281	0.0	0.0	1.0986122886681096	0.6931471805599453	1.3862943611198906	1.6094379124341005	0.0	0.0	0.0	0.6931471805599453	0.0	0.0	0.0	0.0	0.0	0.0	0.0	0.0	0.0	0.0
15440	0.0	0.0	0.0	0.0	0.0	0.0	0.0	0.0	0.0	0.0	0.0	0.0	0.0	0.0	0.0	0.0	0.0	1.3862943611198906	0.0	0.0
1224	0.0	0.6931471805599453	2.1972245773362196	1.3862943611198906	0.6931471805599453	0.0	0.6931471805599453	0.0	0.0	0.0	0.0	0.0	0.6931471805599453	0.0	0.0	1.6094379124341005	0.0	3.5845451996951274	0.6931471805599453	1.7917594692280547
5799	0.0	0.0	0.0	0.0	0.0	0.0	0.6931471805599453	0.0	0.0	0.0	0.0	0.0	0.0	0.0	0.0	0.0	0.0	1.0986122886681096	0.0	0.0
25247	0.0	0.0	0.0	0.0	0.0	0.0	0.0	0.0	0.0	0.0	0.0	0.0	0.0	0.0	0.0	0.0	0.0	0.0	0.0	0.0
69271	0.0	0.0	0.0	0.0	0.0	0.0	0.0	0.0	0.0	0.0	0.0	0.0	0.0	0.0	0.0	0.0	0.0	0.0	0.0	0.0
8403	0.6931471805599453	0.6931471805599453	0.6931471805599453	0.0	0.0	0.0	0.0	0.0	0.0	0.0	0.0	1.0986122886681096	0.0	0.0	0.0	0.0	0.0	0.0	1.0986122886681096	0.0
29328	0.0	0.0	0.0	0.0	0.0	0.0	0.0	0.0	0.0	0.0	0.0	0.0	0.0	0.0	0.0	0.0	0.0	0.0	0.0	0.0
7155	0.0	0.0	0.0	0.0	0.0	0.0	0.0	0.0	0.0	0.0	0.0	0.0	0.0	0.0	0.0	0.0	0.0	0.0	0.0	0.0
35909	0.6931471805599453	0.0	0.0	0.0	0.0	0.0	0.0	0.0	0.0	0.0	0.0	0.0	0.0	0.0	0.0	0.6931471805599453	0.0	0.0	0.0	0.0
11786	0.6931471805599453	0.0	0.6931471805599453	1.3862943611198906	1.945910149055313	1.945910149055313	0.0	0.0	0.0	0.6931471805599453	0.0	0.6931471805599453	0.0	0.0	0.0	0.0	0.0	0.0	0.0	0.0
34129	0.0	0.0	0.0	0.6931471805599453	0.0	0.0	0.0	0.0	0.0	0.0	0.0	0.0	0.0	0.0	0.0	0.0	0.0	1.6094379124341005	1.3862943611198906	0.0
35102	0.0	0.6931471805599453	1.0986122886681096	0.0	1.0986122886681096	1.0986122886681096	0.6931471805599453	1.9061547465398496	2.0794415416798357	0.6931471805599453	0.0	0.0	0.6931471805599453	0.0	0.6931471805599453	0.0	0.0	1.3862943611198906	0.0	0.6931471805599453
1210	0.0	0.0	0.0	0.0	0.0	1.6094379124341005	0.0	1.0986122886681096	0.0	0.0	0.0	0.0	0.0	0.0	0.0	0.6931471805599453	1.945910149055313	0.0	0.0	0.6931471805599453
71046	0.0	0.0	0.0	0.0	0.0	0.0	0.0	0.0	0.0	0.0	0.0	0.0	0.0	0.0	0.0	0.0	0.0	0.0	0.0	0.0
14709	1.0986122886681096	0.0	0.0	0.0	0.0	0.0	0.0	0.0	0.0	0.0	0.0	0.0	0.0	0.0	0.0	0.0	0.0	0.0	0.0	0.0
51457	0.0	0.0	0.0	0.0	0.6931471805599453	0.0	2.0794415416798357	1.3862943611198906	1.0986122886681096	0.6931471805599453	0.6931471805599453	1.0986122886681096	1.0986122886681096	0.0	0.0	0.0	1.6094379124341005	1.3862943611198906	0.6931471805599453	0.0
5473	0.0	0.0	0.0	0.6931471805599453	0.0	0.0	0.0	0.0	0.0	0.0	0.0	0.0	0.6931471805599453	1.6094379124341005	0.6931471805599453	0.0	0.0	0.0	0.0	0.0
14703	0.0	0.0	0.0	0.0	0.0	0.0	0.0	0.0	0.0	0.0	0.0	0.0	0.0	0.0	0.0	0.0	0.0	0.0	0.0	0.0
15590	1.3862943611198906	0.0	0.0	0.0	0.0	0.0	0.0	0.0	0.0	0.0	0.0	0.0	0.0	0.0	0.0	0.0	0.0	0.0	0.0	0.0
5392	0.0	0.0	0.0	0.0	0.0	0.0	0.0	0.0	0.0	0.0	0.0	0.0	0.0	0.0	0.0	0.0	0.0	0.0	0.0	0.0
