1	5.491999638546911	6.617926710621199	4.781223542909636	6.032906854193691	7.2970920625598605	7.342239669491405	6.635261551822117	4.91939529633037	6.646542874605268	5.627645391659332
39673	0.0	0.0	0.0	0.0	0.0	0.0	0.0	0.0	0.0	0.0
24754	0.0	0.0	0.0	0.0	0.0	0.0	0.0	0.0	0.0	0.0
22492	6.612041034833092	4.777594440825851	7.9391588179567965	0.0	8.40200678160712	0.0	5.481471909645883	4.02535169073515	3.982792076316353	0.0
10910	5.843437707801758	0.0	0.0	0.0	0.0	0.0	0.0	0.0	0.0	0.0
37454	4.3701948146698255	5.490948566943359	4.95819497237388	3.2771447329921766	4.979420582048313	4.754390831789852	0.0	0.0	5.426936081194775	6.286656317015746
34129	0.0	0.0	4.56437919249088	0.0	0.0	7.260310940939657	0.0	0.0	3.6686767467964168	4.499809670330265
10898	0.0	0.0	0.0	0.0	0.0	0.0	0.0	0.0	0.0	6.013731252803124
34347	0.0	0.0	0.0	0.0	0.0	0.0	0.0	0.0	0.0	0.0
35817	6.357731304107423	6.593044534142437	4.641765077063705	5.579267792947219	0.0	0.0	0.0	0.0	0.0	0.0
39733	0.0	3.358585402448879	4.971903009327118	0.0	6.559637890159218	6.846560308935286	5.373389672335406	7.148703091270256	6.396007768749422	6.03946362376975
10843	6.990363323427645	4.748506296069093	0.0	5.320109788926537	0.0	3.773008984728677	0.0	0.0	2.722603472512246	0.0
-1	6.302292995422581	6.272688236656839	6.417670466249106	6.290770671860114	6.0679842818783625	6.114794539013334	5.928177050163018	5.974714824419528	5.948002790911386	6.296822792389455
38	1.0986122886681098	0.0	0.0	0.0	0.0	0.0	0.6931471805599453	0.0	0.0	1.0986122886681098
22	3.8746221044884788	5.999847254742995	4.500954554105878	5.343458629138423	5.127640343234512	6.485876196875524	7.2160858501877385	7.096392517325137	6.908879284795955	6.309933352092466
28	0.0	0.0	0.0	3.964094893293111	0.0	4.031317936763729	5.370983088225391	5.985935126679603	0.0	7.801107701018886
77	0.0	0.0	5.485043267792191	4.185524630370436	5.895937857626965	4.965716261929514	7.173538115163203	5.959348959952516	5.497827650070758	4.970152770857519
86	0.0	0.0	0.0	0.0	0.0	0.0	0.0	0.0	5.081404364984463	2.833213344056216
58	4.630389481834028	5.535146432348181	6.22283091718869	6.333175681193297	5.828471229952322	6.172889368946259	6.1157334963578345	6.499867164636216	6.849805366986557	6.482837416389272
61	0.0	0.0	3.7376696182833684	6.235150918303589	4.144896841384932	4.985782136247226	5.1172087540020135	4.027886070464997	5.393219321899261	10.286741134279072
48	6.462623206368034	5.544611469362963	7.504898752730352	6.133772924179715	5.893002479119172	5.688059842201654	6.598460859777415	6.137344297047081	7.0239691508595286	6.141626342809545
45	5.872511123339555	5.635668605961301	6.116906013496202	5.938248581067911	6.020712400387749	6.329747900886072	5.498330127323195	6.11110031441649	6.835051938893252	6.943740275212131
10812	0.0	0.0	0.0	0.0	0.0	0.0	0.0	5.815663556332764	0.0	0.0
10815	0.0	0.0	3.912023005428146	0.0	7.428927194802272	0.0	0.0	6.416732282512326	0.0	4.498737121166641
10801	4.976581653184349	0.0	6.469535195426819	0.0	7.026094503009446	0.0	0.0	0.0	0.0	0.0
93	6.286595030880099	7.74148537579693	0.0	0.0	0.0	7.083704472665746	0.0	0.0	0.0	0.0
34268	0.0	0.0	4.502282966903725	3.9015133218161084	5.558114235510282	4.04305126783455	0.0	0.0	0.0	0.0
10716	0.0	0.0	0.0	0.0	0.0	0.0	0.0	0.0	0.0	0.0
10771	5.510687638593181	5.223438853648439	6.186674690240078	5.293531765441938	6.261371046778286	6.70748703285658	5.320667114965865	7.119015654856497	5.448946051654872	6.022452338400797
10789	0.0	0.0	0.0	4.423095601145485	0.0	0.0	5.932813423091675	0.0	0.0	0.0
10798	0.0	0.0	0.0	0.0	6.4852136974193835	0.0	0.0	0.0	0.0	0.0
24443	0.0	0.0	0.0	0.0	0.0	0.0	0.0	0.0	0.0	0.0
39444	5.428798395050747	3.8566210677661994	6.017577658668049	5.290903070462046	4.621335139109579	3.8501476017100584	5.01071507768865	4.7619858035704254	0.0	5.442417710521793
12808	6.6223735889237965	7.140453043101158	4.687285105865084	3.6506582412937383	4.728600224953854	9.111403624116159	0.0	5.4680601411351315	5.605802066295998	5.417694274566876
23818	0.0	6.880723516319467	0.0	0.0	0.0	0.0	0.0	0.0	0.0	0.0
22367	0.0	0.0	0.0	0.0	0.0	0.0	0.0	0.0	0.0	5.093750200806762
22283	5.829653645936572	4.384107800877706	5.392490536565287	0.0	5.411887144867814	7.45876269238096	5.1772025153671475	0.0	0.0	0.0
24518	0.0	0.0	0.0	4.272490747605574	5.13961421417577	0.0	0.0	0.0	0.0	0.0
34361	0.0	0.0	0.0	0.0	0.0	0.0	0.0	0.0	0.0	0.0
30111	6.261427035016114	2.0149030205422647	0.0	0.0	5.346256828837156	4.514529969845319	0.0	0.0	5.3230099791384085	5.246823200791651
10629	0.0	0.0	0.0	0.0	0.0	0.0	0.0	0.0	0.0	0.0
10639	0.0	0.0	0.0	0.0	0.0	2.4666246049505514	0.0	0.0	0.0	0.0
10695	0.0	0.0	0.0	0.0	0.0	6.205859113361415	0.0	0.0	0.0	0.0
10693	0.0	0.0	0.0	0.0	0.0	0.0	0.0	0.0	0.0	7.272861248398722
23721	0.0	4.855928904335275	0.0	4.903078604286783	0.0	0.0	0.0	0.0	5.111541459404702	1.791759469228055
10683	5.6725446776666075	5.332718793265369	5.568263844379674	5.234469964557292	4.140991404839671	5.902892034213527	5.580006256487161	6.53121718072754	5.421972498496958	7.221388809136806
38937	0.0	0.0	0.0	0.0	0.0	0.0	0.0	0.0	0.0	0.0
34506	6.516193076042964	0.0	0.0	0.0	0.0	0.0	3.8368785004884907	0.0	0.0	0.0
22153	4.551595136944459	5.308108691645218	0.0	5.722842787859701	0.0	5.707110264748875	5.897342576764062	5.652663491127708	6.237152062857086	5.721679618455978
31143	4.7803621595124435	0.0	0.0	5.30706511288666	6.429371888472727	0.0	0.0	6.96979066990159	4.624362192021932	0.0
13726	0.0	0.0	6.737444733285599	0.0	5.638260157906971	0.0	2.56301231085102	4.765482512972012	9.475623449484484	7.668093709082406
13753	0.0	0.0	0.0	0.0	0.0	0.0	0.0	0.0	0.0	0.0
33095	0.0	0.0	0.0	0.0	0.0	0.0	0.0	0.0	0.0	0.0
12685	0.0	6.478112530511357	0.0	5.579847817672247	5.356529315459026	6.644310295401878	5.8096505184073735	6.841786876258677	6.417367728666218	5.550932453139584
12675	0.0	0.0	0.0	0.0	0.0	0.0	6.891625897052253	0.0	0.0	0.0
38199	4.149457962018666	5.390481601631464	6.070876836515994	4.726972528893223	5.723380821545106	5.547099850754134	3.134162458586648	2.759474866735081	5.386788863083916	5.055527139821281
38163	0.0	0.0	0.0	0.0	0.0	0.0	0.0	0.0	0.0	0.0
7067	4.348821506840716	0.0	0.0	0.0	0.0	5.867034468729805	0.0	0.0	4.42484663185681	0.0
7075	6.739839677602464	5.141047792936406	6.24060347397622	5.098754416072833	6.155435418176391	4.911276112186605	6.5460269934375965	4.709530201312334	6.6724671266487885	7.627057417018934
23108	0.0	0.0	0.0	0.0	0.0	0.0	0.0	0.0	0.0	0.0
31008	0.0	0.0	0.0	0.0	0.0	0.0	0.0	0.0	0.0	0.0
7056	0.0	0.0	0.0	0.0	0.0	0.0	0.0	0.0	0.0	0.0
23164	0.0	0.0	0.0	0.0	0.0	0.0	0.0	0.0	0.0	0.0
7083	0.0	0.0	0.0	0.0	5.338709678312078	0.0	5.586499314041468	0.0	0.0	7.400489663356646
35232	0.0	0.0	0.0	0.0	0.0	0.0	0.0	0.0	6.555356891810665	0.0
35214	0.0	5.899583249812803	0.0	0.0	3.1245651453969594	0.0	0.0	0.0	0.0	0.0
7033	5.581474967262388	0.0	5.8955827754047	4.911643384068302	6.6047036235773815	0.0	0.0	6.5449773979620645	5.959269025309156	9.127176130715414
37059	4.356708826689592	0.0	5.196971936737842	0.0	0.0	0.0	5.274446727724859	0.0	0.0	5.809679619406021
35264	0.0	0.0	0.0	0.0	0.0	0.0	0.0	0.0	0.0	0.0
35258	0.0	0.0	0.0	0.0	0.0	0.0	0.0	0.0	0.0	0.0
12704	0.0	0.0	6.343880434126331	5.941278864268675	3.1891439652667097	4.857225080796721	3.757934986377626	5.0530560099802075	7.6760099320288875	4.889616316683275
33193	0.0	5.808736575185514	6.828279077480341	4.518158808998462	6.1903154058531475	0.0	3.6331905482533475	0.0	2.8305955415141373	0.0
29107	0.0	0.0	0.0	0.0	0.0	0.0	0.0	0.0	0.0	0.0
7180	6.498536715862775	6.394426524998028	0.0	5.7690611883789895	0.0	0.0	7.108721020366346	0.0	0.0	5.809058001959341
23067	0.0	0.0	0.0	0.0	0.0	0.0	0.0	0.0	0.0	0.0
13797	5.969499336417192	7.090076835776092	0.0	2.833213344056216	6.215024824713135	0.0	0.0	0.0	2.2155737160044158	5.0736601797093615
7136	7.352166326280877	0.0	0.0	0.0	0.0	8.764834214330834	0.0	0.0	0.0	0.0
35383	0.0	0.0	0.0	0.0	0.0	0.0	0.0	0.0	0.0	0.0
13993	0.0	0.0	0.0	0.0	0.0	3.756649131159488	0.0	0.0	0.0	0.0
13987	0.0	0.0	0.0	0.0	0.0	0.0	0.0	0.0	0.0	0.0
13972	0.0	0.0	0.0	0.0	0.0	0.0	4.953315180014732	0.0	0.0	0.0
12400	6.447383969061013	5.444247834764912	6.845575877693689	6.88542481481487	0.0	5.570363120573054	4.972181794622266	4.820729493943993	4.9807395630732545	6.670670144533688
12448	4.91575997971681	6.015654879611521	2.3978952727983707	4.677324973565452	6.250682348560103	4.401414399732323	5.4706805072231095	6.316568592933574	7.504165736963028	4.335781306583636
12338	0.0	0.0	0.0	0.0	0.0	0.0	0.0	0.0	0.0	6.668242115443384
23356	0.0	0.0	6.095966576188226	5.564376035498176	6.286243255298052	6.880384082186005	4.624972813284271	5.368036526750389	0.0	8.021500140517412
35013	0.0	0.0	0.0	0.0	0.0	0.0	0.0	0.0	0.0	0.0
24957	0.0	0.0	0.0	0.0	0.0	0.0	0.0	0.0	0.0	0.0
23300	2.890371757896165	4.1588830833596715	4.02535169073515	6.008579717552822	5.081922485167729	5.356532298153302	6.469220590134418	6.091928854352797	5.7018153691508875	4.768718842300864
12518	0.0	0.0	0.0	0.0	0.0	0.0	0.0	0.0	0.0	0.0
12506	0.0	0.0	0.0	0.0	0.0	0.0	0.0	5.469039761429694	8.126123963591805	0.0
34100	0.0	5.8598361046295455	0.0	0.0	6.040463001220022	0.0	0.0	0.0	0.0	0.0
12478	0.0	0.0	5.220590646352893	0.0	0.0	0.0	0.0	0.0	2.892285634078449	6.513724548499636
40488	0.0	0.0	0.0	0.0	0.0	0.0	0.0	0.0	0.0	0.0
3281	0.0	0.0	6.621405651764134	0.0	0.0	1.9459101490553135	3.0871013418935767	5.368666891024611	6.637657050978234	0.0
3299	4.329551632557412	3.9318256327243257	7.138387585672443	4.75853696175108	6.298029706561264	4.958794425361168	7.38228223357257	5.68697535633982	5.089329439220627	6.557799932725297
2101	0.0	0.0	0.0	0.0	0.0	6.913701275045932	0.0	5.753185003336845	5.608721792631333	2.524065661508003
10057	0.0	0.0	0.0	0.0	0.0	0.0	0.0	0.0	0.0	0.0
10056	0.0	0.0	0.0	0.0	0.0	0.0	0.0	0.0	0.0	0.0
3251	0.0	0.0	0.0	0.0	0.0	0.0	0.0	0.0	0.0	0.0
3245	0.0	0.0	0.0	0.0	0.0	0.0	0.0	0.0	0.0	0.0
2115	0.0	0.0	0.0	0.0	0.0	0.0	0.0	6.701857985659477	5.366642739558398	0.0
3260	0.0	6.149123122092423	4.143134726391533	0.0	5.359870307139339	0.0	0.0	2.4849066497880004	4.207303301320568	0.0
3256	5.984359127866327	5.186974942611342	6.893044199445605	6.301047197946646	6.302913490511158	5.518162152243127	6.747322733693972	5.742050874719745	6.166064906204109	5.2863048377095545
2123	4.486218634956051	0.0	7.450660796211539	6.35620401374756	6.2622288259924055	3.832606933713392	5.157146161334061	5.520185341871844	6.467381614524374	5.422603158228332
10034	0.0	0.0	0.0	0.0	0.0	5.975342560504876	0.0	0.0	0.0	0.0
3273	4.841240163148457	5.438827481554083	6.140021475491084	5.292662813504465	5.049505094197998	5.1942317328376095	6.467003351894199	7.090661847734966	4.836402429019918	6.0714539877172795
19871	0.0	0.0	0.0	0.0	0.0	0.0	0.0	0.0	0.0	0.0
3204	0.0	0.0	2.9770543802821066	0.0	2.3513752571634776	0.0	3.868635219913034	7.4308323993404635	0.0	0.0
41469	0.0	0.0	0.0	0.0	0.0	0.0	0.0	0.0	0.0	7.7354333524996886
9770	0.0	6.562492070101731	0.0	0.0	0.0	0.0	0.0	0.0	0.0	6.040025106097808
19846	0.0	0.0	0.0	0.0	0.0	0.0	0.0	5.762094373770229	0.0	0.0
2181	5.424950017481403	6.841615476477592	1.0986122886681098	5.206750173022546	5.2618352889320255	4.6946207513020575	0.0	5.7961310774298065	0.0	4.312708884199356
32046	3.951243718581427	4.614768528778221	5.878560120006746	5.72232391278568	4.47063037455061	5.788471276487138	4.914991376003533	0.0	6.630023537383524	6.964634386798999
8263	0.0	6.215490638006446	1.5040773967762742	0.0	8.23827262463303	6.5475025136955205	6.016950249660431	5.224877235966523	0.0	0.0
8258	0.0	0.0	0.0	0.0	0.0	0.0	0.0	0.0	0.0	0.0
48818	0.0	4.792161706443599	6.604120911127415	6.065859797249253	2.833213344056216	0.0	6.277341784452016	6.269530860881979	5.516955026365553	5.78458927596268
11167	0.0	0.0	6.634908861784628	0.0	0.0	0.0	0.0	0.0	0.0	0.0
43026	0.0	0.0	0.0	0.0	0.0	0.0	0.0	6.647688373563329	0.0	0.0
17642	0.0	0.0	5.440617763512786	0.0	0.0	0.0	0.0	0.0	0.0	0.0
9711	7.064484806176107	7.102191847784313	7.10002716662926	5.050352965985377	3.9313244564621215	7.627544390488503	0.0	0.0	0.0	0.0
10118	0.0	0.0	6.021212312188813	5.255757752129241	0.0	5.660974382164317	0.0	5.621607866467185	7.157512940574792	5.5474761160019055
8127	0.0	0.0	0.0	0.0	0.0	0.0	0.0	0.0	0.0	0.0
11086	6.697853328353426	6.910525376729233	0.0	5.700868281246981	6.938327028579042	6.837627714979068	5.37462608553526	0.0	5.3544602215733645	5.32008396227911
11087	5.281241883661149	0.0	5.805636850984739	5.488937726156687	5.630187191567798	5.546463134792502	4.7988257371519305	6.328248473658469	0.0	5.615532208076517
2253	0.0	0.0	5.581443622463957	7.370965048806465	0.0	6.3818160174060985	0.0	0.0	0.0	0.0
3356	0.0	0.0	0.0	0.0	6.698050501662144	9.072571442231286	0.0	0.0	0.0	0.0
2291	5.694332596358516	3.970291913552122	2.3978952727983707	4.949389473190642	6.643035578249632	2.2925347571405443	7.245802494131832	8.302469964850168	9.75909741657673	6.135204075634923
8197	0.0	0.0	0.0	0.0	0.0	0.0	4.796276572337779	0.0	0.0	4.9708721448496584
8199	0.0	0.0	5.9312936293878735	5.913006215680738	0.0	0.0	4.974070964547074	5.876550740708704	5.378360074221573	6.187894480493851
3320	5.568719935889492	6.272327884352043	4.731520720484803	5.646663806365475	6.24893739938121	6.181127872046321	4.63509084207341	5.832013760256184	5.321777754543902	6.667627772290509
2277	5.536412353466463	5.362438559640692	5.889156593285768	5.808318496368997	5.096547322972784	5.221610139069975	5.415786891854559	0.0	6.609465161710977	6.029802860015286
3329	5.818687508501341	0.0	7.373217360996597	0.0	0.0	0.0	7.77999921723025	0.0	0.0	0.0
11059	1.6094379124341003	5.017279836814924	0.0	4.875701835286753	5.145774297249538	4.410877257412917	5.2265734616891955	0.0	0.0	0.0
33640	0.0	8.119398589612294	0.0	4.323325570876971	0.0	0.0	5.572313422965733	0.0	0.0	0.0
9684	0.0	0.0	0.0	0.0	0.0	5.167113641331104	0.0	5.107459478731796	0.0	5.808127416114495
8132	6.283106638515016	0.0	4.884522205136886	0.0	0.0	0.0	0.0	0.0	0.0	0.0
8093	0.0	0.0	0.0	0.0	5.247189568262654	0.0	0.0	5.057297791956005	4.392290201224378	4.845643074557126
11101	6.5833865561956095	5.826047856387719	4.443012591176676	4.7978545298175925	6.402182162244908	0.0	0.0	5.305380176992014	6.552678044030851	6.376090460638773
8090	0.0	0.0	0.0	0.0	0.0	0.0	0.0	0.0	0.0	0.0
17724	4.553876891600541	0.0	0.0	0.0	0.0	7.053585727193677	4.4976134961786185	0.0	0.0	0.0
10027	6.572823777537311	0.0	8.532475814947395	2.8247424953658964	5.032888631073329	0.0	6.317051869955558	6.520588287525919	5.669385265829719	6.1369732328964925
3489	0.0	0.0	0.0	0.0	0.0	0.0	0.0	0.0	0.0	0.0
9595	0.0	0.0	0.0	0.0	0.0	0.0	0.0	4.225372824628505	2.6542890242107577	5.9028918107992085
3431	0.0	3.8715897554868173	0.0	6.906770386528661	4.382224744529417	7.593754096254013	4.179837546771277	6.5894725701504555	5.857218613545591	0.0
9503	0.0	0.0	0.0	5.943243748262179	0.0	6.876113831735134	0.0	0.0	0.0	5.341948315485165
3459	0.0	0.0	0.0	0.0	0.0	0.0	0.0	7.364188638141572	7.171960299618078	7.768956044538332
3454	0.0	4.682791142353082	5.938720940289425	5.740759153766846	4.726593279792299	5.723172244484528	5.722550896942304	0.0	5.740216210498283	5.246217835911141
3505	4.091309658526947	0.0	3.3634570536793085	4.707183073755564	4.483002552013883	5.099866427824199	4.56954300834494	5.674468086987426	8.325641377854247	8.94977456522204
40100	0.0	0.0	0.0	0.0	0.0	0.0	0.0	0.0	0.0	0.0
8403	5.4834245080307955	8.38662882139512	6.887552571664617	4.9377523289498235	5.169369160508477	0.0	0.0	4.578603981974831	5.942781024438048	9.077951183930438
33288	0.0	0.0	0.0	0.0	0.0	0.0	0.0	0.0	5.62259511304692	0.0
2004	0.0	0.0	0.0	0.0	0.0	0.0	0.0	0.0	5.422404987349331	0.0
2012	0.0	0.0	5.0758140301836505	0.0	0.0	0.0	0.0	0.0	6.726011936345717	0.0
33499	0.0	0.0	0.0	0.0	4.822318553684217	0.0	7.02108396428914	5.495869898260275	4.998562712861986	0.0
9492	0.0	6.201384904495466	0.0	4.062151614572342	5.2475024266302635	0.0	0.0	0.0	7.427956760916686	5.091647578556469
9461	0.0	4.391815439494342	0.0	0.0	0.0	0.0	0.0	0.0	0.0	0.0
8334	0.0	0.0	0.0	0.0	0.0	0.0	0.0	0.0	0.0	0.0
8396	0.0	5.090206392740928	0.0	0.0	5.282049174943139	0.0	0.0	7.268230541121036	0.0	5.28081209830054
33417	0.0	0.0	0.0	0.0	0.0	0.0	0.0	0.0	0.0	0.0
9440	0.0	0.0	0.0	0.0	0.0	0.0	3.241043731778227	5.44126740710243	0.0	0.0
8385	4.571462557434865	0.0	0.0	0.0	5.7612786458759135	0.0	0.0	4.684001035177398	4.065338540992157	7.525909480500652
8374	5.379990519669469	0.0	5.227630861678766	5.384495062789089	5.521815594879632	6.395227090468316	5.166014274185989	5.479234958622112	6.4825468113149896	9.087117567569434
40098	0.0	0.0	4.616272573354167	0.0	0.0	0.0	0.0	4.398474854640425	0.0	0.0
3528	0.0	0.0	7.016181252134929	4.670231895597554	0.0	6.8679744089702925	0.0	6.50921678766266	0.0	4.476915850464413
41572	0.0	0.0	0.0	0.0	0.0	0.0	0.0	0.0	0.0	6.962243464266207
11247	4.976130155742108	0.0	4.432885051907372	0.0	5.143067774049998	0.0	4.662354897837742	0.0	4.62843461286407	4.892853585560628
9400	0.0	0.0	0.0	0.0	0.0	0.0	0.0	0.0	0.0	0.0
9404	5.088874898109813	5.483318408704096	6.045074569174604	6.002906238949545	6.994124119617712	6.454569434662561	0.0	6.286369862773297	6.5689202531717354	5.735352559078814
11241	4.941642422609305	0.0	0.0	0.0	0.0	0.0	0.0	0.0	0.0	0.0
11340	0.0	0.0	0.0	0.0	0.0	0.0	0.0	0.0	0.0	0.0
38084	0.0	0.0	0.0	0.0	0.0	0.0	0.0	0.0	0.0	0.0
11318	0.0	0.0	0.0	0.0	0.0	0.0	0.0	0.0	0.0	0.0
17929	0.0	0.0	0.0	0.0	0.0	0.0	0.0	0.0	0.0	0.0
17931	0.0	0.0	0.0	0.0	0.0	7.413797161373699	0.0	0.0	0.0	0.0
17970	4.753995214307635	3.634951112088381	5.286205172102605	3.933558736712569	5.404927101606295	5.6131281063880705	3.1734134507914433	3.7256934272366524	3.044522437723423	5.492530126585954
9304	0.0	0.0	0.0	0.0	0.0	0.0	0.0	0.0	5.894217500899877	9.940542460487139
9307	5.514192519603434	6.728495696224003	9.103413405109436	0.0	0.0	5.5316975513553714	4.3409432213226795	5.032134590441715	5.374586060758055	4.845311313670872
9327	0.0	5.298317366548036	3.1499339711865075	0.0	0.0	0.0	3.053400072893943	6.815639990074332	0.0	8.412339085887258
17231	0.0	0.0	4.773181370246918	0.0	0.0	0.0	0.0	0.0	6.154154935840491	0.0
9332	0.0	0.0	0.0	5.46798788428824	5.253507623018269	6.409372186949066	5.899892955936622	4.00453206295276	4.075480468512399	4.682266719299754
9356	3.753190861998638	0.0	6.170179100922072	5.819375940373114	4.653960350157523	6.753178582496741	4.398488748127738	4.229205482376827	0.0	7.98861799315323
9376	5.066908586536483	3.7477709719421277	0.0	0.0	0.0	0.0	5.682303442979077	1.0986122886681098	4.560518985670499	4.672828834461907
41056	0.0	0.0	0.0	0.0	0.0	0.0	0.0	0.0	0.0	0.0
39284	4.485826167696914	0.0	0.0	0.0	0.0	0.0	0.0	0.0	0.0	0.0
3657	0.0	0.0	6.759161096432523	5.792868138118234	0.0	5.242823115250598	5.815827087879132	4.304216671234923	4.025411317281724	0.0
39207	0.0	0.0	0.0	0.0	0.0	0.0	0.0	0.0	0.0	0.0
48354	0.0	5.602864613345448	3.3305808667636714	0.0	5.117993812416755	4.252963288426724	6.480044561926653	4.907388944130765	0.0	5.9055974967658305
11604	4.950766414822714	4.7858704213528185	5.217775143946999	5.433439260864396	6.5998704992128365	5.805386237240209	5.83984302138177	4.989895542232441	7.736207164745686	5.968660100907767
22979	0.0	0.0	0.0	0.0	0.0	0.0	0.0	0.0	0.0	0.0
11669	5.704795851577293	5.3784051162611135	5.464739383366534	6.952375751077378	4.617098756853365	8.322723225111483	5.645292408524629	5.11875025881327	5.612045487560485	8.177234885510192
10509	0.0	0.0	0.0	0.0	0.0	0.0	0.0	0.0	0.0	0.0
20815	0.0	0.0	0.0	0.0	0.0	0.0	0.0	0.0	0.0	0.0
11492	0.0	0.0	0.0	0.0	0.0	0.0	0.0	0.0	0.0	6.353765599479553
11495	7.282476272847761	5.996141974070285	5.640167608882376	5.818279589902602	6.272795361090332	6.319672514683853	6.0985886466892625	7.3296408647197575	6.392057675355306	5.397445516818006
160	0.0	0.0	0.0	0.0	0.0	0.0	0.0	0.0	4.93279386553282	9.620759853549478
137	0.0	7.34166934802213	7.1808311990445555	6.745997287556504	6.45559795973798	7.171740573285569	7.235378958526866	7.020318993056216	7.423770678648534	6.254273809323529
32588	0.0	5.318119993844216	5.029330717835159	0.0	5.796057750765372	4.310799125385513	5.171130170795833	0.0	0.0	0.0
9249	0.0	0.0	0.0	0.0	0.0	0.0	2.859993393171667	0.0	0.0	0.0
3796	0.0	0.0	0.0	0.0	0.0	0.0	0.0	0.0	0.0	0.0
9238	5.23558827159532	0.0	0.0	0.0	0.0	0.0	0.0	0.0	0.0	0.0
32500	0.0	0.0	0.0	0.0	4.973290427188202	6.00212184158197	0.0	0.0	7.037905963447182	0.0
3758	0.0	0.0	0.0	0.0	0.0	0.0	0.0	0.0	0.0	0.0
9278	6.184536595122998	6.6072188461361	4.19989038377358	6.44263318469184	0.0	5.5806040403698995	0.0	6.333757002224746	6.284036912153937	6.330348453925883
3770	1.6094379124341003	0.0	6.276151419970503	4.2814422907349465	6.443923411558368	3.1910828306326993	7.183199384137782	7.345437750897271	6.657483784830812	5.166657506162773
10472	0.0	0.0	6.039641752655873	0.0	0.0	0.0	5.562279731892207	0.0	5.8335841806350075	0.0
23932	0.0	0.0	6.716175260492699	0.0	0.0	5.5015894507990195	6.320174432432503	0.0	0.0	0.0
23935	0.0	0.0	0.0	0.0	0.0	0.0	0.0	0.0	0.0	0.0
3836	0.0	0.0	0.0	0.0	0.0	0.0	0.0	0.0	0.0	0.0
3813	5.2228392132234704	5.752313804807269	5.870210674040812	5.836588252857528	5.594711379601839	0.0	0.0	0.0	6.409919551758735	6.842699285339383
10432	4.461925019475666	0.0	0.0	0.0	5.7604468173097025	0.0	0.0	0.0	0.0	7.916078096302786
22857	0.0	0.0	0.0	4.442651256490317	0.0	0.0	0.0	0.0	0.0	0.0
103	3.717628867399922	3.518083918647008	6.485102268938935	5.133281814508503	4.815752348876042	5.051208117476093	6.432292119523112	6.1108224119724195	5.00404509795268	5.096377830386216
11571	6.829023320878074	0.0	7.757478766584179	5.544200404831736	4.5217885770490405	3.9318256327243257	5.162282843705396	5.4116460518550396	5.11997989457867	4.399453746044113
22812	2.6979488474434503	5.577572746557848	0.0	0.0	0.0	0.0	6.865777220961176	0.0	0.0	0.0
11594	0.0	0.0	0.0	0.0	0.0	6.572095240246219	2.3025850929940455	0.0	4.372665653960912	0.0
18822	6.20455776256869	0.0	3.332204510175204	0.2876820724517809	0.0	3.6109179126442243	4.956731317779103	0.0	5.407931044433911	0.0
43283	0.0	0.0	0.0	0.0	2.3025850929940455	2.772588722239781	0.0	0.0	0.0	0.0
8021	0.0	0.0	0.0	0.0	0.0	5.593756564826528	0.0	0.0	0.0	0.0
4979	4.715952822632436	4.543294782270004	0.0	0.0	0.0	5.5134287461649825	0.0	0.0	0.0	0.0
4990	0.0	4.466173118328835	5.809402298061894	6.146811729492313	0.0	0.0	6.811794887836226	7.2850617625709155	7.269619523649012	0.0
4997	5.8953464020969495	0.0	0.0	0.0	7.279361753859161	5.065075151246219	5.005775017214003	4.503506532211591	6.7494828583551945	6.168219624644343
10293	0.0	0.0	0.0	1.9459101490553135	0.0	0.0	0.0	0.0	0.0	0.0
9140	0.0	0.0	5.6063324409997595	6.071122565413435	5.946541894465039	0.0	6.894989937068967	0.0	7.4718148966075715	7.775039690870255
9149	0.0	0.0	0.0	0.0	0.0	0.0	0.0	0.0	0.0	0.0
3002	0.0	0.0	0.0	0.0	0.0	0.0	0.0	0.0	0.0	0.0
9170	5.605644214192537	5.627192975442474	5.911156628250667	6.389514725654698	6.35123737431522	7.1376005405279646	0.0	5.617200665151606	7.11322264296307	0.0
10288	0.0	0.0	0.0	0.0	0.0	0.0	0.0	0.0	0.0	6.516322580293865
3053	0.0	0.0	0.0	0.0	0.0	0.0	0.0	0.0	0.0	0.0
3039	0.0	0.0	0.0	6.251288558438319	6.817944995106545	0.0	0.0	7.3864530221891505	5.447641624290383	7.804687412228676
8002	0.0	0.0	0.0	0.0	0.0	0.0	0.0	0.0	0.0	0.0
3926	0.0	0.0	0.0	0.0	0.0	0.0	0.0	0.0	0.0	0.0
3925	0.0	5.575843638601318	6.460165244573302	3.2699233263392826	0.0	0.0	0.0	0.0	0.0	0.0
3091	0.0	0.0	0.0	0.0	0.0	0.0	0.0	0.0	0.0	0.0
3914	6.685147298509971	0.0	0.0	0.0	0.0	0.0	0.0	0.0	0.0	0.0
10320	0.0	0.0	0.0	0.0	0.0	0.0	0.0	0.0	0.0	0.0
3947	0.0	0.0	0.0	4.763989612858884	0.0	0.0	4.785975442264082	5.330784556685538	7.151652981705199	8.412499120301572
9071	0.0	0.0	0.0	0.0	0.0	0.0	0.0	0.0	0.0	0.0
9076	0.0	6.888062645636401	5.755742213586912	0.0	0.0	0.0	0.0	0.0	0.0	0.0
10380	5.522492332715749	0.0	0.0	5.757093351479195	0.0	0.0	8.505929999137527	6.418835789537592	8.041091003708633	5.138930781036578
3950	0.0	5.309163060811867	0.0	6.368291474998326	7.1021397411407925	3.0439137023523197	2.8505962981784867	0.0	0.0	0.0
10364	0.0	0.0	0.0	0.0	0.0	5.487553690224235	6.5009354602469855	6.795146334599482	0.0	0.0
9092	0.0	0.0	0.0	6.650712911252276	0.0	6.373043246586645	0.0	0.0	0.0	0.0
9082	0.0	0.0	0.0	0.0	6.524199527117045	4.4951256913798305	5.704843198289974	0.0	6.357489572840889	0.0
35955	5.825751371333679	4.572848022387497	3.752058355735468	5.12857182312241	0.0	5.820082930352362	5.099866427824199	0.0	0.0	0.0
3110	4.5191614409912155	0.0	4.727908245474022	6.14454257599667	5.696123724349951	5.789176122866062	0.0	0.0	7.348110189674413	0.0
3156	0.0	0.0	0.0	0.0	8.143372088642534	6.729646295838009	0.0	6.262024220150239	5.996790557883944	0.0
32759	9.905360796917808	8.646113971483077	0.0	5.005962020761834	0.0	5.019288966763855	0.0	5.1151373231765	0.0	5.198497031265826
9052	0.0	0.0	0.0	0.0	0.0	0.0	0.0	0.0	0.0	0.0
9029	0.0	2.367123614131617	1.9459101490553135	5.855269665956356	0.0	7.22612816734046	0.0	4.989290519506275	1.3862943611198906	8.970432074329242
9020	0.0	0.0	0.0	0.0	0.0	0.0	5.1830975324437505	0.0	0.0	0.0
18678	7.224389173383686	0.0	0.0	0.0	0.0	0.0	0.0	0.0	0.0	8.62622695244036
9005	2.833738745631032	0.0	0.0	0.0	0.0	0.0	0.0	0.0	0.0	0.0
10206	0.0	0.0	0.0	0.0	5.476878932204584	0.0	6.169232771648543	0.0	0.0	4.353941666655211
39101	2.1972245773362196	3.1780538303479458	5.455321115357702	5.288267030694535	4.330733340286331	2.4849066497880004	0.7520386983881371	1.3966040047212585	3.2188758248682006	0.7520386983881371
10220	0.0	0.0	0.0	0.0	0.0	0.0	0.0	0.0	0.0	0.0
10260	0.0	0.0	0.0	0.0	0.0	0.0	0.0	8.498825534058053	0.0	0.0
11786	6.136268093812701	0.0	6.24316335902739	6.448513668535854	4.978656380509846	0.0	6.588926477533519	5.763736764437899	6.150333370419963	0.0
530	6.460643278854791	6.149699770438097	4.721212577166691	4.881312979073104	6.70674045090838	6.075346031088684	5.830350471901831	8.9142228207033	8.179095148094419	0.0
533	0.0	0.0	0.0	0.0	0.0	0.0	4.066730045596472	0.0	6.718275213928986	7.103649943733478
1820	3.094403801061021	4.966136701202629	0.0	4.366175865907814	0.0	0.0	0.0	4.392274375934357	7.158454262264705	0.0
20441	0.0	0.0	0.0	0.0	0.0	0.0	0.0	0.0	0.0	0.0
1810	0.0	0.0	0.0	0.0	0.0	0.0	0.0	0.0	0.0	0.0
1812	0.0	0.0	0.0	0.0	6.284803796314685	0.0	0.0	0.0	0.0	0.0
1813	0.0	0.0	0.0	4.759630278995045	0.0	5.91452262631369	9.001469479948693	7.74428416203073	6.623599998233487	5.803323251985511
1815	3.234883489584206	4.3809329915735455	4.222783401340157	3.9875591248961775	4.896435250857822	4.562434774026697	3.039424394235957	3.1362467697998255	6.196792813703224	6.188613455923566
1840	5.36289273211832	5.261102425329284	6.055017867526684	6.120293732437489	6.829122752934145	6.318339222852816	6.500147045219539	5.349264817383267	2.6708688295082728	6.118074114333122
1848	0.0	0.0	0.0	0.0	0.0	0.0	0.0	0.0	0.0	0.0
526	0.0	6.018593214496234	4.206031015481784	5.410156848303572	0.0	4.748604807085469	8.12843769687102	6.503838970863823	7.8898191172818635	7.575841028946711
2991	0.0	4.554252441674562	6.710117018076289	0.0	0.0	6.13169258988126	6.040693721588892	0.0	0.0	5.863481693027226
584	7.183590607753207	5.795463815307384	8.829372735468406	7.873452689473268	9.986357030358423	0.0	0.0	6.44028045159617	5.723585101952381	6.618071203859683
20418	6.618401972170894	0.0	0.0	0.0	4.90527477843843	0.0	0.0	7.068597804098967	0.0	0.0
1804	5.1526505817481905	2.9444389791664407	0.0	6.843456401694021	7.5233721700639675	5.214615003950371	6.787169785229699	0.0	0.0	8.962840089157234
1803	5.803662003910334	7.035911745262856	6.375137015668361	5.4830358692393535	7.308602369578358	6.571090431394009	0.0	4.823728187431673	9.300547951479746	6.05587812780508
564	0.0	0.0	0.0	0.0	0.0	0.0	0.0	0.0	0.0	6.552916981448778
21963	0.0	0.0	0.0	0.0	0.0	0.0	0.0	0.0	0.0	0.0
8934	0.0	0.0	0.0	0.0	0.0	0.0	0.0	0.0	0.0	0.0
19152	0.0	0.0	0.0	5.384915089541505	0.0	0.0	0.0	5.602154737968637	6.166790406070935	6.543192162194399
6800	3.9869243136012638	0.0	0.0	0.0	5.4638318050256105	6.441550428292223	0.0	0.0	0.0	0.0
8950	5.700216830053673	5.882946595113009	6.274408257475235	6.050322143406376	5.489692883122925	5.9155003500466306	6.5039258507543165	6.707476023860478	5.535758291955726	6.697195961696725
2914	5.556828061699537	0.0	0.0	0.0	5.206739880401089	0.0	0.0	0.0	4.084911156786848	6.248366479381932
8975	6.431711567613908	6.027979878240088	5.345189409227343	3.417726683613366	6.580984315998344	5.14166355650266	6.4370831155148895	5.372694850589198	6.137878956153131	7.95587645887953
4703	0.0	0.0	0.0	0.0	6.59135103091004	3.1008844341740804	6.535241271013659	0.0	0.0	6.862955830113916
4718	0.0	3.5035740114300857	0.0	5.726304712005023	0.0	0.0	6.645384524484532	5.53338948872752	0.0	6.539252418452978
32986	0.0	0.0	0.0	0.0	0.0	0.0	0.0	0.0	0.0	0.0
32988	0.0	0.0	0.0	3.9639326697476447	0.0	5.28994911687752	0.0	0.0	0.0	0.0
4605	7.932879170117216	0.0	0.0	0.0	0.0	0.0	0.0	0.0	0.0	0.0
4634	4.099360631998079	5.39973120724731	5.428308196976502	7.2020435696239815	4.6401735100716435	4.951142722818602	5.244985728216854	6.730717683138815	7.040587308432279	7.322070002367284
21934	5.286370162568145	2.3916625623215504	2.228477120840324	4.727387818712341	0.0	0.0	0.0	0.0	0.0	0.0
21938	5.371057012322656	5.2499948000690795	4.580173917896262	4.27414428975033	8.017637159908478	1.9459101490553135	0.0	5.373738186327439	0.0	0.0
4694	5.592289097254378	5.229246022977187	6.0568993637738675	6.415096959171596	4.995329000629329	4.816578396351886	6.856459837775573	4.168492892361187	6.47189792654176	6.883901036456628
6767	5.676119441376418	6.093427946267562	0.0	5.498080688835462	5.692813443285627	9.289151552400472	0.0	6.29178058503035	5.8414898676836735	5.760335472582671
1723	0.0	0.0	5.424950017481403	0.0	0.0	0.0	0.0	7.941633050748479	7.288714173548425	7.034262485588513
6779	0.0	0.0	5.810324110698463	5.528215704708364	0.0	0.0	0.0	0.0	0.0	0.0
402	4.724521131103122	0.0	0.0	8.286521373681236	6.518121674250242	0.0	0.0	0.0	0.0	0.0
6751	0.0	0.0	0.0	0.0	0.0	0.0	0.0	0.0	0.0	0.0
413	0.0	0.0	0.0	0.0	0.0	6.316692019876014	0.0	0.0	0.0	0.0
431	0.0	0.0	0.0	0.0	0.0	0.0	0.0	0.0	0.0	0.0
6793	0.0	4.968434026532675	6.152550678780681	0.0	0.0	6.77880694074347	0.0	6.7937063343506505	0.0	0.0
2874	0.0	0.0	0.0	0.0	0.0	0.0	0.0	0.0	0.0	0.0
2869	5.587110838359727	0.0	6.9055986836713865	6.906452344519773	5.97860624438691	6.1922807681731395	5.584812018445117	7.845493398868116	5.809566081131084	5.770711268766533
1797	0.0	0.0	0.0	0.0	0.0	0.0	0.0	0.0	6.160295743874466	7.960897726535249
1787	0.0	0.0	0.0	0.0	4.901528921648289	0.0	0.0	0.0	0.0	7.123587845131012
1770	0.0	0.0	0.0	0.0	0.0	0.0	0.0	4.884535026574614	6.6496320087719	0.0
6738	6.821598977118488	0.0	5.479996511404286	4.556025410179492	0.0	5.73917454342787	5.099866427824199	0.0	0.0	7.1985026818941185
6708	0.0	5.44994392122875	6.675192096217092	5.8864405563137145	2.0794415416798357	6.160676102211502	6.8858146992444595	6.7610768879360865	4.402645921876617	4.220596436911303
1737	3.6091847775222563	5.945754545441808	6.155379495448366	5.6503275765346	5.815038620361232	4.280353149242413	6.830880722901505	5.129709617547389	6.359573868672378	5.950642552587727
4559	0.0	0.0	5.626231905392302	5.622827194889288	0.0	0.0	0.0	0.0	0.0	0.0
18316	5.351967962042573	0.0	0.0	0.0	6.947552748856203	4.986171821917881	7.010446478855993	0.0	5.635231740057399	5.648268049844061
2783	0.0	0.0	5.984270950363147	5.127535602648996	6.021679857970027	6.515238603706809	5.935778341302076	0.0	0.0	6.266986647346541
51353	4.143134726391533	0.0	0.0	0.0	0.0	0.0	0.0	0.0	0.0	0.0
16208	0.0	0.0	0.0	0.0	0.0	0.0	0.0	0.0	0.0	0.0
20648	0.0	0.0	0.0	0.0	5.850536646535607	5.901266279189834	2.70805020110221	4.516338972281476	3.258096538021482	0.0
19324	0.0	5.052175075760189	0.0	0.0	0.0	0.0	0.0	4.081062297749155	0.0	0.0
326	0.0	0.0	0.0	0.0	4.780722853708351	0.0	5.436068468136522	0.0	0.0	7.413095910572675
301	0.0	4.55153497015546	6.115818292860723	6.193634880426447	6.066580511005306	5.527981066110324	0.0	0.0	5.302287253927648	0.0
1605	5.689090893862254	5.248974501225906	4.793534823893516	6.577870869439781	6.245038316277524	6.469822657718017	6.155807141897628	6.144600484471023	6.208802885596747	6.6722892101073485
1616	0.0	0.0	0.0	0.0	0.0	0.0	0.0	4.61512051684126	7.118732090471327	6.154458949153277
1619	0.0	0.0	0.0	0.0	6.292756992943448	0.0	6.564177197681963	6.207782144400757	0.0	0.0
1645	0.0	0.0	0.0	0.0	0.0	5.4914246440768455	0.0	0.0	0.0	0.0
1639	0.0	0.0	0.0	0.0	0.0	0.0	0.0	0.0	0.0	0.0
4959	0.0	5.877735781779639	5.5909869805108565	0.0	0.0	0.0	0.0	0.0	0.0	0.0
4955	0.0	0.0	0.0	0.0	0.0	0.0	0.0	0.0	0.0	0.0
1661	0.0	0.0	0.0	0.0	5.348241625810126	0.0	0.0	0.0	0.0	5.6980517999472164
1654	0.0	0.0	5.358157366904054	4.338811424735104	5.199697156789055	5.333232923379217	3.3733625826687117	6.857818567844729	6.069018261227352	5.812626909934605
1681	2.188189815682251	0.0	3.459466289786131	0.0	0.0	0.0	0.0	4.446463624094891	8.041573823384866	8.510705525280683
1584	0.0	0.0	5.481220149746032	5.4635169451894905	3.8978868647239544	0.0	0.0	0.0	0.0	0.0
1592	6.282581027987865	6.912181183049999	6.5908170917441	6.198407660444392	6.318514090365059	4.900737752713862	6.940851015005585	0.0	2.5819245354512224	8.06006629998418
4883	0.0	0.0	3.9318256327243257	0.0	0.0	0.0	0.0	0.0	0.0	0.0
14029	6.719393929476254	0.0	0.0	0.0	0.0	0.0	0.0	0.0	0.0	0.0
17170	4.1588830833596715	6.923500146062458	5.027085529677768	5.366445592002494	6.402815047116743	5.508591665590908	6.049801513773751	5.537459464707167	5.739229284470814	5.711826261428575
5969	0.0	0.0	0.0	0.0	0.0	0.0	0.0	3.08668514798936	0.0	7.563200592358071
5989	0.0	0.0	0.0	5.9429945613355635	5.624203435179201	5.5941311371550935	5.6465922258927765	0.0	3.3108747433688697	0.0
388	0.0	6.239138188733072	5.541151396224172	5.661473727042779	7.6760099320288875	5.167283612511025	7.2181861216239565	7.210608992504933	0.0	4.591582353129826
385	0.0	0.0	0.0	0.0	0.0	0.0	0.0	0.0	0.0	0.0
371	2.4771854520901724	4.085444878449935	4.283578181589833	5.495097968350707	5.319957919437536	5.107459478731796	5.739792912179234	5.657690292103621	6.830366316611501	5.368187046508523
375	0.0	0.0	5.7011925839289095	4.971708751251325	4.382026634673881	5.2574953720277815	6.356351141021465	0.0	0.0	7.063903961472069
216	0.0	6.3140230331274	0.0	0.0	6.981824506838848	9.181940897454485	0.0	0.0	0.0	0.0
223	6.083710596697006	0.0	0.0	0.0	0.0	0.0	0.0	0.0	0.0	0.0
5922	6.28891360474154	5.825734953041976	6.53559715107766	6.3929248892198665	6.852396674811024	5.988032489972531	6.151257895451341	6.958572809493216	6.015408014403681	6.513744562767286
5920	0.0	5.509344969442557	4.792161706443599	0.0	5.522084155935956	5.973642346737871	0.0	6.0447399881310275	7.757065063418695	7.603866889081466
51157	0.0	0.0	6.849066282633458	3.7639305660802855	0.0	5.931690195176413	3.792678987136968	7.897482328929474	0.0	6.603205366342548
4822	0.0	0.0	6.40039337182066	5.717181696108672	3.845447762684247	6.359888077728188	5.353137450034101	7.0517097012693135	4.915591745409362	2.551060670200949
4823	5.3024006478812336	0.0	6.084887087015679	0.0	0.0	0.0	0.0	0.0	6.676663557818753	4.834104629978368
1529	0.0	0.0	4.908971640319756	0.0	0.0	4.614840494596668	0.0	0.0	0.0	5.8828194562509974
1501	5.501817820697601	0.0	0.0	0.0	0.0	0.0	0.0	0.0	5.821269170111868	4.672828834461907
1562	0.0	0.0	0.0	0.0	4.059241560485303	0.0	0.0	0.0	0.0	3.569142240521201
1565	4.651576558802247	5.182580659236971	4.868987011985123	5.538003760940239	5.619290851659055	4.484819043635433	5.300850797728259	6.190286548083568	7.237633858631958	6.529308859999543
1561	0.0	5.649110965409658	0.0	5.96075398994617	5.310489466125112	6.491640472706224	6.324325206901465	6.706393194526516	0.0	4.950686621055887
21875	5.922384405264028	6.498282149476434	5.751911684656451	5.439109399463863	5.396491769088384	5.317135304623847	6.718669386201787	5.263870667884564	6.464873030809073	6.5613899786447725
6905	0.0	0.0	0.0	0.0	5.488882702396856	0.0	0.0	0.0	0.0	0.0
6913	6.571901033183435	0.0	0.0	0.0	6.461468176353717	8.237082384460775	7.289382964276446	5.304454635182211	7.296083881927801	7.251632767968002
1494	0.0	0.0	0.0	0.0	0.0	0.0	0.0	0.0	6.160295549486383	5.158248006449733
1466	5.007193181995462	4.895900977082638	4.635119360496759	5.416897690555607	6.455753412327017	6.313586940735014	5.917520642903547	6.186104654659753	7.1155602476260205	6.330351329178853
5898	0.0	0.0	0.0	0.0	0.0	0.0	0.0	0.0	0.0	0.0
1464	0.0	1.8718021769015913	0.0	5.651946554383809	6.007759629594484	6.121552517954744	6.185951389172387	0.0	0.0	0.0
1463	0.0	0.0	0.0	0.0	0.0	5.56379148248759	7.46527363074011	8.3338711342887	0.0	0.0
1470	0.0	0.0	0.0	6.230481447578482	7.138586313523927	0.0	0.0	0.0	4.860321716742984	0.0
4733	5.743886172268603	5.7815837614511665	5.644903820070686	5.626548573436187	5.640769780420467	4.751155213857932	5.616335241479423	6.411808620779337	5.596221928181135	5.702536944193593
4721	0.0	0.0	6.183564087307889	5.9156628336917	0.0	5.788674147159805	0.0	6.642160802994361	0.0	0.0
18131	5.610558277747503	7.869391800333083	5.392989002719138	5.597366912960597	6.170397041678271	4.295358449717906	4.203527551787071	7.053435926882719	0.0	6.422283389446544
282	0.0	5.423209427180496	6.7127411569233075	6.0383605492236585	6.290951665009525	6.0029980093291515	6.279338081587922	6.0690041245634	0.0	5.921824066564275
5848	0.0	0.0	0.0	0.0	0.0	6.641182169740591	0.0	0.0	0.0	0.0
5847	0.0	0.0	0.0	7.8850783926645756	0.0	6.440946540632921	0.0	2.6145891393541243	0.0	0.0
274	6.423830175305999	6.964663380952858	7.663708200630765	5.651224041296052	5.322858206601172	6.610989652613505	5.41344454758865	5.5031959700082655	5.9493757103751	6.577367761679409
16160	0.0	0.0	0.0	0.0	0.0	0.0	0.0	0.0	0.0	0.0
27916	3.4488945573351435	4.850420306691436	5.756691130311603	5.901004184501114	0.0	5.702114417555504	5.573000465515672	2.5096374310457175	6.758015779774981	4.863762009226743
292	4.699180820450331	1.9356005054539454	3.106048457015054	5.013495596430362	3.1780538303479458	5.714172564142562	6.53813982376767	0.0	5.4359030295006	5.933871547502449
5890	0.0	0.0	0.0	0.0	0.0	0.0	0.0	0.0	0.0	0.0
5894	0.0	0.0	0.0	0.0	0.0	0.0	0.0	0.0	0.0	0.0
5893	0.0	0.0	0.0	0.0	1.9459101490553135	3.8842244980683738	0.0	4.882801922586371	0.0	0.0
247	0.0	3.7982859604755315	0.0	0.0	5.636206993355348	4.387940260385311	4.799786546781295	6.711983384143289	6.248205306392875	7.627187406011464
5880	6.200329518966742	5.614591167793481	0.0	0.0	4.474321835611905	5.4998677074042694	6.202535517187923	6.4521860018861155	5.603373848116519	0.0
1415	0.0	0.0	0.0	5.189445308038325	0.0	5.304049729267501	0.0	0.0	6.80128303447162	0.0
942	0.0	3.7577742815790436	6.314453433391908	0.0	4.162851174829462	0.0	4.977376527203417	0.0	4.9021509096464335	7.220444482362282
1426	2.9794706777012108	0.0	4.925380826756524	4.093531620054658	7.4158921462781215	5.730041700395657	6.53474305609441	0.0	0.0	4.226479348978543
1435	5.478345657054658	6.315157690592068	6.77642337685711	6.520685290482509	5.95680840045228	6.187486752663696	5.420125069797587	6.191009749258895	4.97910936429624	4.550198475648083
1439	4.815662619748743	6.478509642208569	6.03250947183225	7.892732168644739	0.0	5.949290184608823	6.659293919683638	0.0	0.0	4.276230985599334
919	5.074881479375244	5.804547979795127	5.22547681607735	5.601178692790877	6.513616666564813	6.69158351150644	6.667230408278296	7.067633781119487	5.969400296878403	5.588009295815282
1440	0.0	0.0	0.0	0.0	0.0	0.0	0.0	0.0	0.0	0.0
914	0.0	0.0	0.0	4.2085851286717	0.0	5.172286915206032	4.547139177259016	6.5349888143201795	6.309459739145927	7.005428046403171
15322	0.0	4.505134465813379	0.0	0.0	0.0	0.0	0.0	0.0	0.0	0.0
984	5.932441805425051	5.4235974952931105	5.44112851860687	6.439779438105258	7.381652593603977	5.61062224924901	5.236686354967317	6.815821819181524	4.34218144465272	5.740202396621424
8517	0.0	0.0	0.0	0.0	0.0	4.5800094832847655	0.0	4.157761820786501	5.421347767665693	0.0
1409	0.0	3.6074244593096645	3.6692434795970774	0.0	4.233826428883258	5.572154032177765	0.0	4.228518077011284	3.15527020177923	8.063299863257228
8505	6.380379640020987	0.0	6.406837777096751	7.68017564043659	6.628858190308777	4.033889850337922	5.917933331675045	0.0	0.0	0.0
1401	0.0	0.0	0.0	0.0	0.0	0.0	0.0	0.0	0.0	0.0
1403	0.0	0.0	4.294328177677137	0.0	5.736936372110861	7.108195924811048	7.475704648826985	0.0	7.1569487910512155	2.4870851749860114
27704	0.0	0.0	0.0	0.0	0.0	0.0	0.0	0.0	0.0	0.0
993	6.2416053113571435	0.0	0.0	6.450652428135261	5.515073336699614	5.855315156051804	7.182730972231218	6.248263777594389	0.0	4.118859983662055
2503	0.0	0.0	0.0	0.0	0.0	0.0	0.0	0.0	0.0	0.0
2519	0.0	0.0	7.989777122607427	7.305847664684105	4.694926186837732	5.213964723323571	3.5973122605884456	7.367077059881012	0.0	0.0
2435	0.0	0.0	0.0	0.0	0.0	0.0	0.0	0.0	0.0	0.0
2433	5.709322655031817	6.925696496694878	0.0	0.0	0.0	0.0	0.0	0.0	0.0	6.317164686747284
5745	0.0	0.0	0.0	0.0	0.0	0.0	0.0	0.0	6.026011084507864	0.0
18079	4.395374652193381	0.0	0.0	0.0	0.0	0.0	0.0	0.0	0.0	0.0
5763	0.0	0.0	0.0	0.0	0.0	0.0	0.0	0.0	0.0	0.0
4268	0.0	0.0	0.0	0.0	0.0	0.0	0.0	0.0	0.0	0.0
4271	0.0	5.601752142188727	5.653395744589659	0.0	0.0	0.0	0.0	6.45833828334479	8.559230447207295	6.671496744387658
4276	0.0	0.0	0.0	0.0	0.0	0.0	0.0	0.0	0.0	0.0
2489	4.8375021633567075	0.0	0.0	6.499285661853674	0.0	0.0	0.0	0.0	6.414365311064012	7.158770015997772
5724	0.0	0.0	0.0	0.0	4.304679155243729	0.0	5.6004142750124455	8.002358924222543	6.030663574051513	8.24156902452036
1376	6.418576723345264	5.981205471097525	5.843804237921052	5.931597186358813	5.735840099916222	6.546105629905646	5.686242175810113	0.0	7.2870738643732444	6.422474806313964
8561	0.0	0.0	0.0	0.0	0.0	0.0	0.0	0.0	0.0	0.0
8558	4.51403203536881	5.3513084301995795	4.485281178465728	5.016888412788346	5.7516811248645405	6.035057526904971	3.7135720667043075	3.8946107063162945	0.0	0.0
1352	0.0	4.762173934797756	8.811105813618655	0.0	2.904445155742501	0.0	7.188298705052922	0.0	0.0	6.120162754971374
8576	0.0	0.0	0.0	0.0	2.0794415416798357	0.0	0.0	0.0	0.0	0.0
1349	0.0	5.96030978425139	3.734172092630681	0.6931471805599453	4.856231208340001	4.878060115424926	5.6676315187784985	0.0	0.0	0.0
5778	5.519894466653324	5.7187608053944645	0.0	4.638248516767615	5.86344787434197	0.0	0.0	5.2685705455726835	0.0	5.707913825745344
5792	0.0	0.0	0.0	0.0	0.0	0.0	0.0	0.0	0.0	0.0
5787	0.0	0.0	5.732579517196084	0.0	8.591558273371545	0.0	0.0	6.11230982572514	8.068507380853509	0.0
5799	0.0	0.0	0.0	0.0	6.51223116097262	0.0	0.0	0.0	0.0	0.0
1361	0.0	0.0	0.0	0.0	0.0	0.0	0.0	0.0	0.0	0.0
15213	0.0	0.0	0.0	0.0	0.0	0.0	0.0	0.0	0.0	0.0
1330	5.170119976086748	1.3862943611198906	0.6931471805599453	0.0	5.015391167627569	7.420578905410801	5.1513654899417975	6.046978090371227	6.348839447937184	6.877390074506527
19488	5.691325868290712	0.0	6.324657603566149	0.0	5.77980706369448	0.0	4.011491195381135	0.0	0.0	0.0
822	0.0	4.600467789004672	5.73938346808256	6.0991972469108635	6.368920346733003	6.98305807037702	6.9299841893959035	5.613741059716846	6.360285781053456	4.77137630398414
829	0.0	0.0	0.0	1.0986122886681098	0.0	4.23410650459726	6.249084107412775	4.808111029984782	5.868242798084827	5.23915530605376
816	0.0	0.0	2.3025850929940455	5.214029550025447	0.0	0.0	0.0	0.0	0.0	0.0
21603	0.0	0.0	0.0	0.0	0.0	0.0	0.0	0.0	0.0	0.0
843	0.0	5.489747372601939	0.0	0.0	0.0	0.0	0.0	0.0	5.925801243908708	0.0
846	0.0	0.0	6.20499973817242	0.0	6.088916339067945	0.0	0.0	0.0	5.0497156268183385	0.0
8639	0.0	0.0	0.0	5.4070518577836975	0.0	0.0	7.174331362670374	7.136530208483655	5.7830589858235	5.458895414745694
20148	0.0	0.0	0.0	0.0	0.0	0.0	0.0	0.0	0.0	0.0
28708	0.0	0.0	0.0	0.0	0.0	0.0	0.0	0.0	0.0	0.0
19410	0.0	0.0	0.0	0.0	0.0	0.0	0.0	0.0	5.544785549146265	0.0
887	3.448140140909347	0.0	6.514581112247409	7.334720918536304	9.400243642494756	0.0	0.0	0.0	0.0	0.0
2408	0.0	0.0	0.0	5.728236544766166	6.302306063705343	6.937163477533456	0.0	6.1002315411204036	6.297429513163092	7.651635468973779
2413	0.0	0.0	5.769832805190206	6.320333094837872	6.606866493575207	3.531865201047421	7.577633832602728	5.989045965134093	6.07926707399792	7.174264786201117
2417	0.0	0.0	5.602922977116611	0.0	6.469637838598723	0.0	0.0	5.991689719611999	0.0	0.0
16328	0.0	0.0	0.0	0.0	0.0	0.0	0.0	0.0	0.0	0.0
4113	0.0	6.665007926640906	5.137041127442403	5.274661688832	3.7832801295354206	4.153236080050292	5.979056303836854	3.7612001156935624	5.347960442808066	6.053000140805012
12019	0.0	0.0	0.0	0.0	0.0	0.0	0.0	0.0	0.0	0.0
2329	0.0	4.265724661546718	3.97464386546086	5.92693127432492	6.751486328391232	5.709418186334174	6.401946497536222	0.0	7.294364540481818	7.374770429068792
2321	7.462124633786106	0.0	5.519458915191573	5.241747015059643	5.588936522803725	0.0	6.118920387396578	7.166063628296637	6.441624934786973	6.196260383830387
4117	0.0	6.5757811806668425	7.096307385526727	4.9913908609016575	0.0	5.09008380966571	6.243464221661233	6.077885008279024	7.270786918071288	0.0
2331	0.0	4.114963849424837	5.151473261903217	5.860281603678117	6.1066188858689125	5.6146910137132435	0.0	5.897167390862007	6.383211819355295	0.0
2318	3.6243409329763647	4.655303760735651	4.356487770722478	4.753664136160419	3.6449662931073967	5.602004713746361	5.349514241496279	4.075557476403812	5.8087435709635065	7.25035816511985
2304	0.0	0.0	0.0	0.0	0.0	4.881772588608629	5.117993713086641	5.901086542774459	0.0	5.7962145790032675
5623	0.0	0.0	0.0	0.0	0.0	0.0	0.0	0.0	5.87493073085203	0.0
2302	5.8998973535824915	4.979006822302049	0.0	5.26780501562915	5.3058847118174	5.861420418685142	5.845783853222973	5.848416580279991	6.812409404318155	5.642431290880749
2367	2.932761661875068	5.54907608489522	3.8081831736729335	0.0	0.0	0.0	0.0	0.0	3.4171609381328047	6.04581896216079
2359	4.954002281831123	6.550107513983621	6.055479440499552	5.721286277887819	7.863637025708384	0.0	6.32020174425677	6.209320076565721	6.839185961893856	5.478919262003753
4135	3.1123717108872717	0.0	0.0	0.0	8.488587934405903	0.0	0.0	5.720311776607412	7.622091725624172	6.212606095751519
1293	5.829101021286559	0.0	0.0	5.452641743157199	8.164225652265827	0.0	6.638006674403832	6.891498856462614	0.0	0.0
1294	0.0	0.0	1.0986122886681098	0.0	5.712799092235938	0.0	0.0	0.0	0.0	0.0
12096	6.5156957038129235	6.762880599293618	7.74336390272445	5.730244936728433	6.2554682563305635	5.3570170758497735	5.1578996508915065	6.219030969338771	6.5841859389011566	5.502582701452395
12097	6.296589272206706	6.566300416222865	0.0	6.191579905399914	6.1481950842999655	6.0140260127473395	6.175867270105761	4.769528332180348	5.6289489205731975	6.666801503327158
1276	0.0	0.0	0.0	0.0	0.0	0.0	0.0	0.0	0.0	0.0
1246	0.0	0.0	0.0	0.0	0.0	7.758760544157663	8.493485807614269	0.0	6.941000121689677	6.2422232654551655
5694	0.0	0.0	5.834930806354295	0.0	0.0	0.0	6.708667782877551	0.0	5.280428439566473	0.0
1241	0.0	0.0	8.452714541381685	7.766553513941807	0.0	0.0	0.0	0.0	0.0	2.5369530851512074
1233	0.0	0.0	0.0	5.028653799598934	0.0	0.0	0.0	0.0	0.0	6.934802840080552
8695	0.0	0.0	0.0	0.0	0.0	0.0	0.0	0.0	0.0	0.0
8696	0.0	5.386767686617773	0.0	0.0	0.0	5.678353606193444	5.902377962121128	4.399633871406626	6.671050026935947	6.925159950729633
1222	0.0	0.0	0.0	0.0	0.0	0.0	0.0	0.0	0.0	0.0
1215	0.0	0.0	8.59748202264504	6.184330859528486	0.0	0.0	7.552412250381648	7.3659507465756215	9.582662261491093	0.0
1210	0.0	0.0	0.0	0.0	4.601980382506072	6.193470949259435	6.180898971943657	0.0	0.0	0.0
721	0.0	6.268931912082338	5.9220953314189755	6.348844138036001	6.647688373563329	5.374975107595592	0.0	8.840773154865003	7.716238058221987	4.83066570796351
21307	4.935482180415284	8.204473167485817	6.579890662628813	5.116101002612078	6.596512308195965	5.180477181502903	3.236945348176137	5.5876804618247125	5.002776763574262	5.351113581560065
8721	0.0	6.070988287468	0.0	0.0	0.0	0.0	0.0	0.0	0.0	0.0
1205	4.757588984680851	5.389759032267653	4.574750963222903	5.496950133227903	5.425560801715439	5.536556679005574	6.710683909003838	5.0700685858364585	7.275458554048628	8.437782501862202
16687	1.8506509870562469	0.0	6.303473906317241	6.045005314036012	6.476972362889683	3.621227556245592	0.0	6.947937068614969	5.29635056470922	0.0
27515	0.0	0.0	0.0	0.0	0.0	0.0	0.0	0.0	0.0	0.0
21383	0.0	0.0	0.0	0.0	0.0	0.0	5.722840779224143	0.0	0.0	0.0
792	4.848510941333257	6.636474841212106	6.877559026363076	6.872634531088099	0.0	0.0	0.0	0.0	5.2882160128892775	6.114518461496332
9825	5.984993726512906	0.0	0.0	0.0	0.0	0.0	7.081550397819374	0.0	5.859768204442794	7.337000199016103
42840	0.0	0.0	0.0	0.0	0.0	0.0	0.0	0.0	0.0	0.0
773	0.0	0.0	3.2777673426963925	4.938320755935923	2.831480240067973	1.791759469228055	0.0	4.619306244611166	1.8506509870562469	4.16509434335895
2711	0.0	5.629418059367339	0.0	0.0	6.612712852124064	5.331355586785057	5.330437985874132	0.0	6.463744411837965	7.917266289364951
9837	0.0	0.0	0.0	0.0	0.0	0.0	5.33260527411587	0.0	6.968007947677258	6.854354502255022
9834	0.0	0.0	4.310799125385514	0.0	0.0	5.964863865310803	0.0	7.311886164077165	5.615813701710244	0.0
757	0.0	0.0	0.0	0.0	0.0	0.0	6.873280629942281	0.0	5.170483995038151	0.0
4491	0.0	0.0	0.0	0.0	0.0	0.0	0.0	0.0	0.0	0.0
9884	0.0	0.0	6.415109358126946	5.642880731017708	6.88348778422918	4.222444564849416	6.110693502251316	6.156146296372361	5.610085037786254	3.6147714819602146
19710	0.0	0.0	0.0	0.0	0.0	0.0	0.0	0.0	0.0	0.0
4487	0.0	0.0	0.0	8.802522498284421	6.544467640325991	7.241232845151169	5.433173003361628	5.0965660657033185	4.980097982967973	4.417383451006193
4479	0.0	0.0	0.0	5.619318548928544	0.0	6.025498336416693	0.0	0.0	0.0	0.0
1102	0.0	0.0	0.0	0.0	0.0	0.0	0.0	0.0	0.0	0.0
5535	4.967115808226632	0.0	0.0	6.655457096422817	0.0	0.0	0.0	0.0	0.0	0.0
4428	0.0	0.0	0.0	0.0	0.0	0.0	0.0	0.0	0.0	0.0
1131	0.0	3.607378144596437	0.0	4.493889877559134	0.0	0.0	6.494580281724834	7.191357758424704	5.6327128687664825	5.59048934427267
5567	0.0	5.137757301535594	0.0	0.0	0.0	6.075346031088684	5.997766143695876	0.0	2.5542212054063547	5.147494476813453
4442	0.0	1.9095425048844386	0.0	0.0	0.0	0.0	7.30352166794769	0.0	0.0	6.937314081223682
5586	0.0	0.0	0.0	0.0	0.0	0.0	0.0	0.0	0.0	0.0
5584	0.0	6.07073772800249	0.0	0.0	0.0	0.0	0.0	0.0	0.0	0.0
1135	0.0	0.0	0.0	0.0	0.0	0.0	0.0	0.0	0.0	3.891820298110627
15197	0.0	3.6922521385925755	0.0	0.0	0.0	6.377225754615693	4.975949858161529	0.0	6.428409423895674	5.340310388561917
8784	0.0	0.0	0.0	0.0	0.0	0.0	0.0	5.167356554992798	0.0	0.0
8788	0.0	0.0	0.0	4.9982375257171885	0.0	0.0	6.064665058530393	0.0	0.0	4.774407838152548
5592	0.0	4.356708826689592	2.5649493574615367	3.1856010359833284	2.3025850929940455	0.0	2.995732273553991	5.890221931069714	0.0	7.0192966537150445
1172	5.9132197307832755	8.587154482722198	0.0	5.488248783656133	0.0	0.0	0.0	5.325905445949678	0.0	0.0
1176	0.0	3.8136504666983067	0.0	0.0	0.0	0.0	0.0	0.0	0.0	0.0
20381	0.0	0.0	7.399577006501612	5.645285179667702	6.201389782804127	2.2072749131897207	4.953587530960245	4.471104104001386	4.794608511949301	5.494432245474327
15008	0.0	0.0	0.0	0.0	0.0	0.0	6.992418582664101	6.248745985804754	0.0	0.0
21416	0.0	0.0	0.0	0.0	5.88574176789402	0.0	0.0	0.0	0.0	0.0
623	0.0	0.0	0.0	0.0	0.0	0.0	0.0	0.0	0.0	0.0
629	0.0	0.0	5.772997543677674	0.0	0.0	0.0	0.0	7.263103029408553	5.863163151653472	0.0
28922	0.0	0.0	0.0	0.0	0.0	0.0	0.0	0.0	0.0	0.0
21408	0.0	0.0	5.170483995038151	0.0	0.0	4.248495242049359	0.0	0.0	0.0	0.0
613	0.0	5.548102848808668	4.687326044001324	0.0	0.0	0.0	6.7148984202727995	0.0	0.0	0.0
16507	0.0	0.0	0.0	0.0	0.0	0.0	0.0	0.0	0.0	6.959398512133975
26012	0.0	0.0	0.0	0.0	0.0	0.0	0.0	0.0	0.0	0.0
684	0.0	0.6931471805599453	6.361281680043827	4.919232002370539	0.0	0.0	0.0	0.0	7.137543373015015	0.0
671	0.0	6.236469922418879	8.305484017727691	6.540893273313062	5.641862083069226	5.3058353362657416	5.410289461140052	0.0	0.0	0.0
2661	5.788547741283911	7.064631929413569	0.0	0.0	2.847986739723993	0.0	5.6909584402094975	2.594331926806657	0.0	2.5065863494033613
2621	0.0	0.0	0.0	0.0	0.0	0.0	0.0	0.0	0.0	0.0
2629	5.681440669429251	5.8332417514409975	5.906688936240849	5.88963301179876	5.5472260236196	6.581891080507014	6.589886526248683	6.904843097154059	6.913284934320678	6.9907540271720805
9900	8.049746290952191	7.72725831682978	5.332718793265369	1.7047480922384253	4.007333185232471	7.035045637869361	7.089243155027514	5.6911861140305176	1.0986122886681098	5.051721081751854
16556	0.0	0.0	0.0	0.0	0.0	0.0	0.0	0.0	0.0	0.0
2608	6.824914104422886	6.961106454479132	3.97494270519569	6.306640183868685	4.835579545822423	6.532376018361281	6.275242754645775	6.625129989548888	0.0	6.9719812512814086
2604	3.2744456760230114	0.0	0.0	0.0	0.0	6.310645286619134	7.777932261890268	0.0	0.0	0.0
2600	0.0	5.167231959651774	0.0	0.0	0.0	3.2571865607081203	6.330314906134162	0.0	8.1200929996397	2.554184765874128
12303	0.0	0.0	0.0	0.0	0.0	0.0	0.0	0.0	0.0	0.0
2619	2.3733348741308955	0.0	0.0	0.0	0.0	8.435476861796248	0.0	0.0	0.0	0.0
2611	0.0	0.0	0.0	0.0	0.0	0.0	0.0	0.0	0.0	0.0
20333	0.0	0.0	0.0	0.0	0.0	0.0	0.0	0.0	0.0	0.0
12324	0.0	0.0	0.0	0.0	0.0	0.0	0.0	0.0	0.0	0.0
658	6.65437961155865	6.318334315312067	6.575890902554339	6.2676818959154135	6.830209673543716	0.0	6.446638902528376	5.391798317351087	5.93620580305217	6.234336772971846
20310	0.0	0.0	0.0	0.0	0.0	0.0	0.0	0.0	0.0	0.0
64299	5.9884806612180865	0.0	5.242075438722823	5.64096235995073	0.0	0.0	4.549272406457101	0.0	0.0	5.013279549107575
4392	5.994680101614108	5.4223800936763435	6.004569172106005	5.660239755235312	6.465218001948756	6.255387922114199	6.861502341313256	6.400237176633982	6.148245297683687	7.597984492180682
1082	5.609216666036807	0.0	5.618867931661266	0.0	0.0	0.0	0.0	0.0	0.0	4.069556500987367
1078	0.0	0.0	0.0	5.363752183213921	0.0	0.0	1.0986122886681098	0.0	5.849307135257158	0.0
4370	0.0	0.0	0.0	0.0	0.0	0.0	0.0	0.0	0.0	0.0
2598	6.716765562982931	0.0	0.0	5.757323241584231	5.257195572659607	0.0	0.0	7.382124365737512	0.0	0.0
4381	0.0	0.0	0.0	0.0	0.0	0.0	0.0	0.0	0.0	0.0
1059	0.0	0.0	4.882801922586371	0.0	0.0	0.0	0.0	0.0	0.0	0.0
2563	6.899835108180997	6.639476962609078	6.4369659453910115	7.02108396428914	6.134565613207698	4.634166664088622	6.4327306090018155	5.803487641075859	5.5780171693849265	6.727269647079939
2565	0.0	2.2512917986064953	7.206740786409374	5.38855541904544	4.1521451553632165	6.327617686638541	0.0	9.107310471656639	0.0	0.0
2566	0.0	0.0	0.0	0.0	0.0	0.0	5.812461180530878	0.0	0.0	0.0
2561	5.878824202674115	6.017247969344248	5.852124707647076	5.883364747406535	6.148017477803512	5.182539816006756	6.252131726866343	5.826178974279433	5.960786809804818	5.365906364510682
12279	6.231452961008058	0.0	0.0	6.21100160282808	6.5888821884850355	0.0	0.0	2.651930401547547	4.5375743946138325	8.257774584237316
2541	0.0	6.129134161416189	5.6943036498271855	5.825623429468232	6.321295536395498	6.287750370391399	5.778403517354274	0.0	4.199791826001072	7.081727963936053
1004	4.268297869345538	5.9214246799461385	0.0	4.844187086458591	0.0	0.0	0.0	6.338286340418129	4.412798293340635	5.096812990337308
1047	2.1972245773362196	4.926124975695108	4.663439094112067	5.30114762037282	7.2391514459381625	4.916703451312559	6.977034636959333	9.106645135637418	5.808399614450703	7.036148493750536
1039	0.0	0.0	0.0	3.8501476017100584	0.0	0.0	0.0	4.2213784801316105	5.903505054729142	0.0
5464	0.0	0.0	0.0	0.0	0.0	0.0	0.0	0.0	0.0	0.0
8897	0.0	0.0	0.0	0.0	5.053832843129627	0.0	0.0	0.0	0.0	0.0
5473	0.0	6.139779515100237	6.491481972157369	0.0	0.0	0.0	0.0	6.7041884910711556	7.874499296060544	6.362730749978326
6095	0.0	0.0	0.0	0.0	0.0	0.0	0.0	0.0	0.0	4.489889425213169
14678	0.0	0.0	0.0	0.0	0.0	0.0	5.537334267018537	5.132816451152432	5.985094837781022	0.0
36225	0.0	0.0	0.0	1.252762968495368	3.0204248861443626	2.4673542361138483	6.400257445308821	0.0	0.0	6.593272818585843
6079	3.6954576729616857	0.0	0.0	0.0	0.0	4.335228882240559	0.0	5.191617132039555	5.645446897643238	0.0
14631	4.996549627129305	6.580964373436366	4.794758476684096	5.2293244950610855	4.582365403936016	5.446440018104171	5.504271504081843	5.0918936389697835	5.191001503608451	6.492770115366147
5308	0.0	0.0	5.742186900613867	2.890371757896165	0.0	0.0	0.0	0.0	0.0	7.014365014040395
26177	0.0	0.0	0.0	0.0	0.0	0.0	0.0	0.0	0.0	0.0
7561	0.0	0.0	0.0	0.0	4.7602406935698784	0.0	0.0	0.0	5.196751103498574	0.0
13543	0.0	0.0	6.359285476456968	0.0	0.0	0.0	0.0	5.643356696705378	0.0	8.094480189898519
28493	0.0	0.0	2.1400661634962708	0.0	0.0	6.396929655216146	0.0	5.0106352940962555	5.735604086979158	6.9865664594064265
13597	0.0	0.0	0.0	0.0	5.421033048740998	0.0	0.0	0.0	4.859812404361671	4.07753744390572
21081	0.0	0.0	0.0	0.0	0.0	0.0	0.0	0.0	6.6240652277998935	0.0
21089	6.024226901528043	6.0288665963622	6.395145958598614	5.222971173218764	5.430435131833647	6.077867744334352	4.867150596142526	6.159802894903565	6.800999132214847	6.319435464722124
30619	0.0	0.0	0.0	0.0	0.0	0.0	0.0	0.0	0.0	0.0
25070	0.0	0.0	0.0	0.0	0.0	0.0	0.0	0.0	0.0	0.0
21157	7.193310090417744	4.628763344175023	0.0	3.4965075614664802	3.624340932976365	0.0	0.0	0.0	0.0	0.0
13632	0.0	0.0	0.0	6.12457205404951	0.0	0.0	0.0	0.0	0.0	0.0
13647	5.844843730252026	6.131026320850233	5.8645317476467165	6.0162252978900055	5.59324978928119	6.969229747008754	5.912341785269414	5.73063524099096	7.155471994940012	5.814654117695656
28400	0.0	0.0	0.0	0.0	4.742029368705289	4.676440529379146	0.0	0.0	5.625563499795957	0.0
30639	0.0	0.0	0.0	0.0	6.321068009523319	0.0	0.0	5.564520407322694	0.0	0.0
13658	0.0	0.0	0.0	0.0	0.0	0.0	0.0	0.0	0.0	0.0
16850	0.0	5.192725342612755	8.005367067316664	8.38958706681109	0.0	0.0	2.639057329615259	7.453786567332732	0.0	6.686506092614008
7534	0.0	0.0	5.783056661213367	6.164526003271293	0.0	0.0	0.0	0.0	0.0	0.0
5380	6.690616831542011	6.56018143202499	4.917221874861516	4.689434738351183	6.660854902318432	5.164745675191334	4.436751534363128	4.630480642098927	7.230036176693065	4.553876891600541
27347	0.0	0.0	0.0	3.0136647562348724	0.0	0.0	0.0	0.0	0.0	5.714102605457439
5391	5.287169970017491	6.054421191499857	5.940649696403417	6.4886240732066724	4.854106224132425	5.691737642870559	6.648552677852225	6.2210544729776975	6.4405273311907525	7.223706387442328
7493	0.0	0.0	0.0	7.0826477008414574	0.0	0.0	0.0	0.0	0.0	2.5589846912313146
7485	6.239526894604572	6.276851477114531	6.225848643046245	5.976622284964936	5.0572787569004625	7.156851830040242	5.8711147368365175	5.735401416791572	6.170865361048364	5.938181688944748
5221	0.0	0.0	0.0	3.2765290413111883	0.0	0.0	0.0	7.110904574754208	0.0	0.0
5257	6.081791644756382	7.991974611362443	6.408832372566116	6.538501552836545	5.83814754044669	0.0	0.0	5.8553898914959674	0.0	0.0
27296	0.0	0.0	0.0	5.488169222599391	7.215975002651466	0.0	0.0	0.0	0.0	0.0
14542	0.0	0.0	0.0	0.0	0.0	5.941001932541145	0.0	0.0	0.0	6.3818160174060985
24045	0.0	0.0	0.0	0.0	0.0	0.0	0.0	0.0	0.0	0.0
36178	0.0	0.0	0.0	7.321188556739479	0.0	0.0	0.0	0.0	4.772801027372043	4.7295977643631435
13422	0.0	0.0	5.922471675621031	0.0	4.857561714160877	6.600576188218294	0.0	0.0	0.0	5.4222188444665855
13496	0.0	0.0	0.0	0.0	5.528476609768734	0.0	0.0	9.332115428902103	6.486489143529272	0.0
13483	0.0	0.0	0.0	0.0	0.0	0.0	0.0	0.0	0.0	0.0
15623	4.189654742026425	2.1951627187442884	4.944771865761335	5.517805183716341	5.70848819671901	6.743988117805358	4.795790545596741	6.5656955614489005	3.068052935133617	6.744059186311348
28311	0.0	0.0	0.0	0.0	0.0	0.0	0.0	0.0	0.0	0.0
15666	3.856081544220457	0.0	2.649158683274018	1.6094379124341003	10.02042578700401	5.646925816049354	0.0	3.044522437723423	4.283586561860629	6.762079631069055
21242	0.0	0.0	0.0	0.0	0.0	0.0	0.0	0.0	0.0	0.0
30776	4.454347296253507	5.1238752099563065	5.15875794565239	0.0	4.508844431984233	5.83627165770228	0.0	0.0	4.685597435100706	5.564946029801986
25188	0.0	0.0	0.0	0.0	0.0	0.0	0.0	3.9123652550355135	0.0	0.0
15651	5.899602190805622	3.8198644961267334	4.795089966222688	5.016240128541382	5.906148779866781	5.155755954573634	4.897431227332255	6.425817721314702	6.582743954468185	4.94886633682998
26266	0.0	0.0	0.0	0.0	0.0	0.0	0.0	0.0	0.0	0.0
16754	0.0	0.0	5.185515785593103	7.261683149587078	3.332204510175204	5.117290653096759	5.5093883366279774	4.994186965896055	0.0	0.0
26257	2.624468211439114	0.0	2.5058498236332434	0.0	0.0	2.0794415416798357	0.0	0.0	7.111750238027774	0.0
27213	0.0	0.0	0.0	0.0	0.0	0.0	0.0	0.0	0.0	0.0
16732	0.0	4.876985843837455	5.480294957283846	5.820972742067604	6.408528791059498	0.0	5.2130157570191615	0.0	0.0	8.9850695596458
15693	4.339810954769238	0.0	0.0	5.150397236471415	4.23410650459726	0.0	5.945420608606575	2.348195604246098	0.0	7.604230249634758
7429	0.0	5.518205625141574	6.947336504066259	0.0	0.0	0.0	0.0	0.0	0.0	0.0
5258	0.0	5.003653440587563	0.0	6.413291650370947	7.930206206684683	0.0	0.0	0.0	0.0	0.0
16715	6.194680847712711	0.0	5.308362480942895	7.337883125266855	5.922495395954703	6.654152520183219	5.951293382418705	5.438486599573505	7.005272946544261	4.727387818712341
5268	0.0	0.0	0.0	0.0	0.0	0.0	0.0	0.0	0.0	0.0
26228	0.0	0.0	0.0	6.050912005751402	0.0	0.0	0.0	4.675978505855534	0.0	0.0
5276	0.0	0.0	0.0	0.0	0.0	0.0	0.0	0.0	0.0	0.0
5281	0.0	0.0	0.0	0.0	5.529540049912099	0.0	7.554858521040676	0.0	5.577905312426497	0.0
7342	0.0	5.499652454890941	0.0	7.83241092718792	0.0	0.0	0.0	0.0	0.0	6.617402977974478
7320	0.0	5.573250701538672	5.607967602723411	8.479898621323084	0.0	5.730939650203344	4.737745239112794	0.0	5.232203410767014	6.327024554719416
14896	5.9089551579185535	6.730349148914789	7.181007693601498	5.477340320808657	6.32791715439124	6.464353461849165	5.705891666412052	5.195730777772935	5.95768394570762	5.552741267640208
7382	0.0	0.0	0.0	0.0	6.039361455300199	0.0	0.0	0.0	0.0	0.0
7360	0.0	0.0	0.0	0.0	0.0	0.0	0.0	0.0	0.0	0.0
36016	0.0	0.0	0.0	0.0	0.0	0.0	0.0	0.0	0.0	0.0
13376	0.0	0.0	0.0	0.0	0.0	0.0	0.0	0.0	0.0	0.0
6246	5.954682344441269	0.0	6.246370989807863	0.0	0.0	0.0	0.0	0.0	0.0	0.0
13325	0.0	0.0	3.8781214537524646	0.0	0.0	0.0	0.0	0.0	0.0	6.4064072559651475
13323	5.500718105764646	6.526772928672368	4.252625367370135	1.9357971524250734	4.742144717217546	5.372673344418676	4.889760013102769	4.802144084005222	5.526722060196639	6.428647860568509
6233	5.556843039813391	6.121832501148895	5.342829712717044	6.328086242321684	6.133940283008386	7.406892788315147	5.884256491550859	7.597897950521784	7.60688453121963	5.6157510023606605
13320	0.0	0.0	0.0	0.0	0.0	0.0	0.0	0.0	0.0	0.0
28642	0.0	0.0	0.0	0.0	0.0	0.0	0.0	0.0	0.0	0.0
13409	0.0	0.0	0.0	0.0	0.0	0.0	0.0	0.0	0.0	0.0
4076	0.0	0.0	0.0	0.0	0.0	0.0	7.876258882303226	0.0	0.0	0.0
28691	0.0	0.0	0.0	0.0	0.0	0.0	0.0	0.0	0.0	0.0
4084	0.0	0.0	0.0	0.0	0.0	0.0	0.0	0.0	0.0	0.0
14913	9.059154750883891	0.0	2.739408839773779	7.440544827477966	0.0	0.0	0.0	0.0	0.0	0.0
5142	0.0	0.0	6.803655518163733	0.0	0.0	0.0	0.0	0.0	0.0	0.0
29373	0.0	0.0	0.0	0.0	0.0	0.0	7.151100289010891	0.0	0.0	0.0
29354	0.0	0.0	0.0	0.0	0.0	0.0	0.0	0.0	0.0	0.0
29328	0.0	0.0	0.0	0.0	0.0	0.0	0.0	0.0	0.0	0.0
14987	5.6747332990356725	0.0	0.0	0.0	0.0	0.0	4.175314281440606	0.0	0.0	0.0
7231	0.0	0.0	0.0	0.0	0.0	0.0	0.0	0.0	0.0	0.0
7261	0.0	5.463507016594603	0.0	5.470744795498671	6.657558144006802	6.288676015271811	4.677653071113184	0.0	0.0	7.96693349840484
24210	0.0	0.0	0.0	0.0	0.0	4.630395241098521	5.384495062789089	3.597312260588446	0.0	3.564382823143382
6177	0.0	5.929534158282118	4.972696078278336	5.475569641235863	0.0	5.851218311918324	6.7103984272314	0.0	0.0	7.027413099340788
6125	0.0	5.985086086787042	0.0	0.0	6.737466302622431	4.264111174995588	0.0	0.0	0.0	0.0
24243	0.0	0.0	0.0	0.0	0.0	0.0	0.0	0.0	0.0	9.51465829807939
6139	0.0	0.0	0.0	0.6931471805599453	5.782195705559636	0.0	0.0	0.0	0.0	0.0
6134	0.0	0.0	0.0	0.0	0.0	2.1972245773362196	0.0	4.87748478130875	0.0	5.344440071116764
38981	0.0	0.0	0.0	4.163400094485791	0.0	3.4857547696902182	0.0	0.0	0.0	5.834810737062605
6104	0.0	0.0	0.0	0.0	3.2515233488947843	6.238480196583554	7.962067308753666	6.186208623900494	0.0	0.0
26459	8.046229101075378	4.543294782270004	0.0	0.0	0.0	5.0238805208462765	3.1780538303479453	0.0	0.0	0.0
30946	0.0	0.0	0.0	0.0	0.0	0.0	0.0	0.0	0.0	7.383057346679081
5046	0.0	0.0	0.0	0.0	0.0	0.0	0.0	0.0	0.0	0.0
30942	0.0	0.0	0.0	0.0	0.0	0.0	0.0	0.0	0.0	0.0
5038	0.0	0.0	0.0	0.0	0.0	0.0	0.0	0.0	0.0	0.0
5049	0.0	0.0	0.0	0.0	0.0	1.791759469228055	0.0	0.0	0.0	0.0
5075	0.0	0.0	4.86130072517866	5.276838334870912	0.0	2.1972245773362196	4.836281906951478	0.0	5.702867553889458	7.012360964372718
36806	0.0	0.0	0.0	0.0	0.0	0.0	0.0	0.0	0.0	0.0
16981	3.932434002688274	6.36246186325004	7.059617628291383	2.3978952727983707	7.740664401917241	1.9459101490553135	4.263584137219158	4.452028903130464	6.11791877535838	5.757355041184061
15454	0.0	0.0	0.0	6.874994683749321	0.0	0.0	0.0	0.0	0.0	0.0
6491	0.0	0.0	0.0	0.0	0.0	0.0	0.0	4.381324140791813	2.6133026712197753	0.0
29958	0.0	0.6931471805599453	0.0	0.0	0.0	0.0	0.0	0.0	5.0889182124903	6.261665159904789
30251	6.796972597566245	7.455742527092113	6.744926395862269	4.711014540991853	4.954737514565266	4.121400102200897	3.083783449608884	3.295836866004329	3.5553480614894135	4.963545539556655
30249	7.6137802312491605	7.329698011452625	3.70080802497921	3.713572066704308	4.083290730820651	4.443885520261981	6.139884552226255	0.0	2.639057329615259	0.0
13185	0.0	6.927343827738392	0.0	6.0684310023987535	0.0	6.545699642754159	0.0	4.273572486606303	4.478201389473188	4.5101067586690045
37815	0.0	0.0	0.0	0.0	0.0	0.0	0.0	0.0	0.0	0.0
25423	0.0	0.0	0.0	0.0	0.0	0.0	0.0	5.158022669629853	0.0	0.0
25492	0.0	0.0	0.0	0.0	0.0	0.0	0.0	0.0	0.0	0.0
7918	0.0	0.0	0.0	0.0	0.0	0.0	5.601100361211781	0.0	3.7689221617874726	0.0
7904	0.0	7.1890603843537555	0.0	0.0	0.0	0.0	0.0	0.0	0.0	7.433272451491118
6352	4.765683886217798	5.662095562250226	5.846253842848328	4.9845861900067785	6.896977039765199	6.385615895315873	5.730104823228717	5.881965861628204	5.711962561255726	5.020109766049638
26706	5.736049793035996	4.757929952833717	5.608235303816857	4.861361864465766	5.729006554057576	6.45245842111017	5.237360423278851	5.696808841155187	5.86051728135688	6.204172839958925
13008	7.151746163356268	6.277151514929871	0.0	0.0	5.361787853268611	0.0	5.987582851799065	5.09365088910132	6.258403438448853	0.0
36537	2.1972245773362196	0.0	0.0	0.0	0.0	0.0	0.0	0.0	0.0	0.0
13015	0.0	0.0	0.0	0.0	0.0	0.0	0.0	0.0	0.0	0.0
14117	0.0	5.034508797280804	8.780018887869153	0.0	0.0	6.345051394447481	4.941642422609305	0.0	3.686954525704352	7.80520748318522
14119	0.0	0.0	0.0	0.0	0.0	0.0	0.0	0.0	0.0	0.0
29879	0.0	0.0	0.0	0.0	5.102302482622079	0.0	6.1779441140506	0.0	0.0	0.0
31888	0.0	0.0	0.0	0.0	0.0	0.0	0.0	0.0	0.0	0.0
7861	4.939394178295377	4.063753175766874	5.78542990120642	6.0125048551399995	5.265049705959722	0.0	4.801481003452475	6.384604092124934	6.640956847942907	6.657498268444533
26670	0.0	0.0	3.4339872044851463	6.042632833682381	4.7427558489406545	0.0	0.0	0.0	0.0	0.0
26840	0.0	0.0	0.0	0.0	0.0	0.0	0.0	0.0	0.0	0.0
7752	0.0	0.0	0.0	0.0	0.0	0.0	0.0	0.0	0.0	0.0
7744	0.0	0.0	0.0	0.0	0.0	0.0	0.0	0.0	0.0	0.0
6609	0.0	6.664409020350408	6.133841935027223	8.451480648050856	0.0	0.0	5.307912469211535	7.202065337724139	0.0	6.916833712559491
7723	0.0	0.0	3.7727609380946383	0.0	0.0	0.0	0.0	0.0	5.4675569415450935	0.0
7783	0.0	0.0	0.0	0.0	0.0	0.0	0.0	0.0	5.84354441703136	4.816023466622934
7768	0.0	0.0	0.0	0.0	0.0	5.9642451574415265	0.0	5.503572154983526	0.0	8.52979911611188
7763	0.0	0.0	0.0	5.191289315469632	0.0	0.0	0.0	5.170225140955959	0.0	0.0
6689	0.0	0.0	0.0	0.0	0.0	0.0	4.892351293146119	7.180069874302796	0.0	0.0
6682	0.0	0.0	0.0	0.0	0.0	0.0	0.0	0.0	0.0	7.540157559606887
30401	0.0	0.0	0.0	0.0	0.0	0.0	0.0	0.0	6.3189363585615475	0.0
7709	6.395517969544097	5.116436550274096	5.921449636628385	5.540021330930807	7.367173942077369	5.563293138112506	5.523847273698574	6.676511129858534	6.044457818701187	4.725063839525702
25247	0.0	0.0	0.0	4.67831130433465	0.0	0.0	0.0	0.0	0.0	0.0
26935	5.47202455880481	5.756969142613961	5.6082500479346375	1.2992829841302609	3.588583748925572	3.733462003631412	0.0	6.550365794105536	4.538836114420284	0.0
28158	0.0	7.714677473800927	0.0	0.0	0.0	0.0	0.0	0.0	0.0	0.0
14391	0.0	0.0	0.0	0.0	0.0	0.0	0.0	0.0	0.0	0.0
14337	0.0	0.0	0.0	0.0	0.0	0.0	0.0	0.0	0.0	6.231751481602124
1973	0.0	6.006055806039594	5.904828106451336	8.935771938669784	5.350503847478299	5.802225886390876	5.041921181527405	0.0	6.373826527546649	4.426840650463674
1995	0.0	0.0	0.0	0.0	0.0	0.0	0.0	0.0	0.0	0.0
1996	0.0	0.0	5.442439714453165	1.4451858789480823	6.464588303689961	0.0	5.564204472580791	0.0	6.104035823098171	7.3537223303996315
1992	0.0	0.0	5.823284003696913	6.626717749249025	7.59206767789078	6.235030085914159	3.3604806004620036	0.0	7.505526508287064	6.210642200851373
1993	3.0910424533583156	3.545839058571533	7.60688453121963	5.549639718352937	6.138566258424215	6.075958870084423	6.866829362561697	6.24340719891379	6.308587671469514	7.448625024096504
37961	0.0	0.0	0.0	0.0	0.0	0.0	0.0	0.0	0.0	0.0
7622	0.0	0.0	0.0	0.0	0.0	0.0	0.0	0.0	0.0	0.0
1900	0.0	0.0	0.0	5.924255797414532	0.0	5.9519161206881055	0.0	0.0	0.0	0.0
1909	0.0	0.0	0.0	0.0	6.020796469043521	5.862251838162972	0.0	0.0	0.0	0.0
1928	4.883966745082664	0.0	0.0	0.0	0.0	3.9074560176738125	0.0	0.0	0.0	0.0
1936	7.979057828698963	5.679483603547784	6.382217598238711	5.687102911908263	6.585786446537498	5.8364600874972545	5.256925548250712	5.135277816435333	4.4789624727848185	7.111626370420267
