1	2.871476118054867	2.871476118054867	2.833213344056216	3.55025001800195	2.5649493574615376
10967	0.6931471805599453	0.6931471805599453	0.6931471805599453	1.3862943611198906	0.0
39673	0.0	0.0	0.0	0.0	0.0
24754	0.0	0.0	0.0	0.0	0.0
22492	1.0986122886681096	1.0986122886681096	1.0986122886681096	0.6931471805599453	1.0397207708399179
34184	0.0	0.6931471805599453	0.0	0.0	0.0
10910	1.7917594692280547	0.0	0.0	0.0	0.0
31486	0.0	0.6931471805599453	0.0	0.6931471805599453	1.6094379124341005
31489	0.0	0.0	0.0	0.0	0.0
37454	1.945910149055313	1.6094379124341005	1.3321790402101223	0.0	2.736339051105066
34129	0.0	0.0	0.6931471805599453	0.0	0.0
10898	0.0	0.0	0.0	0.0	1.0986122886681096
25647	0.0	0.0	0.0	1.6094379124341005	0.0
34347	0.0	1.7917594692280547	0.0	0.0	0.0
10885	0.6365141682948128	0.0	0.6931471805599453	0.0	0.6931471805599453
23559	1.7917594692280547	1.6094379124341005	0.0	0.0	0.0
35817	1.3862943611198906	1.9061547465398496	0.0	0.0	0.0
39733	2.0794415416798357	0.0	2.9264175554979963	3.0910424533583143	2.7516666169315167
10843	1.0986122886681096	2.0794415416798357	0.0	0.0	0.0
22478	0.0	0.0	0.0	0.0	0.0
38703	0.0	0.0	0.0	0.0	0.0
35880	1.3862943611198906	1.0986122886681096	0.0	0.0	0.0
-1	5.888038813133727	6.1328915088411184	5.912093112750115	5.759936482774582	5.8679834379592
38	0.6931471805599453	0.0	2.3693821196946767	1.7917594692280547	2.6390573296152584
22	3.6195647360579453	2.5665989181145106	3.7898996610944944	2.8133554045006157	2.6390573296152584
25	0.0	0.0	1.0986122886681096	0.6931471805599453	1.6094379124341005
28	0.0	1.7917594692280547	0.6931471805599453	1.3862943611198906	1.6094379124341005
78	0.6931471805599453	1.3862943611198906	1.0986122886681096	0.6931471805599453	1.7917594692280547
77	0.0	1.3321790402101223	2.833213344056216	2.1972245773362196	1.945910149055313
86	0.0	0.0	0.0	1.3862943611198906	0.0
11904	0.0	0.0	0.0	0.6931471805599453	0.0
58	2.5400363038209806	3.075220548054372	3.014946880179594	2.5232109529528914	3.0981394963538036
61	0.6931471805599453	2.3025850929940455	1.7917594692280547	1.7917594692280547	1.6094379124341005
48	3.0445224377234217	1.945910149055313	2.597508782744933	1.945910149055313	2.0794415416798357
45	3.7838669489921455	3.0752205480543715	3.178053830347946	3.461155260361374	2.9412316867217543
34285	0.0	0.0	0.0	0.0	0.0
10812	1.7917594692280547	0.0	0.0	0.6931471805599453	1.0986122886681096
10815	0.0	0.0	0.0	0.0	0.6365141682948128
10801	2.1972245773362196	1.0986122886681096	1.0986122886681096	0.0	0.6931471805599453
93	2.7516666169315167	0.0	1.0986122886681096	0.0	1.3862943611198906
88	2.3025850929940455	0.6931471805599453	0.6931471805599453	1.7917594692280547	0.0
34268	0.0	1.3862943611198906	1.3862943611198906	0.0	0.0
10716	0.0	0.6931471805599453	0.0	0.0	0.0
10726	2.1972245773362196	1.7917594692280547	1.7917594692280547	1.6094379124341005	0.6931471805599453
10771	2.821563807860364	2.3978952727983707	1.7917594692280547	1.7917594692280547	2.890371757896165
10789	0.0	1.0986122886681096	0.0	0.0	0.0
10798	0.0	0.0	0.6931471805599453	0.0	0.0
35545	0.0	1.7917594692280547	0.0	1.0986122886681096	1.945910149055313
24452	0.0	0.0	0.6931471805599453	1.3862943611198906	0.0
24443	0.0	0.0	0.0	0.0	0.0
39444	1.6094379124341005	2.1972245773362196	1.7917594692280547	1.945910149055313	0.6931471805599453
12808	2.4849066497880012	1.0986122886681096	1.7917594692280547	1.945910149055313	2.0794415416798357
23818	1.0986122886681096	0.0	0.0	0.0	0.0
22367	0.0	0.0	0.0	0.0	1.0986122886681096
31225	0.0	0.0	0.0	0.0	0.0
22283	1.6094379124341005	1.3862943611198906	0.6931471805599453	0.0	1.3862943611198906
24549	1.0986122886681096	0.0	0.0	0.0	0.0
24518	0.0	1.0986122886681096	0.6365141682948128	0.0	0.0
31298	0.0	0.0	0.0	0.0	0.0
34361	0.0	0.0	0.0	0.0	0.0
30111	1.6094379124341005	0.0	1.6094379124341005	1.0986122886681096	0.0
10615	0.0	0.0	0.0	1.0986122886681096	0.0
10629	0.0	0.0	0.0	0.0	0.0
31093	0.0	0.0	0.0	0.0	0.6931471805599453
25899	0.0	0.0	0.0	0.6931471805599453	1.3862943611198906
10639	0.0	0.0	0.0	0.0	0.0
10646	0.0	0.0	0.0	0.0	0.0
10695	0.0	0.0	2.0794415416798357	0.0	0.0
23711	0.0	0.0	0.0	0.0	0.6931471805599453
10693	0.0	0.0	0.0	0.0	0.0
40893	0.0	0.0	0.0	0.0	0.0
10678	1.0986122886681096	1.945910149055313	0.0	0.0	0.0
10677	0.0	1.0986122886681096	0.0	0.0	0.0
23721	0.0	2.1972245773362196	0.0	0.0	1.3862943611198906
23722	0.0	0.0	0.0	0.0	0.0
10683	2.6390573296152584	1.3862943611198906	2.395908119293929	2.772588722239781	2.8133554045006157
22221	1.9061547465398496	0.6931471805599453	0.0	1.0986122886681096	0.0
22216	0.0	0.0	0.0	0.0	0.0
22244	0.0	0.0	0.0	0.0	0.0
38937	0.0	0.0	0.0	0.0	0.0
34506	0.0	0.0	0.6931471805599453	0.0	0.0
22134	0.0	0.0	1.6094379124341005	0.0	0.0
22153	1.7917594692280547	1.3862943611198906	0.0	2.9650156932565066	1.4750763110546947
25927	0.0	0.0	0.0	0.0	0.0
31131	0.0	0.0	0.0	0.0	0.0
31143	1.0986122886681096	1.7478680974667573	0.0	1.0986122886681096	0.0
29022	1.6094379124341005	1.3862943611198906	0.6931471805599453	1.6094379124341005	0.0
13716	1.0986122886681096	0.0	0.0	0.0	1.6094379124341005
13726	0.0	1.7917594692280547	1.0986122886681096	1.6094379124341005	0.6931471805599453
13753	0.0	0.0	0.0	0.0	0.0
33095	0.0	0.0	0.0	0.0	0.0
40783	0.6931471805599453	0.0	1.0986122886681096	0.0	0.0
12659	1.945910149055313	1.5607104090414063	1.0986122886681096	0.0	0.0
12685	1.3862943611198906	2.3025850929940455	1.7917594692280547	2.3025850929940455	2.698011019844113
12675	0.0	0.0	0.0	0.6931471805599453	0.0
38199	2.0794415416798357	2.8571028374420018	2.0794415416798357	2.094729047527649	2.3978952727983707
38163	0.0	0.0	0.0	0.0	0.0
7067	1.6094379124341005	0.0	0.0	0.0	0.0
7075	1.945910149055313	2.3978952727983707	2.0431918705451206	1.6094379124341005	1.945910149055313
38118	1.6094379124341005	0.0	0.6931471805599453	0.6931471805599453	0.0
23108	0.0	0.0	0.0	0.0	0.0
31008	0.0	0.0	0.0	0.0	0.0
7056	0.0	0.0	0.0	0.0	0.0
23164	0.0	0.0	0.0	0.0	0.0
31066	0.0	0.0	1.3862943611198906	0.0	0.0
7083	0.0	0.0	0.6931471805599453	0.0	1.7478680974667573
7091	0.0	0.0	0.0	0.0	0.0
35235	0.0	0.0	0.0	0.0	0.0
35232	0.0	0.0	0.0	0.0	0.0
13685	1.0986122886681096	0.0	0.6931471805599453	1.7917594692280547	1.3862943611198906
35214	0.6931471805599453	0.0	0.0	0.0	0.0
7027	0.0	1.0986122886681096	0.0	1.3321790402101223	1.6094379124341005
7033	1.3862943611198906	2.1972245773362196	1.3862943611198906	2.2718685126965625	2.5649493574615376
37059	0.0	0.6931471805599453	0.0	1.3321790402101223	2.3978952727983707
35264	0.0	0.0	0.0	0.0	0.0
35258	0.0	0.0	0.0	0.0	0.0
33108	0.6931471805599453	1.3862943611198906	1.3862943611198906	0.0	1.0397207708399179
33140	0.0	0.0	0.0	0.0	0.0
12729	0.0	0.0	0.0	0.0	0.0
29131	0.0	0.6931471805599453	0.0	0.0	0.0
12716	0.6931471805599453	0.0	0.0	0.0	0.0
12704	1.945910149055313	2.615630577027551	2.1972245773362196	1.6094379124341005	2.954673212304816
29150	1.0986122886681096	1.3862943611198906	1.3862943611198906	0.6931471805599453	1.6094379124341005
22000	0.0	0.0	0.0	0.0	0.0
13823	0.0	1.0986122886681096	0.0	1.6094379124341005	2.3978952727983707
33193	0.6931471805599453	1.0986122886681096	0.6931471805599453	1.7917594692280547	1.6094379124341005
40645	1.6094379124341005	0.6931471805599453	0.6931471805599453	0.0	0.0
29107	0.0	0.0	0.0	0.0	0.0
12739	0.0	0.0	0.0	0.0	0.0
7174	0.0	0.0	0.0	0.0	0.0
7180	1.945910149055313	0.6931471805599453	0.0	1.0986122886681096	0.6931471805599453
23067	0.0	0.0	0.0	0.0	0.0
13797	1.6094379124341005	0.0	2.1972245773362196	0.0	1.7917594692280547
7136	1.0986122886681096	0.0	0.0	0.0	0.0
35383	0.0	0.0	0.0	0.0	0.0
13993	0.0	0.0	0.5623351446188083	0.0	0.0
13999	0.0	1.0986122886681096	0.0	0.0	1.0986122886681096
13987	0.0	0.0	0.0	0.0	0.0
13972	0.0	0.0	0.0	1.3862943611198906	0.0
12400	2.6390573296152584	1.5498260458782016	0.0	1.6094379124341005	1.7917594692280547
13924	1.0986122886681096	1.0986122886681096	0.0	0.0	0.6931471805599453
12416	0.0	0.0	0.0	0.0	0.0
12448	2.5649493574615376	2.0431918705451206	1.3862943611198906	2.615630577027551	1.7917594692280547
12338	0.0	0.0	0.0	0.0	1.0986122886681096
38326	0.0	0.0	0.0	0.0	0.0
23356	0.0	2.3025850929940455	1.6094379124341005	1.6094379124341005	1.6094379124341005
24919	1.7917594692280547	1.0986122886681096	1.0986122886681096	1.0986122886681096	1.3862943611198906
23345	1.0986122886681096	0.0	0.0	0.0	0.0
24960	0.0	0.0	0.0	0.0	0.0
35013	0.0	0.0	0.0	0.0	0.0
24957	0.0	0.0	0.0	0.0	0.0
23306	0.0	0.0	0.0	0.0	0.0
23300	1.3321790402101223	2.7516666169315167	2.507026435557418	2.2718685126965625	2.0431918705451206
12518	0.0	0.0	0.0	0.0	0.0
12506	0.0	0.0	0.0	1.3862943611198906	0.0
41994	0.0	0.0	0.0	0.0	0.0
41992	0.0	0.0	0.0	0.0	0.0
12553	0.0	0.0	0.0	0.0	0.0
34100	0.0	0.6931471805599453	0.0	0.0	0.0
12478	0.0	0.0	0.0	0.0	0.0
38434	0.0	0.0	0.0	0.0	0.0
34013	0.0	0.0	0.0	0.0	0.0
24812	1.0986122886681096	1.0986122886681096	0.0	0.6931471805599453	1.0986122886681096
35184	0.0	0.0	0.0	0.0	0.0
34087	0.0	0.0	0.0	0.0	0.0
40488	0.0	0.0	0.0	0.0	0.0
38409	0.0	0.0	0.0	0.0	0.0
3281	0.0	0.0	1.945910149055313	1.7478680974667573	1.7917594692280547
3299	1.9792045174343245	1.945910149055313	0.5623351446188083	1.3862943611198906	1.945910149055313
2101	0.0	0.0	1.0986122886681096	1.6094379124341005	0.9502705392332347
10064	0.0	0.0	0.0	1.3862943611198906	0.0
10057	0.0	0.0	0.0	0.0	0.0
3250	0.6931471805599453	0.0	0.6931471805599453	0.0	1.945910149055313
10056	0.0	0.0	0.0	0.0	0.0
3251	0.0	0.0	0.0	0.0	0.0
2120	0.0	0.0	0.0	0.0	0.6931471805599453
3253	0.0	0.0	0.0	0.0	0.0
3245	0.0	0.0	0.0	0.0	0.0
2115	0.0	2.1972245773362196	0.0	0.0	0.0
2117	0.0	0.0	0.0	0.0	0.0
2131	0.0	0.0	0.0	0.6931471805599453	1.0986122886681096
3260	2.4849066497880012	1.6094379124341005	0.6931471805599453	1.945910149055313	1.945910149055313
8202	0.0	0.0	0.0	0.0	0.0
3256	2.4849066497880012	2.520902686420625	2.3693821196946767	2.3025850929940455	0.6931471805599453
2123	1.3321790402101223	1.6094379124341005	2.5400363038209806	2.3025850929940455	2.1972245773362196
10034	0.0	0.0	1.3862943611198906	0.0	0.0
3273	2.871476118054867	2.5400363038209806	2.615630577027551	2.9444389791664403	2.0794415416798357
11150	0.6931471805599453	0.6931471805599453	0.0	0.6931471805599453	0.6931471805599453
19871	0.0	0.0	0.0	0.0	0.0
2153	0.0	0.0	0.6365141682948128	0.0	1.0986122886681096
3203	0.0	0.0	0.0	0.0	1.6094379124341005
2156	0.0	0.0	0.0	0.0	0.0
3204	0.0	0.6931471805599453	0.6931471805599453	1.945910149055313	0.0
41469	0.0	0.0	0.0	0.0	0.0
2162	0.0	1.0986122886681096	0.0	0.0	0.0
41450	0.0	0.0	0.0	0.0	0.0
3220	0.6931471805599453	0.0	0.0	0.0	0.0
2176	2.0794415416798357	1.0986122886681096	1.0986122886681096	0.0	1.0986122886681096
9770	0.6931471805599453	0.0	0.0	0.0	0.6931471805599453
19846	0.0	1.0986122886681096	0.0	0.6931471805599453	0.0
11126	0.0	0.0	0.0	0.0	0.0
2181	1.7917594692280547	3.178053830347946	2.5649493574615376	1.7917594692280547	2.3025850929940455
32046	2.1972245773362196	2.0794415416798357	2.4849066497880012	1.7917594692280547	2.1972245773362196
8263	3.412489721398608	0.6931471805599453	0.6931471805599453	1.7478680974667573	0.6931471805599453
11184	0.0	0.6931471805599453	1.0986122886681096	0.6931471805599453	0.0
8258	0.0	0.0	0.0	0.0	0.0
48818	0.6931471805599453	1.7917594692280547	0.0	2.3978952727983707	2.698011019844113
11167	0.0	2.0794415416798357	0.0	0.6931471805599453	0.0
43026	0.0	0.0	0.0	0.0	0.0
17675	0.0	0.0	0.0	0.0	0.0
11224	1.0986122886681096	1.0986122886681096	0.6931471805599453	0.0	1.6094379124341005
17642	0.0	1.3862943611198906	0.0	0.0	0.6931471805599453
41428	0.0	0.0	0.0	0.0	0.0
9711	2.3978952727983707	1.6094379124341005	1.3862943611198906	0.6931471805599453	0.0
10139	0.6931471805599453	0.0	1.3862943611198906	0.6365141682948128	0.0
10118	0.0	2.4849066497880012	0.0	0.6931471805599453	2.4849066497880012
10126	0.6931471805599453	1.9061547465398496	1.0986122886681096	1.0986122886681096	0.0
8127	0.0	0.0	0.0	0.0	0.0
2221	0.6931471805599453	1.3321790402101223	1.3862943611198906	0.6931471805599453	1.0986122886681096
11086	2.9264175554979963	1.0986122886681096	2.992196960885483	1.3321790402101223	2.0982737395252498
11087	2.670119889806818	1.3862943611198906	1.7917594692280547	1.945910149055313	1.0397207708399179
11080	0.0	0.0	0.0	0.0	0.0
2253	0.0	0.6931471805599453	0.0	0.0	0.0
3380	0.0	2.3978952727983707	0.6931471805599453	0.0	2.3025850929940455
2232	0.0	1.0986122886681096	1.3862943611198906	0.0	0.0
3356	0.0	0.0	1.0986122886681096	0.0	0.0
2240	2.0794415416798357	1.3862943611198906	0.6931471805599453	0.0	0.6931471805599453
3373	0.0	0.0	0.0	0.0	0.0
2234	0.0	0.0	0.0	0.0	0.0
19975	0.6931471805599453	0.0	0.0	0.0	0.0
2291	1.3862943611198906	1.6094379124341005	2.3025850929940455	1.7917594692280547	0.6931471805599453
3347	1.9061547465398496	0.0	0.0	1.0986122886681096	1.6094379124341005
11007	1.0986122886681096	0.0	0.0	0.0	0.0
32166	0.0	0.6931471805599453	0.0	0.0	0.0
8197	0.0	0.0	0.0	0.6931471805599453	1.3862943611198906
8199	0.0	2.4583113296830845	0.0	3.1354942159291497	3.0280290733074104
3318	0.0	0.0	0.0	1.3862943611198906	0.0
3320	2.9264175554979963	3.060287092608695	2.395908119293929	2.3693821196946767	2.3978952727983707
2277	1.9730014063936125	3.3790925052297323	1.945910149055313	1.3862943611198906	1.9730014063936125
3329	1.0986122886681096	0.0	1.3862943611198906	1.0986122886681096	0.0
11059	1.242453324894	2.1639556568820564	0.6365141682948128	0.0	2.4849066497880012
33640	1.0986122886681096	2.0431918705451206	0.0	1.0986122886681096	0.0
3302	1.3862943611198906	1.0397207708399179	1.0986122886681096	0.6931471805599453	0.6365141682948128
9684	0.0	0.0	1.0986122886681096	0.0	1.3862943611198906
11049	0.6931471805599453	1.0986122886681096	1.6094379124341005	0.6931471805599453	0.0
11060	0.6931471805599453	0.0	0.0	0.0	0.0
8132	0.6931471805599453	0.0	0.0	0.0	0.0
17751	0.0	0.0	0.0	0.0	0.0
8093	0.0	2.2718685126965625	0.0	1.9730014063936125	1.7917594692280547
11101	2.9264175554979963	2.0794415416798357	2.1972245773362196	1.3862943611198906	2.772588722239781
8090	0.0	0.0	0.0	0.0	0.0
17724	0.0	0.0	0.0	1.945910149055313	0.0
10027	0.6931471805599453	0.6931471805599453	1.7328679513998633	2.772588722239781	2.833213344056216
3489	0.0	0.0	0.0	0.0	0.0
3497	0.6931471805599453	0.0	1.0986122886681096	1.945910149055313	1.0986122886681096
8443	0.0	0.0	0.0	0.0	0.0
9597	0.0	0.0	0.0	0.0	0.0
9595	0.0	0.0	0.0	0.0	1.3321790402101223
33300	0.0	1.7917594692280547	0.0	0.6931471805599453	0.0
8455	1.0986122886681096	0.0	0.0	0.6931471805599453	0.0
8454	0.0	0.0	0.0	0.0	0.0
33323	0.0	0.6931471805599453	0.6931471805599453	0.0	0.0
32212	0.0	0.0	0.0	0.0	0.0
8493	0.0	0.0	0.0	0.0	0.0
32224	2.03195622385697	1.6094379124341005	1.945910149055313	1.945910149055313	1.7478680974667573
9539	0.0	0.0	0.0	0.0	0.0
3417	0.0	0.0	0.0	0.0	0.0
3431	1.0986122886681096	0.6931471805599453	1.7917594692280547	1.7917594692280547	0.0
9503	0.0	1.7917594692280547	1.3862943611198906	0.0	0.6931471805599453
9531	0.6931471805599453	1.3862943611198906	0.0	0.6931471805599453	0.6931471805599453
3459	0.0	0.0	0.0	1.3862943611198906	1.7917594692280547
3454	2.3693821196946767	1.945910149055313	3.0904599236161974	1.6094379124341005	2.7759755531037946
17896	0.0	0.0	0.6931471805599453	0.0	1.3862943611198906
11430	0.6931471805599453	0.0	0.0	0.0	0.0
3505	0.0	2.772588722239781	1.0986122886681096	1.3862943611198906	1.7917594692280547
11410	1.945910149055313	1.6094379124341005	0.6931471805599453	1.7917594692280547	1.0986122886681096
11414	1.0986122886681096	0.6931471805599453	0.0	0.0	0.0
18970	0.0	0.0	0.0	0.0	0.0
17856	0.0	0.0	0.0	1.3862943611198906	0.0
40100	0.0	0.0	0.0	0.0	0.0
8403	2.1972245773362196	1.0986122886681096	1.0986122886681096	1.0986122886681096	2.0794415416798357
33288	0.0	0.0	0.0	0.0	1.0986122886681096
2004	0.0	0.0	0.0	0.0	1.945910149055313
8321	0.0	0.0	0.0	0.0	0.0
2012	0.0	0.6931471805599453	0.0	0.0	1.6094379124341005
33492	0.0	0.0	0.0	0.0	0.0
8305	0.0	1.6094379124341005	2.3693821196946767	1.6094379124341005	0.6931471805599453
33499	0.0	0.0	0.6931471805599453	1.3862943611198906	0.0
9492	0.6931471805599453	0.6931471805599453	0.0	1.0986122886681096	2.4849066497880012
8342	0.0	1.0986122886681096	0.0	0.0	0.0
9474	0.0	0.0	0.0	0.0	1.0986122886681096
9461	1.0986122886681096	0.0	0.0	0.0	0.0
8334	0.0	0.0	0.0	0.0	0.0
8396	1.3862943611198906	0.0	0.0	1.3862943611198906	0.0
33417	0.0	0.0	0.0	0.0	0.0
9440	0.0	0.0	0.6931471805599453	0.0	0.0
8385	1.3862943611198906	0.0	1.3862943611198906	2.3978952727983707	1.0986122886681096
3515	1.0986122886681096	0.0	0.0	0.6931471805599453	0.0
8374	2.1972245773362196	2.0794415416798357	2.8133554045006153	2.5649493574615376	1.7917594692280547
2084	0.6931471805599453	0.0	0.6931471805599453	0.0	0.0
2086	0.9502705392332347	0.0	0.6931471805599453	0.6931471805599453	1.3862943611198906
40098	0.0	1.0986122886681096	0.0	1.0986122886681096	0.0
3528	0.0	2.1639556568820564	0.0	1.6094379124341005	0.0
38029	0.0	0.0	0.0	0.0	0.0
3582	1.3862943611198906	0.0	1.3862943611198906	0.6931471805599453	0.0
41572	0.0	0.0	0.0	0.0	0.6931471805599453
2064	0.0	0.0	1.0986122886681096	0.0	0.0
11247	1.0986122886681096	1.0986122886681096	1.6094379124341005	0.6931471805599453	1.9722469794234416
9400	0.0	0.0	0.0	1.6094379124341005	0.0
9404	3.282693997278065	3.55692361835119	1.7917594692280547	1.7917594692280547	2.615630577027551
9401	1.7917594692280547	0.6931471805599453	1.7917594692280547	1.3862943611198906	0.0
11241	0.6931471805599453	0.0	0.0	0.0	0.0
11340	0.0	0.0	0.0	0.0	0.0
11348	1.3862943611198906	0.0	0.6931471805599453	0.0	0.0
11350	1.3862943611198906	2.458311329683084	2.3025850929940455	2.0794415416798357	0.6931471805599453
41550	0.0	0.0	0.0	0.0	1.0986122886681096
38071	0.0	0.0	0.0	0.0	0.0
38084	0.0	0.0	0.0	0.0	0.0
11318	0.0	0.0	0.0	0.0	0.0
17903	0.6931471805599453	0.6931471805599453	0.0	1.3862943611198906	1.0986122886681096
17925	0.0	0.0	0.0	0.0	1.6094379124341005
17929	0.0	0.0	0.0	0.0	0.0
17931	0.0	0.0	0.6931471805599453	0.0	0.0
17970	1.6094379124341005	1.6094379124341005	1.3321790402101223	1.0986122886681096	1.6094379124341005
43464	0.0	0.0	0.0	0.0	0.0
9304	0.0	0.0	0.0	1.0986122886681096	0.0
9307	1.6094379124341005	0.6931471805599453	1.5607104090414063	1.7782333057997075	1.0397207708399179
9327	1.7478680974667573	0.0	1.6094379124341005	1.0986122886681096	1.945910149055313
17231	0.0	0.0	0.0	0.0	0.0
9332	0.0	3.3284718813307355	3.38221614583588	1.7917594692280547	1.0986122886681096
9356	1.7917594692280547	2.5649493574615376	1.945910149055313	1.3862943611198906	1.6094379124341005
9364	0.6931471805599453	0.6931471805599453	1.0986122886681096	0.0	2.0794415416798357
9376	2.1972245773362196	0.0	2.0794415416798357	1.0986122886681096	1.3862943611198906
32430	0.0	0.0	1.6094379124341005	1.7917594692280547	0.0
41056	0.0	0.0	0.0	0.0	0.0
9388	1.945910149055313	2.3025850929940455	0.6931471805599453	0.0	0.0
39284	1.3321790402101223	0.0	0.0	0.0	0.0
3657	0.0	2.833213344056216	0.6931471805599453	2.351673301904631	0.6931471805599453
3670	1.0986122886681096	2.3693821196946767	0.0	0.0	1.0986122886681096
3668	0.0	0.0	0.0	0.0	0.0
18788	0.0	0.0	0.0	0.0	0.0
18782	2.0794415416798357	0.0	0.0	0.6931471805599453	0.0
39207	0.0	0.0	0.0	0.0	0.0
48354	2.0794415416798357	1.3862943611198906	1.6094379124341005	1.3862943611198906	1.3862943611198906
11604	2.4799555205445176	1.9061547465398496	1.3862943611198906	1.6094379124341005	2.0794415416798357
10559	0.0	0.0	1.7917594692280547	0.0	0.0
22979	0.0	0.0	0.0	0.0	0.0
11669	2.772588722239781	2.0794415416798357	1.3321790402101223	1.3862943611198906	1.5607104090414063
10509	0.0	0.0	0.0	0.0	0.0
20815	0.0	0.0	0.0	0.0	0.0
11492	1.3862943611198906	0.0	0.0	0.0	1.7917594692280547
161	0.0	0.0	0.0	0.0	0.0
11495	3.515592658973952	2.890371757896165	3.1134294978268238	3.3445488586064442	3.158039775219435
160	0.0	0.0	0.0	1.945910149055313	0.6931471805599453
173	0.0	0.0	1.7917594692280547	0.0	0.6931471805599453
20859	1.0986122886681096	1.6094379124341005	0.0	0.9502705392332347	0.6931471805599453
120	0.6931471805599453	0.0	1.0397207708399179	1.7917594692280547	0.0
134	0.0	0.6931471805599453	1.945910149055313	0.0	1.3862943611198906
137	2.1972245773362196	2.3978952727983707	2.351673301904631	2.0794415416798357	1.0986122886681096
32588	0.0	1.945910149055313	1.945910149055313	0.0	1.0986122886681096
9249	0.0	0.0	0.0	1.0986122886681096	0.0
9254	0.0	0.0	0.0	0.0	0.0
3796	0.0	0.0	1.0986122886681096	0.0	0.0
9238	0.6931471805599453	0.0	0.0	0.0	0.0
9287	0.0	0.6931471805599453	0.0	0.0	0.0
3791	0.0	0.0	0.0	0.0	0.0
32500	0.0	0.0	1.7917594692280547	0.0	0.0
3758	0.0	0.0	0.0	0.0	0.0
9278	2.1639556568820564	1.3321790402101223	1.7917594692280547	2.4849066497880012	1.945910149055313
3770	0.0	2.685945324669788	2.2718685126965625	2.588573162682118	1.6094379124341005
23929	1.945910149055313	1.6094379124341005	1.6094379124341005	1.7917594692280547	1.0986122886681096
10472	0.0	1.0986122886681096	0.0	1.0986122886681096	1.0986122886681096
23932	0.0	2.0794415416798357	1.6094379124341005	2.0794415416798357	0.0
23935	0.0	0.0	0.0	0.0	0.0
3836	0.0	0.0	0.0	0.0	0.0
9186	0.0	0.0	0.0	0.0	0.0
34721	0.0	0.0	0.6931471805599453	1.0986122886681096	1.0986122886681096
3813	2.4410152780267027	3.15145851024303	0.0	0.0	2.3978952727983707
10432	1.3862943611198906	0.0	0.0	0.0	1.9061547465398496
11509	1.6094379124341005	1.0986122886681096	0.0	0.6931471805599453	1.6094379124341005
23950	1.6094379124341005	1.0986122886681096	2.0794415416798357	0.0	0.6931471805599453
11535	1.0986122886681096	0.0	0.6931471805599453	0.0	0.0
34799	0.0	0.0	0.6931471805599453	0.0	0.6931471805599453
22857	0.0	0.0	0.0	0.0	0.0
108	1.6094379124341005	0.0	0.0	0.0	0.0
103	2.685945324669788	3.714242865695658	3.1634240504234032	3.078014567747475	0.8675632284814612
101	2.1972245773362196	1.7917594692280547	2.70805020110221	0.6931471805599453	1.3862943611198906
10413	1.6094379124341005	0.6931471805599453	1.7917594692280547	1.3862943611198906	0.6931471805599453
11571	2.4849066497880012	1.945910149055313	1.945910149055313	1.945910149055313	2.3025850929940455
22812	1.945910149055313	0.0	0.0	1.0397207708399179	0.0
11594	0.0	0.0	1.6094379124341005	1.0986122886681096	1.0986122886681096
18822	0.0	0.6931471805599453	0.6931471805599453	0.6931471805599453	1.7917594692280547
11590	0.6931471805599453	0.0	1.3862943611198906	0.6931471805599453	1.0986122886681096
8013	0.0	0.0	0.0	0.0	0.0
43283	0.0	0.0	1.0397207708399179	0.0	0.0
8009	0.0	0.0	0.0	0.0	0.0
8021	0.0	0.0	2.0253262207700677	0.0	1.945910149055313
17490	0.6931471805599453	1.3862943611198906	0.0	0.6931471805599453	0.0
4974	0.0	0.0	2.0794415416798357	0.6931471805599453	0.0
4979	1.3862943611198906	0.0	0.0	0.0	0.0
4990	1.0986122886681096	2.0794415416798357	0.0	1.3862943611198906	1.7917594692280547
8085	0.0	0.0	0.0	0.0	1.0986122886681096
4997	1.7478680974667573	0.0	1.7917594692280547	1.0986122886681096	2.3978952727983707
10293	0.0	0.6931471805599453	0.6365141682948128	0.0	0.0
9140	0.0	1.3862943611198906	0.0	0.0	1.945910149055313
9149	0.0	0.0	0.0	0.0	0.0
3887	0.0	0.0	0.0	0.0	0.0
3002	0.0	0.0	0.0	0.0	0.0
9159	0.0	0.0	0.0	0.6931471805599453	0.0
3025	0.0	1.7917594692280547	0.0	1.0986122886681096	1.6094379124341005
10276	0.0	0.0	0.0	0.0	0.0
9166	2.3978952727983707	0.0	0.0	0.0	0.6931471805599453
9170	1.945910149055313	2.5400363038209806	2.0794415416798357	0.6931471805599453	1.0986122886681096
10288	0.0	0.0	0.0	1.0986122886681096	2.0431918705451206
3053	0.0	0.0	0.0	0.0	0.0
3039	0.0	1.0986122886681096	0.6931471805599453	0.6931471805599453	2.70805020110221
32659	0.0	0.0	0.0	0.0	0.6931471805599453
41286	0.0	0.0	0.0	0.0	0.0
8002	0.0	0.0	0.0	0.0	0.0
3926	0.0	0.0	0.0	0.0	0.0
3925	1.6094379124341005	0.6931471805599453	0.0	0.0	0.0
11864	0.6931471805599453	0.6931471805599453	0.0	1.7917594692280547	1.3862943611198906
3091	0.0	0.0	0.0	0.0	0.0
3914	0.6931471805599453	0.0	0.0	0.0	0.0
10320	0.0	0.0	0.0	0.0	0.6931471805599453
3947	0.0	1.3862943611198906	0.0	0.6931471805599453	2.4849066497880012
9071	0.0	0.0	0.0	0.0	0.0
9077	0.0	0.0	0.0	0.0	0.0
9076	1.945910149055313	0.6931471805599453	0.0	0.0	0.0
10380	1.3862943611198906	1.6094379124341005	0.0	1.945910149055313	0.0
11825	0.0	0.0	0.0	0.0	0.0
3950	2.1972245773362196	1.6094379124341005	2.1972245773362196	0.0	0.0
10364	0.0	0.0	2.1972245773362196	0.0	0.6931471805599453
9092	0.0	1.3862943611198906	1.0986122886681096	0.0	0.0
10361	0.0	0.0	0.0	0.6931471805599453	0.0
9083	0.0	0.0	0.0	0.0	0.0
9082	0.0	0.0	1.7917594692280547	1.9061547465398496	1.0397207708399179
35955	2.5400363038209806	1.945910149055313	1.3862943611198906	0.0	0.0
10303	1.0986122886681096	0.6931471805599453	0.0	0.0	0.0
22758	0.0	0.0	0.0	0.0	0.0
33896	0.0	0.0	0.0	0.0	0.0
3110	0.0	3.178053830347946	2.4849066497880012	0.0	1.6094379124341005
3156	0.0	0.0	2.995732273553991	1.6094379124341005	0.0
10157	1.6094379124341005	1.0986122886681096	1.6094379124341005	1.945910149055313	2.0794415416798357
10163	0.0	0.0	0.0	0.0	0.0
32759	0.6931471805599453	2.1972245773362196	1.7917594692280547	1.3321790402101223	1.3862943611198906
9052	0.0	0.0	0.0	0.0	0.0
9029	0.6931471805599453	2.1972245773362196	1.0986122886681096	1.7917594692280547	0.6931471805599453
9020	0.0	1.3862943611198906	0.0	0.0	0.0
3113	0.0	0.0	0.0	1.3862943611198906	0.6931471805599453
3116	0.0	0.0	0.0	0.0	0.0
3121	1.0986122886681096	1.7917594692280547	0.0	0.0	0.0
18678	0.0	0.0	0.0	0.6931471805599453	1.6094379124341005
3198	0.6931471805599453	1.7917594692280547	0.0	0.0	0.6931471805599453
3190	1.0986122886681096	0.6931471805599453	0.0	0.0	1.3862943611198906
9005	1.0986122886681096	0.6931471805599453	0.0	1.7917594692280547	0.0
3179	0.0	0.0	0.0	0.0	0.0
10206	1.0986122886681096	0.0	2.1972245773362196	1.0986122886681096	0.6931471805599453
39115	0.0	0.0	0.0	0.0	0.0
39101	1.7478680974667573	2.0794415416798357	1.0397207708399179	2.3025850929940455	0.6365141682948128
10220	1.0986122886681096	0.0	0.0	0.0	0.6931471805599453
18668	0.0	0.0	0.0	0.0	0.0
10217	0.0	1.7917594692280547	0.6931471805599453	1.3862943611198906	1.945910149055313
22663	1.6094379124341005	0.6931471805599453	0.0	1.0986122886681096	1.0986122886681096
10213	0.0	0.0	0.0	0.0	0.0
10260	0.0	0.0	0.0	0.6931471805599453	0.0
17533	0.0	0.0	0.0	0.6931471805599453	0.0
17558	1.0986122886681096	0.6931471805599453	0.6931471805599453	1.3321790402101223	1.0986122886681096
11786	0.6931471805599453	2.772588722239781	1.945910149055313	1.3862943611198906	1.0986122886681096
11784	0.6931471805599453	0.0	0.0	0.0	0.0
530	2.7072697097848133	2.1458417525947544	1.5498260458782016	2.1639556568820564	0.6931471805599453
533	0.0	0.0	0.0	0.6365141682948128	1.945910149055313
1820	1.0986122886681096	0.0	0.0	0.0	1.3862943611198906
536	0.0	0.0	1.9061547465398496	1.945910149055313	0.0
20441	0.0	0.0	0.0	0.0	0.0
1810	0.0	0.0	0.0	0.0	0.0
1812	0.0	0.6931471805599453	0.0	0.0	0.0
1813	0.0	1.3862943611198906	1.945910149055313	1.6094379124341005	1.945910149055313
1815	1.7917594692280547	2.8943995444300383	3.0752205480543715	3.052520501533812	3.2444926304072963
1840	2.3693821196946767	3.5359830823134213	3.444813797491463	1.945910149055313	1.5607104090414063
1847	0.0	0.0	0.0	0.6931471805599453	0.0
1848	0.0	0.0	0.0	0.0	0.0
1831	0.0	0.0	0.0	0.0	0.0
523	0.0	0.6931471805599453	1.0986122886681096	0.0	0.0
526	2.1972245773362196	2.4849066497880012	2.4849066497880012	1.945910149055313	2.0982737395252498
2992	0.0	0.0	0.0	0.0	0.6931471805599453
2991	1.3862943611198906	0.0	2.4849066497880012	0.6931471805599453	1.7917594692280547
584	1.6094379124341005	1.0986122886681096	0.0	0.6931471805599453	0.6931471805599453
20418	1.0986122886681096	0.0	0.0	0.0	0.0
1806	0.0	0.0	0.0	0.0	0.0
1804	2.1972245773362196	3.4448137974914634	2.3978952727983707	0.6931471805599453	0.0
1803	3.282693997278065	3.1634240504234032	3.6888794541139402	1.3862943611198906	2.488327743368588
8918	0.0	0.0	0.0	0.0	0.0
564	0.0	0.0	0.0	0.0	1.3862943611198906
21963	0.0	0.0	0.0	0.0	0.0
1895	1.3862943611198906	0.0	0.0	0.0	0.0
8934	0.0	0.0	0.0	0.0	0.0
19152	0.0	1.7917594692280547	0.0	1.0986122886681096	1.3862943611198906
6800	1.0986122886681096	0.0	1.5607104090414063	1.0986122886681096	0.0
8950	3.9004961718347344	4.17673583775468	3.869594628742908	4.461048746040432	3.666118759956964
8964	1.3862943611198906	1.6094379124341005	0.0	0.0	0.6931471805599453
2914	0.0	0.0	2.0431918705451206	1.3862943611198906	1.4750763110546947
8966	0.0	0.0	0.0	0.0	0.0
1860	0.0	0.0	0.0	0.0	0.0
6827	0.0	2.3978952727983707	0.0	0.0	0.0
8975	2.833213344056216	2.70805020110221	1.945910149055313	2.4849066497880012	2.70805020110221
1858	0.6931471805599453	0.6931471805599453	0.0	0.0	1.0986122886681096
4703	0.0	0.0	4.012322673644884	0.0	1.9730014063936123
1883	0.0	2.1972245773362196	0.6931471805599453	1.3862943611198906	1.3862943611198906
4718	0.6931471805599453	1.6094379124341005	0.0	0.0	0.0
1877	0.0	0.0	0.0	0.0	0.0
6856	1.3862943611198906	0.0	0.0	0.0	0.0
32986	0.0	0.0	0.0	0.0	0.0
32988	0.0	0.6931471805599453	0.0	0.0	0.0
18496	0.6931471805599453	0.6931471805599453	1.0986122886681096	0.6931471805599453	0.6931471805599453
4605	1.7917594692280547	0.0	0.0	0.0	0.0
4634	2.540036303820981	2.670119889806817	2.0431918705451206	2.479955520544517	2.6390573296152584
21934	2.0794415416798357	1.0986122886681096	0.0	0.0	0.0
21938	2.0794415416798357	1.7478680974667573	1.7917594692280547	1.0397207708399179	1.0986122886681096
21955	0.6931471805599453	0.0	0.0	0.0	0.0
18433	0.0	0.0	0.0	0.0	0.0
4694	2.2718685126965625	1.3862943611198906	1.7917594692280547	1.7478680974667573	2.685945324669788
592	1.6094379124341005	1.0986122886681096	1.3862943611198906	0.0	0.0
16033	0.0	0.0	0.6931471805599453	0.0	0.0
16013	0.6931471805599453	0.0	0.0	0.0	0.0
1726	2.3978952727983707	1.0986122886681096	1.945910149055313	1.3862943611198906	1.3862943611198906
6767	2.8133554045006157	1.3862943611198906	0.6931471805599453	1.3862943611198906	2.615630577027551
1723	0.0	1.0986122886681096	1.6094379124341005	1.3862943611198906	2.1972245773362196
20589	0.0	0.0	0.0	0.0	0.0
6779	0.0	2.0794415416798357	0.0	0.0	0.0
402	0.6931471805599453	1.0986122886681096	0.0	0.0	0.0
6751	0.0	0.0	0.0	0.0	0.0
413	0.0	0.0	1.6094379124341005	0.0	0.6365141682948128
411	0.0	1.0986122886681096	1.0986122886681096	1.7917594692280547	0.0
431	0.0	0.0	0.0	0.0	0.0
448	0.0	0.0	0.0	0.0	0.0
6793	0.6931471805599453	1.6094379124341005	0.6931471805599453	0.0	0.0
2874	0.0	0.0	0.0	0.0	0.0
20521	0.6931471805599453	0.6931471805599453	0.0	0.0	1.0986122886681096
2869	1.3321790402101223	2.6859453246697877	2.1639556568820564	1.7478680974667573	2.8133554045006157
1797	0.0	0.0	0.0	0.0	2.0982737395252498
1786	0.6931471805599453	0.6931471805599453	1.0986122886681096	0.0	1.6094379124341005
1787	0.0	0.0	1.6094379124341005	0.0	2.4849066497880012
1777	0.0	1.0986122886681096	0.0	0.0	0.0
1775	0.0	0.0	0.0	0.0	0.0
1770	0.0	0.0	0.0	2.3025850929940455	0.0
1755	0.0	0.6931471805599453	0.0	0.0	0.0
6738	1.0986122886681096	2.4849066497880012	2.3025850929940455	0.0	1.5607104090414063
6704	1.0986122886681096	0.6931471805599453	0.6931471805599453	0.6931471805599453	0.0
1740	0.0	0.0	0.0	0.0	1.0986122886681096
1746	0.0	0.6931471805599453	0.6931471805599453	0.0	1.0986122886681096
6708	2.0794415416798357	2.6390573296152584	1.0986122886681096	2.1972245773362196	1.0986122886681096
19061	1.0986122886681096	2.0794415416798357	1.3862943611198906	1.7917594692280547	1.3862943611198906
19062	0.0	0.0	0.0	0.0	0.0
1737	1.9061547465398496	2.2718685126965625	2.0431918705451206	1.7478680974667573	1.0397207708399179
4559	0.0	3.0445224377234217	0.0	0.0	0.0
18316	1.9061547465398496	0.0	1.0986122886681096	1.0986122886681096	2.2718685126965625
43893	0.0	0.0	0.0	0.0	0.0
18330	0.0	0.0	0.0	0.0	0.0
479	0.0	0.0	0.0	0.0	1.0986122886681096
2783	0.0	2.3025850929940455	2.3025850929940455	2.0794415416798357	1.0986122886681096
4578	1.7917594692280547	0.0	1.6094379124341005	0.0	0.0
4575	0.0	0.0	0.0	0.0	0.0
42346	0.6931471805599453	0.0	0.0	1.3321790402101223	0.6931471805599453
51353	0.0	0.0	0.0	0.0	0.0
20642	0.0	0.0	0.0	0.0	0.0
16208	0.0	0.0	0.0	0.0	0.0
20648	0.0	1.0986122886681096	1.0986122886681096	0.6931471805599453	1.3321790402101223
19324	0.6931471805599453	0.0	0.0	0.0	0.0
20657	0.0	0.6931471805599453	0.0	0.0	0.0
326	0.0	0.0	0.0	0.6931471805599453	0.6931471805599453
301	0.0	1.3862943611198906	1.6094379124341005	0.0	1.0986122886681096
306	0.0	2.615630577027551	0.0	0.0	2.0431918705451206
1605	2.4849066497880012	2.9470047701612976	3.2047775241322567	3.4149515610048855	2.3046193848206715
1606	0.0	0.0	1.6094379124341005	1.6094379124341005	1.3862943611198906
4925	0.6931471805599453	0.0	0.0	0.0	0.0
4924	0.0	0.0	0.0	0.0	0.0
1616	0.0	0.0	0.0	0.0	2.3978952727983707
1619	0.0	0.0	1.6094379124341005	1.9061547465398496	0.0
4935	0.0	0.0	1.0986122886681096	0.6931471805599453	1.7917594692280547
1645	0.0	0.0	0.6931471805599453	0.0	0.6931471805599453
1639	0.0	0.0	0.0	0.0	0.0
4959	0.0	0.6931471805599453	0.0	0.0	0.0
4955	0.0	0.0	0.0	0.0	0.0
1661	0.0	0.6931471805599453	0.0	0.0	1.3862943611198906
19393	1.6094379124341005	0.0	1.0986122886681096	0.0	0.6931471805599453
1660	0.0	0.0	0.0	0.0	0.0
1653	0.0	0.0	0.0	0.0	0.0
1654	0.0	1.0397207708399179	2.1972245773362196	1.945910149055313	1.9061547465398496
1681	1.945910149055313	1.0986122886681096	0.0	1.6094379124341005	1.945910149055313
53301	1.3862943611198906	0.0	2.3025850929940455	0.0	0.6931471805599453
1672	0.0	0.0	1.3862943611198906	0.0	0.0
4917	1.6094379124341005	0.0	0.0	0.0	1.945910149055313
1584	0.0	0.410116318288409	0.6931471805599453	0.0	0.0
1592	3.412489721398608	2.3025850929940455	2.615630577027551	1.9061547465398496	0.6931471805599453
1598	0.0	1.0986122886681096	0.0	1.0986122886681096	0.0
4840	0.0	0.0	0.0	0.0	0.0
4883	0.0	0.0	0.0	0.0	1.7917594692280547
4881	0.0	0.0	0.6931471805599453	0.0	0.0
17182	1.3321790402101223	0.0	0.0	0.6931471805599453	0.0
18232	0.0	0.0	0.0	1.3862943611198906	0.0
14029	1.945910149055313	0.0	0.0	0.0	0.0
17170	2.3114234446919735	2.441015278026703	2.5665989181145106	2.670119889806817	2.9264175554979963
5944	0.0	0.0	0.0	0.0	0.0
17166	1.0986122886681096	1.0397207708399179	0.0	0.6931471805599453	0.0
42461	0.0	0.0	0.0	0.0	0.0
5969	0.0	0.0	1.0986122886681096	2.3978952727983707	1.6094379124341005
395	0.0	0.0	2.5649493574615376	0.0	0.0
5957	0.0	0.0	0.0	0.0	0.0
5989	0.0	3.2188758248681983	2.4410152780267023	0.6931471805599453	0.0
388	0.6931471805599453	1.945910149055313	1.945910149055313	2.0794415416798357	0.6931471805599453
385	0.0	0.0	0.0	0.0	0.0
371	2.3025850929940455	2.3693821196946767	0.0	2.871476118054867	1.0986122886681096
5977	0.0	0.0	0.0	0.0	0.0
375	1.3862943611198906	2.0431918705451206	1.9061547465398496	2.1972245773362196	0.0
367	0.0	0.0	1.945910149055313	1.3862943611198906	1.6094379124341005
14037	1.945910149055313	1.6094379124341005	1.0986122886681096	1.3862943611198906	1.0986122886681096
355	0.0	0.0	0.0	0.0	0.0
14033	0.0	0.6931471805599453	1.0986122886681096	0.0	0.0
200	2.1972245773362196	1.0986122886681096	1.7917594692280547	1.7917594692280547	1.7917594692280547
216	1.0986122886681096	0.0	1.7917594692280547	0.0	0.0
223	0.0	0.0	0.0	0.0	0.0
20765	0.0	0.0	0.0	0.6931471805599453	0.6931471805599453
42527	0.0	1.3862943611198906	0.6931471805599453	0.0	0.0
5922	3.55692361835119	3.4679944083627863	2.6390573296152584	2.3025850929940455	1.7917594692280547
5920	2.70805020110221	1.945910149055313	2.772588722239781	1.0986122886681096	2.3978952727983707
6990	0.0	0.0	0.0	0.0	0.0
20792	0.6931471805599453	0.0	0.0	0.0	0.0
51157	1.0986122886681096	2.5232109529528914	1.0986122886681096	1.945910149055313	1.7917594692280547
4822	0.0	1.7917594692280547	2.1972245773362196	2.4849066497880012	1.7917594692280547
4823	0.6931471805599453	1.0986122886681096	0.0	0.0	0.6931471805599453
1529	0.6931471805599453	0.6931471805599453	1.3862943611198906	0.0	1.0986122886681096
1501	1.3862943611198906	0.0	0.0	0.0	0.0
4818	0.0	0.0	0.0	0.0	0.0
1562	0.0	1.0986122886681096	0.0	1.0986122886681096	1.0986122886681096
1565	1.6094379124341005	2.6701198898068172	2.772588722239781	3.5065025850605616	3.107972275978608
1561	1.0986122886681096	3.735623056771275	2.2931186014868126	2.7709738809556863	1.3862943611198906
21875	2.70805020110221	2.5649493574615376	2.351673301904631	2.5649493574615376	1.945910149055313
21844	0.0	0.0	0.0	0.0	0.0
6905	0.0	0.0	1.3862943611198906	0.0	0.0
1545	0.6931471805599453	0.0	0.6931471805599453	0.6931471805599453	0.0
1539	0.0	0.0	0.0	0.0	0.0
1531	0.6931471805599453	0.0	2.1972245773362196	0.6931471805599453	1.0986122886681096
1532	0.0	2.3978952727983707	0.6931471805599453	0.6931471805599453	2.70805020110221
6913	0.0	1.0986122886681096	1.0986122886681096	2.1972245773362196	1.7917594692280547
1489	0.0	0.6931471805599453	1.3862943611198906	1.6094379124341005	1.0986122886681096
1494	0.0	0.0	0.0	2.458311329683084	1.945910149055313
1466	3.396501398561784	3.2047775241322567	3.332204510175204	3.5875467249899824	3.5015462291831545
1465	1.3862943611198906	1.3862943611198906	1.945910149055313	0.0	1.0986122886681096
5898	0.0	0.0	0.0	0.0	0.0
1464	1.0986122886681096	1.7478680974667573	0.6931471805599453	1.0986122886681096	0.0
1463	0.0	0.0	1.3862943611198906	0.6931471805599453	0.0
1470	0.0	0.6931471805599453	1.7917594692280547	0.0	1.7917594692280547
18111	0.0	0.0	0.0	0.0	0.0
4733	3.412489721398608	2.5649493574615376	3.0752205480543715	2.3025850929940455	2.34393298130802
4721	0.0	1.945910149055313	0.6931471805599453	0.0	0.0
18131	2.5400363038209806	2.670119889806817	1.8310204811135162	2.0794415416798357	1.6094379124341005
282	1.3862943611198906	2.4849066497880012	2.890371757896165	2.2718685126965625	2.70805020110221
5848	0.0	0.0	0.0	0.0	0.0
5847	0.0	0.0	0.0	0.0	0.0
5845	0.0	0.0	0.0	0.0	0.0
274	3.595149493765551	3.282693997278065	3.319492576154752	2.8571028374420018	2.912494403331052
16160	0.0	0.0	0.0	0.0	0.0
27916	1.5607104090414063	1.7917594692280547	0.6931471805599453	2.351673301904631	2.3978952727983707
292	1.3862943611198906	2.0794415416798357	2.5649493574615376	0.0	2.995732273553991
16151	0.0	0.0	0.0	0.0	0.0
5818	0.0	0.0	0.0	0.0	0.0
5890	0.0	0.0	0.0	0.0	0.0
5894	0.0	0.0	0.0	0.0	0.0
5893	1.3862943611198906	0.0	1.6094379124341005	0.6931471805599453	0.0
247	1.7917594692280547	0.0	2.2686052856349663	2.912494403331052	0.6365141682948128
5880	1.945910149055313	0.0	2.1639556568820564	1.0986122886681096	2.0431918705451206
234	1.3862943611198906	0.6931471805599453	0.0	0.0	1.3862943611198906
17012	0.0	1.3862943611198906	0.0	0.0	0.0
5857	0.6931471805599453	0.0	1.0986122886681096	0.0	0.0
1415	0.0	1.0986122886681096	0.6931471805599453	0.0	0.0
942	0.0	0.0	1.7917594692280547	2.772588722239781	3.5734504974788237
1426	1.3862943611198906	2.1972245773362196	2.4849066497880012	0.0	0.6931471805599453
931	1.6094379124341005	1.3862943611198906	0.0	0.0	0.0
1435	3.409438995093847	3.4040404339291133	1.7917594692280547	1.6094379124341005	1.5607104090414063
1439	1.3862943611198906	1.7917594692280547	2.833213344056216	1.3862943611198906	1.0986122886681096
919	3.9166780125429703	3.7279051987213587	3.87682015204373	3.830895721089941	2.8133554045006157
1440	0.0	0.0	0.0	0.0	0.0
914	0.0	0.6931471805599453	1.3862943611198906	1.7917594692280547	2.5649493574615376
15322	2.3025850929940455	0.0	0.0	0.0	0.0
907	0.0	1.6094379124341005	0.0	0.0	0.0
1450	0.6931471805599453	1.0986122886681096	1.6094379124341005	0.6931471805599453	0.0
984	4.221314164454438	3.344548858606444	2.0794415416798357	2.3114234446919735	1.7917594692280547
975	0.0	0.0	0.0	0.0	0.0
8517	0.0	0.0	0.6931471805599453	1.0986122886681096	0.6931471805599453
15377	0.6931471805599453	1.0986122886681096	0.0	0.6931471805599453	0.0
1409	0.0	1.6094379124341005	0.0	1.242453324894	0.6931471805599453
8505	1.0986122886681096	1.0986122886681096	2.890371757896165	0.0	0.0
1401	0.0	0.0	0.0	0.0	0.0
1403	0.0	1.9061547465398496	1.3862943611198906	1.0986122886681096	1.0986122886681096
27704	0.0	0.0	0.0	0.0	0.0
21568	0.0	0.0	0.0	0.6931471805599453	0.0
19540	0.0	0.0	0.0	0.0	1.945910149055313
21565	1.3321790402101223	0.0	1.0986122886681096	0.0	2.1972245773362196
995	0.0	0.0	2.6390573296152584	0.0	1.3862943611198906
993	1.5607104090414063	2.4849066497880012	2.5649493574615376	2.0794415416798357	2.3978952727983707
19590	1.6094379124341005	0.6931471805599453	0.0	0.0	0.0
2503	0.0	0.0	0.0	0.0	0.0
28888	0.0	0.0	0.0	0.0	0.0
2519	0.0	2.6390573296152584	2.3978952727983707	1.3321790402101223	0.0
19561	0.0	0.0	0.0	0.0	0.0
2435	0.0	0.0	0.0	0.0	0.0
2433	1.0986122886681096	0.0	0.0	0.0	0.0
18092	0.0	0.0	0.6931471805599453	1.0986122886681096	0.6931471805599453
5745	0.0	0.0	0.0	0.0	0.6931471805599453
18074	0.0	0.0	0.0	1.0986122886681096	0.0
18079	1.0986122886681096	0.0	0.0	0.0	0.0
5763	0.0	0.0	0.0	0.0	0.0
2442	0.0	0.0	0.0	0.0	0.0
2449	0.0	0.0	0.0	0.0	0.0
4254	0.6931471805599453	0.0	0.0	0.0	0.0
18053	0.0	0.0	0.0	0.0	0.0
19511	0.0	0.0	0.0	1.0986122886681096	1.0986122886681096
4268	0.0	0.0	0.0	0.0	0.0
4271	1.0986122886681096	1.0986122886681096	0.0	0.0	1.7917594692280547
4276	0.0	0.0	0.0	0.0	0.0
2489	0.0	0.0	0.0	1.3862943611198906	2.736339051105066
5724	0.0	0.0	0.0	1.0986122886681096	2.0431918705451206
4287	2.6390573296152584	0.6931471805599453	1.3862943611198906	1.7917594692280547	2.6613229347629224
1395	0.0	0.0	1.0986122886681096	2.458311329683084	1.3862943611198906
1387	1.0986122886681096	0.0	0.6931471805599453	0.6931471805599453	0.45056120886630463
1376	2.995732273553991	3.062529300254622	1.7917594692280547	2.0794415416798357	2.0431918705451206
8561	0.0	0.0	0.0	0.0	0.0
8558	2.1972245773362196	2.458311329683084	1.6094379124341005	1.945910149055313	0.0
1352	0.6931471805599453	0.0	1.0986122886681096	1.3862943611198906	2.2718685126965625
8576	0.0	0.0	0.0	0.0	0.0
1349	1.0986122886681096	1.9061547465398496	1.6094379124341005	0.0	1.5607104090414063
5778	1.3862943611198906	0.6931471805599453	0.0	0.6931471805599453	0.6931471805599453
5792	0.0	0.0	0.0	0.0	0.0
5787	0.0	0.0	0.0	1.945910149055313	0.0
5799	0.0	0.0	1.0986122886681096	0.0	0.0
1369	1.6094379124341005	0.0	1.0986122886681096	0.6931471805599453	1.7917594692280547
1361	0.0	0.0	0.0	0.0	0.0
804	0.0	0.0	0.0	0.0	1.0986122886681096
15213	0.0	0.0	0.0	0.0	0.0
1330	2.1972245773362196	1.0986122886681096	1.6094379124341005	2.1972245773362196	2.1972245773362196
19488	1.6094379124341005	0.0	1.0986122886681096	0.0	0.0
822	0.0	2.0794415416798357	2.1972245773362196	2.1639556568820564	2.1639556568820564
829	0.0	0.6931471805599453	2.4849066497880012	1.945910149055313	2.0794415416798357
816	0.0	1.0986122886681096	0.0	0.0	0.0
1301	0.0	0.0	0.0	0.0	0.0
21603	0.0	0.0	0.0	0.0	0.0
843	0.6931471805599453	0.0	0.0	0.0	1.0986122886681096
847	1.0986122886681096	0.0	1.945910149055313	0.6931471805599453	0.6931471805599453
846	0.0	2.5649493574615376	1.7917594692280547	0.0	0.0
8639	1.9061547465398496	1.7917594692280547	0.0	2.1972245773362196	2.0431918705451206
20142	0.0	0.0	0.0	0.0	0.0
20148	0.6931471805599453	0.0	0.0	0.0	0.0
28708	0.0	0.0	0.0	0.0	0.0
21655	0.0	0.0	0.0	0.0	0.6931471805599453
859	0.0	0.0	0.0	0.0	0.0
20115	0.0	0.0	0.0	0.0	0.0
19413	1.0986122886681096	0.0	0.6931471805599453	0.0	0.0
19410	0.0	0.0	0.0	0.0	0.6931471805599453
887	0.0	1.945910149055313	1.3862943611198906	0.0	0.0
16339	1.945910149055313	2.689535773467994	1.7917594692280547	0.0	0.0
877	0.0	0.6931471805599453	0.0	0.6931471805599453	1.0986122886681096
19432	1.945910149055313	1.5607104090414063	2.1972245773362196	1.6094379124341005	0.6931471805599453
4183	0.0	0.0	0.0	0.0	0.0
892	0.6931471805599453	0.0	0.0	2.0794415416798357	0.0
2408	0.0	1.0986122886681096	1.9061547465398496	1.945910149055313	1.6094379124341005
44998	0.0	0.0	0.0	0.0	0.0
2413	0.0	2.6701198898068172	1.6094379124341005	1.3862943611198906	1.3862943611198906
2411	1.0986122886681096	0.6931471805599453	0.0	0.0	1.3862943611198906
2417	0.0	0.6931471805599453	0.0	0.6931471805599453	0.0
16328	0.0	0.0	0.0	0.0	0.0
19478	0.6931471805599453	0.0	0.6931471805599453	0.0	1.3321790402101223
16315	0.0	0.0	1.3862943611198906	0.0	1.0986122886681096
4113	2.0794415416798357	2.3025850929940455	3.0445224377234217	2.3025850929940455	2.0794415416798357
12019	0.0	0.0	0.0	0.0	0.0
2329	1.0397207708399179	2.3025850929940455	2.912494403331052	2.9444389791664403	2.70805020110221
2321	1.3862943611198906	1.6094379124341005	1.6094379124341005	3.1634240504234032	3.3403286714049396
4117	1.0986122886681096	1.3862943611198906	1.0986122886681096	3.0904599236161974	1.0986122886681096
2331	0.0	1.6094379124341005	1.0986122886681096	1.0986122886681096	0.6365141682948128
2318	2.430791328878232	3.235362218892051	3.7737451403133253	3.778653411488598	4.216431579404921
2315	1.3862943611198906	1.0986122886681096	1.3862943611198906	1.0986122886681096	0.0
2307	3.075301218154362	0.6931471805599453	2.0253262207700673	3.2580965380214835	1.945910149055313
2304	0.0	0.0	0.6931471805599453	2.0794415416798357	2.0794415416798357
5623	0.6931471805599453	0.0	0.0	0.0	0.0
2302	2.1972245773362196	0.6931471805599453	2.3025850929940455	2.4849066497880012	1.7478680974667573
2379	0.0	1.0986122886681096	0.0	0.6931471805599453	1.3862943611198906
2376	0.0	0.6931471805599453	2.5649493574615376	1.3862943611198906	2.0794415416798357
4156	1.6094379124341005	0.0	1.7478680974667573	0.0	0.0
2367	1.3862943611198906	0.0	0.0	2.5823063443139667	1.3296613488547582
5609	0.0	0.0	1.3862943611198906	0.0	0.0
4164	0.0	0.0	0.0	0.0	0.0
2359	2.0431918705451206	2.8782183066708504	1.0986122886681096	3.15145851024303	3.183672971483787
2358	1.3321790402101223	2.0794415416798357	2.772588722239781	0.6931471805599453	0.0
4126	0.0	0.0	0.0	0.0	0.0
4134	0.0	0.0	0.0	0.0	0.0
4135	1.6094379124341005	0.0	0.6931471805599453	2.2718685126965625	1.7917594692280547
2348	0.0	0.0	0.0	0.0	0.0
2349	0.6931471805599453	1.3862943611198906	1.7917594692280547	1.3862943611198906	0.6931471805599453
1299	0.0	1.3862943611198906	0.6931471805599453	1.3862943611198906	0.0
2352	0.0	0.0	0.0	0.0	0.0
1293	2.253857589601352	1.3862943611198906	0.0	0.6931471805599453	0.0
1294	0.0	2.1972245773362196	0.0	0.6931471805599453	0.0
12096	3.2580965380214835	2.1639556568820564	2.458311329683084	2.7985132569432944	2.615630577027551
12097	2.6393405872324323	2.5400363038209806	2.1972245773362196	0.6931471805599453	2.833213344056216
1276	0.0	0.0	0.0	0.0	0.0
8653	0.0	0.0	0.0	0.0	0.0
1268	0.0	0.0	0.0	1.3862943611198906	0.0
1260	1.3862943611198906	0.0	1.0986122886681096	0.6931471805599453	0.0
1246	0.0	0.0	0.0	0.0	1.6094379124341005
5694	0.0	2.3025850929940455	0.0	2.5649493574615376	1.0986122886681096
1241	1.0986122886681096	2.0794415416798357	0.0	0.0	0.0
1233	0.0	0.0	0.0	0.0	0.6931471805599453
8695	0.0	0.0	0.0	0.0	0.0
8696	0.6931471805599453	0.0	1.7917594692280547	2.833213344056216	2.3978952727983707
5657	0.0	0.0	0.0	0.0	0.0
1222	0.0	0.0	0.0	0.0	0.0
1215	0.0	2.3025850929940455	0.0	1.0986122886681096	0.6931471805599453
1210	0.0	0.0	1.6094379124341005	1.0986122886681096	0.0
906	0.0	1.0986122886681096	0.6931471805599453	1.3862943611198906	1.5607104090414063
1219	0.6931471805599453	0.6931471805599453	0.6365141682948128	0.0	1.0986122886681096
8757	0.0	0.0	0.0	0.0	0.0
721	3.0280290733074104	2.3393717343898155	0.9502705392332347	0.6931471805599453	1.0986122886681096
21307	2.685945324669788	2.890371757896165	2.3978952727983707	2.6390573296152584	2.6390573296152584
711	0.0	0.0	0.0	0.0	0.0
710	0.0	1.3862943611198906	0.0	0.0	1.0986122886681096
704	0.0	0.0	0.0	0.0	0.0
27557	0.0	1.0986122886681096	0.0	1.0986122886681096	1.0986122886681096
8721	1.3862943611198906	0.0	0.0	0.0	0.0
8711	1.6094379124341005	0.0	2.0794415416798357	2.0794415416798357	1.0986122886681096
1205	2.4410152780267027	2.351673301904631	3.0280290733074104	2.458311329683084	1.9061547465398496
1200	0.0	0.0	2.0794415416798357	1.0986122886681096	1.3862943611198906
16687	1.0986122886681096	2.0794415416798357	1.3862943611198906	1.3862943611198906	1.7917594692280547
27515	0.0	0.0	0.0	0.0	0.0
2768	0.0	0.0	0.0	0.0	0.0
42869	0.0	0.6931471805599453	0.6931471805599453	0.6931471805599453	0.0
21383	0.0	0.0	1.0986122886681096	0.6931471805599453	0.0
794	0.6931471805599453	0.0	0.0	0.6931471805599453	0.0
792	1.945910149055313	2.772588722239781	0.0	0.0	2.4849066497880012
54805	0.0	0.0	0.6931471805599453	0.6365141682948128	0.0
9825	1.0986122886681096	0.0	0.6931471805599453	0.6931471805599453	1.7917594692280547
42840	0.0	0.0	0.0	0.0	0.0
21337	0.0	0.0	0.0	0.0	0.0
20205	1.3862943611198906	1.0986122886681096	0.6931471805599453	0.6365141682948128	1.6094379124341005
773	2.1972245773362196	2.1972245773362196	2.3025850929940455	1.6094379124341005	0.6931471805599453
2711	0.0	0.0	1.3862943611198906	2.4849066497880012	2.4307913288782323
2722	0.0	0.0	1.3862943611198906	1.3862943611198906	0.0
766	0.0	0.0	0.0	0.0	0.0
19770	0.0	0.6931471805599453	0.0	0.0	0.0
9837	0.0	0.0	0.0	1.3862943611198906	1.7917594692280547
9835	0.6931471805599453	0.0	2.1972245773362196	1.6094379124341005	1.3862943611198906
9834	0.0	0.0	0.0	0.0	0.0
757	0.6365141682948128	0.0	2.3978952727983707	1.6094379124341005	0.9502705392332347
21343	0.6365141682948128	0.6931471805599453	1.0397207708399179	0.0	1.6094379124341005
1192	1.0986122886681096	0.0	0.0	0.0	0.0
4491	0.0	0.0	0.0	0.0	0.0
19749	0.0	0.0	0.0	1.0986122886681096	0.0
9867	0.0	0.0	0.0	0.0	0.0
9884	0.6931471805599453	2.70805020110221	2.6390573296152584	2.9206870268936393	0.6931471805599453
9883	1.0986122886681096	1.945910149055313	1.0986122886681096	0.6931471805599453	1.6094379124341005
9878	0.0	0.0	0.0	0.0	0.0
19710	0.0	0.0	0.0	0.0	0.0
12169	0.0	0.0	0.0	0.0	0.0
2662	0.6931471805599453	1.0986122886681096	0.6931471805599453	0.6931471805599453	0.0
12145	0.6931471805599453	0.6365141682948128	1.7478680974667573	1.6094379124341005	1.6094379124341005
4487	0.0	0.0	1.7917594692280547	2.0431918705451206	1.0986122886681096
4479	0.0	1.945910149055313	0.0	0.0	0.0
1102	0.0	0.0	0.0	0.0	0.0
5535	0.6931471805599453	0.6931471805599453	0.0	0.0	0.0
4418	0.0	0.0	0.0	0.0	0.0
4428	0.0	0.0	0.0	0.0	0.0
1131	1.6094379124341005	0.6931471805599453	1.3862943611198906	3.619564736057945	1.6094379124341005
5567	1.6094379124341005	0.0	2.1972245773362196	2.0794415416798357	0.6931471805599453
4442	0.0	0.6931471805599453	0.0	0.6931471805599453	1.0986122886681096
5586	0.0	0.0	0.0	0.0	0.0
5584	0.0	0.0	0.0	0.0	0.0
1135	0.0	0.0	0.0	0.0	0.6931471805599453
15197	0.0	0.0	1.0986122886681096	2.3693821196946767	2.0431918705451206
8784	0.0	0.0	0.0	1.945910149055313	0.0
8788	0.0	0.6931471805599453	0.0	0.6931471805599453	0.6931471805599453
5596	0.0	0.6931471805599453	0.0	1.0986122886681096	0.0
5592	1.0986122886681096	0.6365141682948128	1.0397207708399179	1.3321790402101223	0.6931471805599453
1167	0.6931471805599453	1.0986122886681096	2.0794415416798357	0.0	0.0
1172	1.7917594692280547	0.0	0.0	0.6931471805599453	0.0
1176	1.3862943611198906	0.0	0.0	0.0	0.0
1156	0.0	0.0	0.0	0.0	0.0
1164	0.0	3.2958368660043296	1.0986122886681096	2.3025850929940455	1.0986122886681096
15016	0.0	0.6931471805599453	0.6365141682948128	0.0	1.3862943611198906
20381	0.0	1.945910149055313	1.3321790402101223	2.0794415416798357	2.3025850929940455
15008	0.0	0.0	0.0	1.0986122886681096	0.0
26003	0.0	0.0	0.0	0.0	0.0
21416	0.0	0.0	0.0	0.0	0.0
21415	0.0	0.0	1.7917594692280547	0.0	0.6931471805599453
623	0.0	0.0	0.0	0.0	0.0
629	0.0	0.0	0.0	1.0986122886681096	0.6931471805599453
28922	0.0	0.0	0.0	0.0	2.1972245773362196
21408	0.0	0.6931471805599453	0.6931471805599453	0.0	0.0
613	0.0	0.0	0.0	0.0	0.0
16507	0.0	0.0	0.0	0.0	0.6931471805599453
8834	0.0	1.945910149055313	1.945910149055313	1.3862943611198906	0.0
8831	0.0	0.6931471805599453	0.6931471805599453	0.0	1.6094379124341005
26012	0.0	0.0	0.0	0.0	0.0
20397	1.0986122886681096	0.6931471805599453	1.0986122886681096	1.3862943611198906	0.0
684	0.0	1.945910149055313	0.0	0.0	0.0
677	0.0	0.0	1.3862943611198906	1.0986122886681096	1.3862943611198906
2657	0.0	0.6931471805599453	0.0	0.0	0.0
671	2.1972245773362196	1.3862943611198906	1.3321790402101223	1.0986122886681096	0.0
2661	1.6094379124341005	0.0	0.6931471805599453	1.0986122886681096	0.0
2621	0.0	0.0	0.0	0.0	0.0
2623	0.0	0.0	0.0	1.0986122886681096	0.0
2629	3.361908713646984	3.2444540412628635	3.8471583420980893	3.117056153944549	3.4450985573993766
2626	0.0	0.0	0.0	0.0	0.0
9900	2.458311329683084	1.945910149055313	1.7478680974667573	2.3978952727983707	1.6094379124341005
699	1.0986122886681096	0.6931471805599453	0.6931471805599453	0.0	0.0
16556	0.0	0.0	0.0	0.0	0.0
2608	2.3978952727983707	1.0986122886681096	2.685945324669788	2.3978952727983707	1.945910149055313
2604	0.0	0.0	0.6931471805599453	0.0	0.0
2600	0.0	0.0	0.6931471805599453	1.3862943611198906	1.0397207708399179
19656	0.0	0.0	1.6094379124341005	0.6931471805599453	0.6931471805599453
12303	0.0	0.0	0.0	0.0	0.0
2619	1.0986122886681096	0.0	0.6931471805599453	0.0	0.0
2617	0.0	0.0	0.0	0.0	0.0
2611	0.0	0.0	0.0	0.0	0.0
20333	0.0	0.0	0.0	0.0	0.0
12324	0.0	0.0	0.0	0.0	0.0
658	3.1079722759786073	2.0982737395252498	1.0986122886681096	1.9061547465398496	2.5885731626821182
20310	0.0	0.0	0.0	0.0	0.0
12313	0.0	1.0986122886681096	0.0	0.0	0.0
64299	1.0986122886681096	2.1972245773362196	0.0	1.3862943611198906	0.6931471805599453
4392	2.9444389791664403	3.704993342301049	3.8768201520437304	2.4849066497880012	2.6923109941417853
1094	1.3862943611198906	1.7917594692280547	1.0986122886681096	1.0986122886681096	0.6931471805599453
1082	2.3978952727983707	0.6931471805599453	0.0	0.6931471805599453	0.0
1078	1.3862943611198906	1.945910149055313	0.0	0.6365141682948128	1.3862943611198906
4370	0.0	0.0	0.0	0.0	0.0
2598	1.3862943611198906	0.6931471805599453	1.3862943611198906	0.6931471805599453	1.0397207708399179
4381	0.0	0.0	0.0	0.0	0.0
1059	0.0	0.0	0.0	0.0	0.0
2578	1.3862943611198906	0.0	0.0	0.0	0.0
2563	1.8848713335781606	1.5810937501718239	3.1064969046460247	2.8652352524488442	2.338371704803573
2565	0.6931471805599453	2.1972245773362196	1.7480673485460891	0.0	0.6931471805599453
2566	0.0	0.0	0.0	0.6931471805599453	0.0
2561	3.769066978117451	4.2417381076710585	4.210642282649522	4.304235421687342	3.5595262214456422
12279	2.3025850929940455	0.0	2.5649493574615376	0.0	1.7478680974667573
2555	0.0	0.0	0.0	0.0	0.0
2541	2.3025850929940455	3.2864629612967997	3.0280290733074104	0.6931471805599453	2.70805020110221
1004	1.6094379124341005	0.6931471805599453	1.3862943611198906	2.871476118054867	1.3862943611198906
15088	1.3862943611198906	0.0	0.6931471805599453	1.7917594692280547	1.3862943611198906
5448	0.0	0.0	0.0	0.0	0.0
26064	2.0794415416798357	0.0	1.0986122886681096	1.0986122886681096	1.6094379124341005
1047	2.351673301904631	2.3978952727983707	2.3978952727983707	1.3862943611198906	2.4849066497880012
1039	1.945910149055313	1.7917594692280547	1.6094379124341005	2.5649493574615376	1.6094379124341005
1043	1.3862943611198906	0.0	0.0	0.0	1.0549201679861442
8888	1.3862943611198906	1.6094379124341005	1.7917594692280547	1.7917594692280547	1.7917594692280547
5464	0.0	0.0	0.0	0.0	0.0
8897	0.0	0.0	0.0	0.0	0.0
5473	1.945910149055313	0.0	0.0	2.70805020110221	0.6931471805599453
6095	0.0	0.0	0.0	0.0	1.0986122886681096
14678	0.0	0.0	0.0	2.4583113296830845	1.242453324894
6085	0.0	0.6931471805599453	0.0	0.0	0.0
36225	0.0	0.6931471805599453	1.0986122886681096	0.0	0.6931471805599453
6079	0.6931471805599453	0.0	1.7917594692280547	1.7917594692280547	1.0397207708399179
5336	1.3862943611198906	0.6931471805599453	0.0	0.6931471805599453	0.0
5337	1.7917594692280547	0.0	0.0	0.0	1.3321790402101223
14631	1.7917594692280547	2.1639556568820564	1.6094379124341005	2.6701198898068172	2.912494403331052
5308	0.0	1.3862943611198906	0.0	0.0	1.0986122886681096
26177	0.0	0.0	0.0	0.0	0.0
7561	0.0	0.6931471805599453	0.0	0.6931471805599453	0.0
13550	0.0	0.0	0.0	0.0	0.0
13543	0.0	0.0	0.0	0.0	0.6931471805599453
13571	0.6931471805599453	1.0986122886681096	0.0	1.7917594692280547	1.0986122886681096
13568	0.0	0.0	0.0	0.0	0.0
28493	1.0986122886681096	0.0	0.0	1.3321790402101223	2.3693821196946767
13597	0.0	0.0	0.6365141682948128	0.0	1.3862943611198906
28482	0.0	0.6931471805599453	0.6931471805599453	0.0	0.0
21081	0.0	0.0	0.0	0.0	0.0
21089	3.6056415838909954	3.6203848411309285	3.534659971758482	3.7982784054505605	3.3423560629361564
15827	1.6094379124341005	2.0794415416798357	2.3025850929940455	0.0	1.7917594692280547
15821	0.0	0.0	0.0	0.0	0.0
21108	0.0	1.0397207708399179	0.0	0.0	0.0
30619	0.0	0.0	0.0	0.0	0.0
28446	0.0	0.0	0.0	0.0	0.0
25001	1.3862943611198906	1.0986122886681096	1.0986122886681096	0.0	1.3862943611198906
25070	0.0	0.0	0.0	0.0	0.0
21157	2.2718685126965625	1.5607104090414063	0.0	0.0	0.6365141682948128
13632	0.0	1.0986122886681096	0.0	0.0	0.0
13647	3.5369546858483574	3.255110512727741	2.685945324669788	1.3862943611198906	2.2718685126965625
28400	0.0	0.0	1.0986122886681096	0.0	0.0
30639	0.0	0.0	0.6931471805599453	0.0	0.0
13658	0.0	0.0	0.0	0.0	0.0
7537	0.0	0.0	0.0	0.6931471805599453	0.0
16850	1.945910149055313	1.0986122886681096	0.0	1.242453324894	1.9061547465398496
16854	1.6094379124341005	1.0986122886681096	1.0986122886681096	0.6931471805599453	2.1972245773362196
26157	0.0	0.0	0.0	0.0	0.0
7534	0.0	2.1639556568820564	0.0	0.0	1.0986122886681096
5380	2.6390573296152584	1.9061547465398496	1.945910149055313	1.0986122886681096	2.6390573296152584
16830	0.0	0.0	0.0	0.0	0.0
27347	0.0	1.0986122886681096	0.0	0.0	1.0986122886681096
5391	2.995732273553991	2.553237002993714	1.9061547465398496	2.0431918705451206	2.0794415416798357
7493	1.7917594692280547	1.0986122886681096	0.0	0.0	0.0
7485	3.5435069992803037	3.5079609900208206	2.4260151319598084	2.2898178486578247	3.2551105127277413
5221	0.0	0.6931471805599453	0.0	1.0986122886681096	0.0
24088	1.0986122886681096	1.3321790402101223	2.1639556568820564	1.945910149055313	1.0397207708399179
5257	1.9730014063936125	1.9722469794234418	1.0986122886681096	1.3862943611198906	0.0
14556	0.6931471805599453	0.0	0.0	0.0	0.0
27296	0.0	1.0986122886681096	0.6931471805599453	0.0	0.0
14542	0.0	0.0	0.0	0.0	0.0
7451	2.1972245773362196	2.3693821196946767	1.0986122886681096	1.7917594692280547	1.7917594692280547
24045	0.0	0.0	0.0	0.0	0.0
5205	0.0	0.0	0.0	0.0	1.6094379124341005
7469	0.0	0.6931471805599453	0.0	0.0	1.0986122886681096
24052	0.6931471805599453	0.0	0.0	0.0	1.3862943611198906
24051	0.0	0.0	0.0	0.0	0.0
7467	0.0	0.6931471805599453	1.3862943611198906	0.0	0.0
36178	0.0	1.3321790402101223	0.0	0.0	1.945910149055313
13446	0.0	0.0	0.0	0.0	0.0
21193	0.0	0.0	0.0	0.0	0.0
13433	1.6094379124341005	0.6931471805599453	0.6931471805599453	0.0	0.6365141682948128
13422	0.0	0.0	1.3862943611198906	0.0	1.7917594692280547
13496	0.0	0.0	0.6931471805599453	0.0	0.6931471805599453
13483	0.0	0.0	0.0	0.0	0.0
28362	1.0986122886681096	0.0	0.0	1.0986122886681096	0.0
15709	0.0	0.0	0.0	0.0	0.0
13470	1.0986122886681096	0.6931471805599453	0.0	0.0	0.0
15623	1.6094379124341005	2.4410152780267027	2.1639556568820564	2.6393405872324323	2.3978952727983707
28311	0.0	0.0	0.0	0.0	1.3862943611198906
21223	1.0986122886681096	1.0397207708399179	0.6931471805599453	0.6931471805599453	1.0986122886681096
26202	1.3862943611198906	0.0	0.6931471805599453	0.0	1.0986122886681096
30745	0.0	0.0	0.0	1.0986122886681096	0.0
15666	2.1972245773362196	2.0794415416798357	1.7917594692280547	0.6931471805599453	1.7917594692280547
21242	0.0	0.0	0.0	0.0	0.0
25170	0.0	0.6931471805599453	0.0	0.0	1.7917594692280547
30776	1.6094379124341005	1.6094379124341005	0.0	1.3862943611198906	2.0794415416798357
25188	0.0	0.0	0.0	0.0	0.0
15651	2.871476118054867	2.7516666169315167	2.1972245773362196	2.1639556568820564	2.1639556568820564
26266	0.0	0.0	0.0	0.0	0.0
16754	1.7917594692280547	1.945910149055313	2.4849066497880012	2.5649493574615376	1.7917594692280547
26257	0.6931471805599453	1.7478680974667573	0.6931471805599453	0.6365141682948128	2.3025850929940455
27213	0.0	0.0	0.0	0.0	0.0
7414	0.0	0.0	0.0	0.6931471805599453	0.0
16732	1.0986122886681096	1.6094379124341005	0.0	0.0	0.0
15693	2.3978952727983707	1.3862943611198906	1.0986122886681096	0.6931471805599453	0.0
7429	0.6931471805599453	0.0	0.0	0.0	0.0
5258	0.6931471805599453	0.6931471805599453	0.0	0.0	0.0
16715	1.945910149055313	2.5649493574615376	2.3978952727983707	2.253857589601352	1.6094379124341005
5268	0.0	0.0	0.0	0.0	0.0
26228	0.0	0.0	0.0	1.7917594692280547	0.0
5276	0.0	0.0	0.0	0.0	0.0
16728	1.3862943611198906	0.6931471805599453	0.6931471805599453	0.0	0.0
5281	0.0	0.0	1.0986122886681096	0.6931471805599453	1.3862943611198906
26232	0.0	0.0	0.0	0.0	0.0
7355	2.1972245773362196	1.0986122886681096	1.3862943611198906	0.0	0.6931471805599453
7342	2.7255503958317204	0.0	0.0	0.0	2.3025850929940455
7343	0.0	0.0	0.0	0.0	0.0
7330	1.6094379124341005	0.0	0.0	0.0	0.6931471805599453
7315	1.7917594692280547	1.945910149055313	0.0	1.0986122886681096	1.6094379124341005
7320	1.0986122886681096	1.6094379124341005	2.1639556568820564	0.6931471805599453	1.945910149055313
14896	2.954673212304816	2.5649493574615376	2.4583113296830845	2.6390573296152584	2.8215638078603638
5119	0.0	0.0	0.0	0.0	1.0986122886681096
7382	0.0	0.0	0.0	0.0	0.0
7381	0.6931471805599453	1.3862943611198906	1.0986122886681096	1.3862943611198906	1.3862943611198906
7360	0.0	0.0	0.0	0.0	0.0
36016	0.0	0.0	0.0	0.0	0.0
4020	1.0986122886681096	0.6931471805599453	0.0	0.0	0.0
13376	0.0	1.3862943611198906	0.0	0.0	0.0
6246	2.1972245773362196	1.3862943611198906	0.0	0.0	0.0
13325	0.0	0.0	0.0	0.0	1.0986122886681096
13323	2.9444389791664403	1.3321790402101223	2.6390573296152584	2.0794415416798357	2.1972245773362196
24126	0.0	0.0	0.0	0.0	0.0
6233	3.5263605246161633	3.075220548054372	2.5400363038209806	1.6094379124341005	2.0794415416798357
13320	0.0	0.0	0.0	0.0	0.0
6209	1.0986122886681096	0.0	0.0	0.0	0.0
28642	0.0	0.0	0.0	0.0	0.0
13409	0.0	0.0	0.0	0.0	0.0
4099	0.0	0.0	1.6094379124341005	1.7917594692280547	2.0794415416798357
30876	0.0	0.0	0.0	1.0986122886681096	0.0
13410	0.6931471805599453	0.6931471805599453	0.0	0.0	0.0
4076	0.0	0.0	0.0	0.0	0.0
28691	0.0	0.0	0.0	0.0	0.0
4084	0.0	0.0	0.0	0.0	0.0
26313	0.6931471805599453	0.0	0.0	1.6094379124341005	0.0
4053	2.5649493574615376	1.7917594692280547	0.0	0.0	0.0
30831	0.0	0.0	0.0	0.0	0.0
36982	0.0	0.0	0.0	0.6931471805599453	0.6931471805599453
14913	1.0986122886681096	0.6365141682948128	0.0	0.0	0.0
5142	0.0	0.0	0.0	0.0	0.0
5144	1.0986122886681096	0.0	0.6931471805599453	1.0986122886681096	0.0
29373	0.0	0.0	0.0	1.0986122886681096	0.0
29354	0.0	0.0	0.0	0.0	0.0
15561	0.0	0.0	0.0	0.0	0.0
15571	1.0986122886681096	0.0	0.0	0.0	0.0
29328	0.0	0.0	0.0	0.0	0.0
14987	0.6931471805599453	0.0	0.0	0.0	0.0
7231	0.0	0.0	0.0	0.0	0.0
7243	0.0	0.0	0.0	0.0	0.0
5000	0.0	0.0	0.0	0.0	0.0
7261	1.3862943611198906	2.9785084205272367	2.1972245773362196	0.0	1.0986122886681096
13269	0.0	0.0	0.0	0.0	0.0
7290	0.0	0.0	0.0	0.0	0.0
6164	0.0	0.0	0.0	0.0	0.0
7297	0.0	1.3862943611198906	0.0	1.3321790402101223	0.0
13250	0.0	0.0	0.0	0.0	0.0
24210	1.7917594692280547	0.0	1.6094379124341005	1.8310204811135162	0.0
13227	0.0	0.0	0.0	0.0	0.0
6177	1.7917594692280547	2.253857589601352	2.1972245773362196	2.1639556568820564	0.0
6125	1.3862943611198906	0.0	0.6931471805599453	0.0	0.0
13215	0.0	0.0	0.0	0.0	0.0
24243	0.0	0.0	0.0	0.6931471805599453	0.0
24257	1.0986122886681096	0.0	0.0	0.0	1.0986122886681096
6139	0.0	0.0	0.6931471805599453	0.0	0.0
6134	0.0	0.0	0.0	0.6931471805599453	1.0986122886681096
38981	0.0	1.0986122886681096	0.0	0.0	0.0
21033	0.0	0.0	0.0	0.0	0.0
6104	0.0	1.8343719702816235	2.4849066497880012	0.0	1.7478680974667573
29296	0.0	0.0	0.0	0.0	0.0
36883	0.0	0.0	0.0	0.0	0.0
30924	0.0	0.0	0.0	0.0	0.0
26459	1.0986122886681096	0.0	0.0	1.3862943611198906	0.0
30946	0.0	0.0	0.0	0.0	0.0
5046	0.6931471805599453	0.0	0.0	0.0	0.0
30942	0.0	0.0	0.0	0.0	0.0
5038	0.0	0.0	0.0	0.0	0.0
5058	0.0	0.0	0.0	0.0	0.0
5049	0.0	0.0	0.0	1.3862943611198906	0.0
15468	0.0	0.0	0.0	0.0	0.0
5075	1.3862943611198906	1.7478680974667573	1.945910149055313	1.0986122886681096	1.7917594692280547
5086	0.0	0.0	0.0	0.0	0.0
15444	0.0	0.0	0.0	0.0	0.0
36806	0.0	0.0	0.0	0.0	0.0
16981	2.615630577027551	1.5607104090414063	1.3862943611198906	2.0431918705451206	1.0397207708399179
15454	0.0	0.6931471805599453	0.0	0.0	0.0
6491	0.0	0.0	0.0	0.0	0.0
6490	0.6931471805599453	0.0	0.0	0.6931471805599453	0.6931471805599453
30211	0.0	0.0	0.0	0.6931471805599453	0.0
6468	0.0	0.0	0.0	2.70805020110221	0.0
30207	1.0986122886681096	0.0	0.6931471805599453	0.6931471805599453	1.0986122886681096
36671	0.6931471805599453	1.0986122886681096	0.6931471805599453	1.945910149055313	1.0549201679861442
29958	1.6094379124341005	0.0	0.0	0.0	1.3862943611198906
30251	2.9785084205272367	2.3693821196946767	1.9061547465398496	1.7917594692280547	2.6302533563892636
30249	2.1972245773362196	1.3862943611198906	1.3862943611198906	0.6931471805599453	0.6931471805599453
30244	1.9061547465398496	1.0986122886681096	0.6931471805599453	0.0	0.6931471805599453
14262	1.0986122886681096	0.0	1.0986122886681096	0.0	0.0
29997	0.0	0.0	1.0986122886681096	0.0	0.0
29990	1.0986122886681096	0.0	0.6931471805599453	0.0	0.0
13185	2.3025850929940455	1.7917594692280547	1.6094379124341005	1.5607104090414063	2.0794415416798357
37815	0.0	0.0	0.0	0.0	1.0986122886681096
25423	0.0	0.0	0.0	1.0986122886681096	0.0
7945	0.0	0.0	0.0	0.0	0.0
7934	0.0	0.0	0.0	0.0	0.0
25492	0.0	0.0	0.0	0.0	0.0
7918	0.0	0.0	0.0	0.0	0.6931471805599453
7904	2.1972245773362196	0.0	0.0	0.0	1.3862943611198906
6438	0.0	0.0	0.0	0.6931471805599453	0.0
6352	2.4142835684020003	1.9061547465398496	1.6094379124341005	3.03267305316443	1.5810937501718239
26706	3.501038792896408	3.4054543397888475	3.486969339660019	3.472461429582191	3.7971436272695445
13008	3.0910424533583143	0.0	0.6931471805599453	2.0431918705451206	1.6094379124341005
36537	0.6931471805599453	0.0	0.0	0.0	0.0
13015	0.0	0.0	0.0	0.0	0.0
14117	1.6094379124341005	0.6931471805599453	0.6931471805599453	1.0986122886681096	1.6094379124341005
14119	0.0	0.0	0.0	0.0	0.0
29879	0.0	0.0	0.0	0.0	0.0
31888	0.0	0.0	0.0	0.0	0.0
25567	0.0	0.0	0.0	0.0	0.0
25583	0.0	0.0	0.0	0.0	0.0
7861	0.6365141682948128	2.9650156932565066	1.0986122886681096	2.3978952727983707	3.414951561004885
7809	0.0	1.7917594692280547	1.0986122886681096	0.0	0.6931471805599453
26670	1.3862943611198906	1.3862943611198906	0.0	0.0	0.0
6307	1.3862943611198906	0.0	2.0794415416798357	0.6931471805599453	0.6931471805599453
6343	0.6931471805599453	0.6931471805599453	0.0	0.0	0.0
14193	0.0	0.0	0.0	0.0	1.0986122886681096
28233	0.0	0.0	1.0986122886681096	0.0	0.6931471805599453
26840	0.0	0.0	0.0	0.0	0.0
31551	0.0	0.0	0.0	0.0	1.6094379124341005
31546	0.0	0.0	0.0	0.0	0.0
14405	1.0986122886681096	0.0	1.3862943611198906	0.0	0.0
29768	1.3862943611198906	0.0	0.0	0.0	0.6931471805599453
14439	0.0	0.0	0.0	0.0	1.945910149055313
29742	1.6094379124341005	1.3862943611198906	1.3862943611198906	1.0986122886681096	1.3862943611198906
7752	0.0	0.0	0.0	0.0	0.0
6621	0.0	0.0	0.0	0.0	0.0
7744	0.0	0.0	0.0	0.0	0.0
6609	0.0	2.4849066497880012	0.0	0.0	1.3862943611198906
7725	0.0	0.0	0.0	0.0	0.0
7723	1.945910149055313	0.0	0.0	0.6931471805599453	0.0
25218	0.0	0.6931471805599453	0.0	0.0	0.0
7783	0.0	0.0	0.0	0.0	0.6931471805599453
7768	0.0	0.0	1.3862943611198906	1.3862943611198906	0.6931471805599453
7763	0.0	1.0986122886681096	0.0	1.0986122886681096	0.0
7760	0.0	0.0	1.6094379124341005	0.0	0.6931471805599453
6689	0.0	0.0	0.0	1.6674619334292946	0.0
6682	0.0	0.0	0.0	0.0	0.6931471805599453
6680	0.0	0.0	0.0	0.0	0.0
30401	0.0	0.0	0.0	0.0	1.0986122886681096
7709	3.4224142040147285	2.890371757896165	2.3978952727983707	3.0280290733074104	2.4583113296830845
28219	0.0	0.0	0.0	0.0	0.0
36513	0.0	1.0986122886681096	1.0986122886681096	1.0986122886681096	0.0
25247	0.0	0.0	0.0	0.0	0.0
26789	0.0	0.6931471805599453	1.0986122886681096	1.6094379124341005	1.0986122886681096
15941	1.0986122886681096	1.0986122886681096	0.6931471805599453	0.6931471805599453	0.0
28162	0.0	0.0	0.0	0.0	0.0
26935	1.3862943611198906	0.6365141682948128	1.8310204811135165	1.0986122886681096	0.0
28158	0.0	0.0	0.0	0.0	0.0
14391	0.0	0.0	0.0	0.0	0.0
26959	0.0	0.0	0.0	0.6931471805599453	0.6931471805599453
36382	0.0	0.0	0.0	0.0	0.0
14337	0.0	0.0	0.0	0.0	1.0986122886681096
14345	0.0	0.0	0.0	0.0	1.0986122886681096
29626	0.0	0.0	0.0	0.0	0.0
1973	2.0794415416798357	1.6094379124341005	2.2718685126965625	1.945910149055313	1.7917594692280547
1982	0.0	0.0	0.0	0.0	0.0
1995	0.0	0.0	0.0	0.0	0.0
1996	0.0	2.1972245773362196	0.0	1.3862943611198906	1.0986122886681096
1998	0.0	0.0	0.0	1.0986122886681096	0.0
1992	0.0	2.772588722239781	2.1639556568820564	0.0	1.3862943611198906
1993	0.6365141682948128	2.1972245773362196	2.351673301904631	2.867440499124446	2.5649493574615376
1999	0.0	1.3862943611198906	1.3862943611198906	0.6931471805599453	1.5607104090414063
37961	0.0	0.0	0.0	0.0	0.0
7622	0.0	0.0	0.0	0.0	0.0
1900	0.0	0.0	0.0	0.0	0.0
1909	0.0	0.0	1.945910149055313	0.0	0.0
26863	0.0	0.0	0.0	0.0	0.0
6554	0.0	0.0	0.0	0.0	0.0
1928	1.3862943611198906	0.0	1.0986122886681096	0.0	0.0
15882	0.6931471805599453	0.0	0.0	0.0	0.6931471805599453
1936	2.022808529414704	2.9124944033310514	2.6390573296152584	2.3598492521638335	1.9061547465398496
15872	1.6094379124341005	1.0986122886681096	0.0	1.6094379124341005	1.6094379124341005
1938	0.0	0.0	0.0	0.0	0.0
1930	0.0	0.0	0.0	0.0	0.0
6521	0.0	1.0986122886681096	0.0	0.0	0.0
1945	0.0	0.0	0.0	0.0	0.0
1950	0.0	0.0	0.0	1.0986122886681096	0.0
