1	0.0	0.0	0.0	0.056282294965162384	0.0
10967	0.0	0.0	0.0	0.0	0.0
39673	0.0	0.0	0.0	0.0	0.0
24754	0.0	0.0	0.0	0.0	0.0
22492	0.0	0.3662040962227032	0.0	0.0	0.0
34184	0.0	0.0	0.0	0.0	0.0
10910	0.0	0.0	0.0	0.0	0.0
31486	0.0	0.0	0.0	0.0	0.0
31489	0.0	0.0	0.0	0.0	0.0
37454	0.0	0.3891820298110627	0.0	0.0	0.10810611939196185
34129	0.0	0.0	0.0	0.0	0.0
10898	0.0	0.0	0.0	0.0	0.0
25647	0.0	0.0	0.0	0.0	0.0
34347	0.0	0.0	0.0	0.0	0.0
10885	0.0	0.0	0.0	0.0	0.0
23559	0.0	0.0	0.0	0.0	0.0
35817	0.0	0.0	0.0	0.0	0.0
39733	0.0	0.0	0.1039720770839918	0.09452007007635617	0.0
10843	0.0	0.0	0.0	0.0	0.0
22478	0.0	0.0	0.0	0.0	0.0
38703	0.0	0.0	0.0	0.0	0.0
35880	0.0	0.0	0.0	0.0	0.0
-1	0.0	2.865614360444838	2.3767027882400185	2.204687927684444	1.8454832073438623
38	0.0	0.0	0.0	0.0	0.0
22	0.0	0.0	0.06831258248359141	0.0	0.0
25	0.0	0.0	0.0	0.0	0.0
28	0.0	0.0	0.0	0.0	0.0
78	0.0	0.0	0.0	0.0	0.0
77	0.0	0.0	0.0	0.0	0.0
86	0.0	0.0	0.0	0.0	0.0
11904	0.0	0.0	0.0	0.0	0.0
58	0.0	0.0	0.22948324605350076	0.1628231356912803	0.12059593138189038
61	0.0	0.0	0.0	0.0	0.0
48	0.0	0.0	0.0	0.0	0.3805653047154279
45	0.0	0.14487845696413928	0.13064559233038123	0.3668633233900155	0.1425224643604159
34285	0.0	0.0	0.0	0.0	0.0
10812	0.0	0.0	0.0	0.0	0.0
10815	0.0	0.0	0.0	0.0	0.0
10801	0.0	0.0	0.7324081924454064	0.0	0.0
93	0.0	0.0	0.0	0.0	0.0
88	0.0	0.0	0.0	0.0	0.0
34268	0.0	0.0	0.0	0.0	0.0
10716	0.0	0.0	0.0	0.0	0.0
10726	0.0	0.0	0.0	0.0	0.0
10771	0.0	0.8303243011972973	0.0	0.0	0.13321640404435392
10789	0.0	0.0	0.0	0.0	0.0
10798	0.0	0.0	0.0	0.0	0.0
35545	0.0	0.0	0.0	0.0	0.0
24452	0.0	0.0	0.0	0.0	0.0
24443	0.0	0.0	0.0	0.0	0.0
39444	0.0	0.17882643471490003	0.3662040962227032	0.22991970177630003	0.0
12808	0.0	0.0	0.0	0.0	0.31061333122350004
23818	0.0	0.0	0.0	0.0	0.0
22367	0.0	0.0	0.0	0.0	0.0
31225	0.0	0.0	0.0	0.0	0.0
22283	0.0	0.40235947810852507	0.6931471805599453	0.0	0.0
24549	0.0	0.0	0.0	0.0	0.0
24518	0.0	0.0	0.0	0.0	0.0
31298	0.0	0.0	0.0	0.0	0.0
34361	0.0	0.0	0.0	0.0	0.0
30111	0.0	0.0	0.0	0.0	0.0
10615	0.0	0.0	0.0	0.0	0.0
10629	0.0	0.0	0.0	0.0	0.0
31093	0.0	0.0	0.0	0.0	0.0
25899	0.0	0.0	0.0	0.0	0.0
10639	0.0	0.0	0.0	0.0	0.0
10646	0.0	0.0	0.0	0.0	0.0
10695	0.0	0.0	0.0	0.0	0.0
23711	0.0	0.0	0.0	0.0	0.0
10693	0.0	0.0	0.0	0.0	0.0
40893	0.0	0.0	0.0	0.0	0.0
10678	0.0	0.0	0.0	0.0	0.0
10677	0.0	0.0	0.0	0.0	0.0
23721	0.0	0.0	0.0	0.0	0.0
23722	0.0	0.0	0.0	0.0	0.0
10683	0.0	0.0	0.0	0.0	0.14661429608973658
22221	0.0	0.6931471805599453	0.0	0.0	0.0
22216	0.0	0.0	0.0	0.0	0.0
22244	0.0	0.0	0.0	0.0	0.0
38937	0.0	0.0	0.0	0.0	0.0
34506	0.0	0.0	0.0	0.0	0.0
22134	0.0	0.0	0.0	0.0	0.0
22153	0.0	0.0	0.0	0.0	0.0
25927	0.0	0.0	0.0	0.0	0.0
31131	0.0	0.0	0.0	0.0	0.0
31143	0.0	0.15694461266687282	0.0	0.3662040962227032	0.0
29022	0.0	0.40235947810852507	0.0	0.3218875824868201	0.0
13716	0.0	0.0	0.0	0.0	0.0
13726	0.0	0.0	0.0	0.0	0.0
13753	0.0	0.0	0.0	0.0	0.0
33095	0.0	0.0	0.0	0.0	0.0
40783	0.0	0.0	0.0	0.0	0.0
12659	0.0	0.0	0.0	0.0	0.0
12685	0.0	0.0	0.0	0.0	0.0
12675	0.0	0.0	0.0	0.0	0.0
38199	0.0	0.2079441541679836	0.25993019270997947	0.0	0.18904014015271234
38163	0.0	0.0	0.0	0.0	0.0
7067	0.0	0.0	0.0	0.0	0.0
7075	0.0	0.3538018452827843	0.0	0.3891820298110627	0.22991970177630003
38118	0.0	0.0	0.0	0.0	0.0
23108	0.0	0.0	0.0	0.0	0.0
31008	0.0	0.0	0.0	0.0	0.0
7056	0.0	0.0	0.0	0.0	0.0
23164	0.0	0.0	0.0	0.0	0.0
31066	0.0	0.0	0.0	0.0	0.0
7083	0.0	0.0	0.0	0.0	0.0
7091	0.0	0.0	0.0	0.0	0.0
35235	0.0	0.0	0.0	0.0	0.0
35232	0.0	0.0	0.0	0.0	0.0
13685	0.0	0.0	0.0	0.0	0.0
35214	0.0	0.0	0.0	0.0	0.0
7027	0.0	0.0	0.0	0.0	0.0
7033	0.0	0.0	0.0	0.0	0.0
37059	0.0	0.0	0.0	0.0	0.0
35264	0.0	0.0	0.0	0.0	0.0
35258	0.0	0.0	0.0	0.0	0.0
33108	0.0	0.0	0.0	0.0	0.0
33140	0.0	0.0	0.0	0.0	0.0
12729	0.0	0.0	0.0	0.0	0.0
29131	0.0	0.0	0.0	0.0	0.0
12716	0.0	0.0	0.0	0.0	0.0
12704	0.0	0.0	0.0	0.0	0.0
29150	0.0	0.0	0.0	0.0	0.0
22000	0.0	0.0	0.0	0.0	0.0
13823	0.0	0.0	0.0	0.0	0.0
33193	0.0	0.0	0.0	0.0	0.0
40645	0.0	0.0	0.0	0.0	0.0
29107	0.0	0.0	0.0	0.0	0.0
12739	0.0	0.0	0.0	0.0	0.0
7174	0.0	0.0	0.0	0.0	0.0
7180	0.0	0.0	0.0	0.0	0.0
23067	0.0	0.0	0.0	0.0	0.0
13797	0.0	0.0	0.0	0.0	0.0
7136	0.0	0.0	0.0	0.0	0.0
35383	0.0	0.0	0.0	0.0	0.0
13993	0.0	0.0	0.0	0.0	0.0
13999	0.0	0.0	0.0	0.0	0.0
13987	0.0	0.0	0.0	0.0	0.0
13972	0.0	0.0	0.0	0.0	0.0
12400	0.0	0.7540163798900739	0.0	0.0	0.0
13924	0.0	0.0	0.0	0.0	0.0
12416	0.0	0.0	0.0	0.0	0.0
12448	0.0	0.28499437305128184	0.0	0.0	0.0
12338	0.0	0.0	0.0	0.0	0.0
38326	0.0	0.0	0.0	0.0	0.0
23356	0.0	0.0	0.0	0.0	0.0
24919	0.0	0.0	0.5972531564093516	0.0	0.0
23345	0.0	0.0	0.0	0.0	0.0
24960	0.0	0.0	0.0	0.0	0.0
35013	0.0	0.0	0.0	0.0	0.0
24957	0.0	0.0	0.0	0.0	0.0
23306	0.0	0.0	0.0	0.0	0.0
23300	0.0	0.0	0.0	0.0	0.0
12518	0.0	0.0	0.0	0.0	0.0
12506	0.0	0.0	0.0	0.0	0.0
41994	0.0	0.0	0.0	0.0	0.0
41992	0.0	0.0	0.0	0.0	0.0
12553	0.0	0.0	0.0	0.0	0.0
34100	0.0	0.0	0.0	0.0	0.0
12478	0.0	0.0	0.0	0.0	0.0
38434	0.0	0.0	0.0	0.0	0.0
34013	0.0	0.0	0.0	0.0	0.0
24812	0.0	0.0	0.0	0.0	0.0
35184	0.0	0.0	0.0	0.0	0.0
34087	0.0	0.0	0.0	0.0	0.0
40488	0.0	0.0	0.0	0.0	0.0
38409	0.0	0.0	0.0	0.0	0.0
3281	0.0	0.0	0.0	0.0	0.0
3299	0.0	0.25596563846115067	1.3438196019210413	0.07192051811294523	0.0
2101	0.0	0.0	0.0	0.0	0.0
10064	0.0	0.0	0.0	0.0	0.0
10057	0.0	0.0	0.0	0.0	0.0
3250	0.0	0.0	0.0	0.0	0.0
10056	0.0	0.0	0.0	0.0	0.0
3251	0.0	0.0	0.0	0.0	0.0
2120	0.0	0.0	0.0	0.0	0.0
3253	0.0	0.0	0.0	0.0	0.0
3245	0.0	0.0	0.0	0.0	0.0
2115	0.0	0.0	0.0	0.0	0.0
2117	0.0	0.0	0.0	0.0	0.0
2131	0.0	0.0	0.0	0.0	0.0
3260	0.0	0.0	0.0	0.35498666425542863	0.0
8202	0.0	0.0	0.0	0.0	0.0
3256	0.0	0.0	0.0	0.24849066497880004	0.0
2123	0.0	0.0	0.0	0.0	0.0
10034	0.0	0.0	0.0	0.0	0.0
3273	0.0	0.21031706994046004	0.35187431061536784	0.0	0.0
11150	0.0	0.0	0.0	0.0	0.0
19871	0.0	0.0	0.0	0.0	0.0
2153	0.0	0.0	0.0	0.0	0.0
3203	0.0	0.0	0.0	0.0	0.0
2156	0.0	0.0	0.0	0.0	0.0
3204	0.0	0.0	0.0	0.0	0.0
41469	0.0	0.0	0.0	0.0	0.0
2162	0.0	0.0	0.0	0.0	0.0
41450	0.0	0.0	0.0	0.0	0.0
3220	0.0	0.0	0.0	0.0	0.0
2176	0.0	0.0	0.0	0.0	0.0
9770	0.0	0.0	0.0	0.0	0.0
19846	0.0	0.0	0.0	0.0	0.0
11126	0.0	0.0	0.0	0.0	0.0
2181	0.0	0.07465664455116895	0.13782765147908116	0.2986265782046758	0.1791759469228055
32046	0.0	0.27465307216702745	0.0	0.0	0.0
8263	0.0	1.7482537807332401	0.0	0.0	0.0
11184	0.0	0.0	0.0	0.0	0.0
8258	0.0	0.0	0.0	0.0	0.0
48818	0.0	0.0	0.0	0.0	0.0
11167	0.0	0.0	0.0	0.0	0.0
43026	0.0	0.0	0.0	0.0	0.0
17675	0.0	0.0	0.0	0.0	0.0
11224	0.0	0.0	0.0	0.0	0.0
17642	0.0	0.0	0.0	0.0	0.0
41428	0.0	0.0	0.0	0.0	0.0
9711	0.0	0.0	0.0	0.0	0.0
10139	0.0	0.0	0.0	0.0	0.0
10118	0.0	0.0	0.0	0.0	0.0
10126	0.0	0.0	0.0	0.0	0.0
8127	0.0	0.0	0.0	0.0	0.0
2221	0.0	0.13862943611198905	0.0	0.0	0.0
11086	0.0	0.7675283643313484	0.1432972550436665	0.43944491546724396	0.29962153327312085
11087	0.0	0.0	0.0	0.30572373764232436	0.0
11080	0.0	0.0	0.0	0.0	0.0
2253	0.0	0.0	0.0	0.0	0.0
3380	0.0	0.0	0.0	0.0	0.0
2232	0.0	0.0	0.0	0.0	0.0
3356	0.0	0.0	0.0	0.0	0.0
2240	0.0	0.0	0.0	0.0	0.0
3373	0.0	0.0	0.0	0.0	0.0
2234	0.0	0.0	0.0	0.0	0.0
19975	0.0	0.0	0.0	0.0	0.0
2291	0.0	0.0	0.0	0.0	0.0
3347	0.0	0.0	0.0	0.0	0.0
11007	0.0	0.0	0.0	0.0	0.0
32166	0.0	0.0	0.0	0.0	0.0
8197	0.0	0.0	0.0	0.0	0.0
8199	0.0	0.0	0.0	0.0	0.0
3318	0.0	0.0	0.0	0.0	0.0
3320	0.0	0.2995732273553991	0.1997154849035994	0.3837641821656742	0.2723392975958174
2277	0.0	0.037624150135185504	0.0	0.0	0.12039728043259362
3329	0.0	1.0986122886681098	0.27465307216702745	0.3662040962227032	0.0
11059	0.0	0.1791759469228055	0.0	0.0	0.0
33640	0.0	0.3662040962227032	0.0	0.0	0.0
3302	0.0	0.0	0.0	0.0	0.0
9684	0.0	0.0	0.0	0.0	0.0
11049	0.0	0.0	0.0	0.0	0.0
11060	0.0	0.0	0.0	0.0	0.0
8132	0.0	0.6931471805599453	0.0	0.0	0.0
17751	0.0	0.0	0.0	0.0	0.0
8093	0.0	0.0	0.0	0.0	0.0
11101	0.0	1.0367562050127535	0.2310490601866484	0.7489330683884977	0.0
8090	0.0	0.0	0.0	0.0	0.0
17724	0.0	0.0	0.0	0.0	0.0
10027	0.0	0.0	0.0	0.0	0.0
3489	0.0	0.0	0.0	0.0	0.0
3497	0.0	0.0	0.0	0.0	0.0
8443	0.0	0.0	0.0	0.0	0.0
9597	0.0	0.0	0.0	0.0	0.0
9595	0.0	0.0	0.0	0.0	0.0
33300	0.0	0.0	0.0	0.0	0.0
8455	0.0	0.0	0.0	0.0	0.0
8454	0.0	0.0	0.0	0.0	0.0
33323	0.0	0.0	0.0	0.0	0.0
32212	0.0	0.0	0.0	0.0	0.0
8493	0.0	0.0	0.0	0.0	0.0
32224	0.0	0.0	0.0	0.40474476343660226	0.0
9539	0.0	0.0	0.0	0.0	0.0
3417	0.0	0.0	0.0	0.0	0.0
3431	0.0	0.0	0.1831020481113516	0.1831020481113516	0.0
9503	0.0	0.0	0.0	0.0	0.0
9531	0.0	0.0	0.0	0.0	0.0
3459	0.0	0.0	0.0	0.0	0.0
3454	0.0	0.0	0.0	0.0	0.0
17896	0.0	0.0	0.0	0.0	0.0
11430	0.0	0.6931471805599453	0.0	0.0	0.0
3505	0.0	0.0	0.0	0.0	0.0
11410	0.0	0.0	0.0	0.11552453009332421	0.0
11414	0.0	0.0	0.0	0.0	0.0
18970	0.0	0.0	0.0	0.0	0.0
17856	0.0	0.0	0.0	0.0	0.0
40100	0.0	0.0	0.0	0.0	0.0
8403	0.0	0.7324081924454064	0.3662040962227032	0.0	0.27465307216702745
33288	0.0	0.0	0.0	0.0	0.0
2004	0.0	0.0	0.0	0.0	0.0
8321	0.0	0.0	0.0	0.0	0.0
2012	0.0	0.0	0.0	0.0	0.0
33492	0.0	0.0	0.0	0.0	0.0
8305	0.0	0.0	0.0	0.0	0.0
33499	0.0	0.0	0.0	0.0	0.0
9492	0.0	0.0	0.0	0.0	0.0
8342	0.0	0.0	0.0	0.0	0.0
9474	0.0	0.0	0.0	0.0	0.0
9461	0.0	0.0	0.0	0.0	0.0
8334	0.0	0.0	0.0	0.0	0.0
8396	0.0	1.3862943611198906	0.0	0.0	0.0
33417	0.0	0.0	0.0	0.0	0.0
9440	0.0	0.0	0.0	0.0	0.0
8385	0.0	0.0	0.0	0.0	0.0
3515	0.0	0.0	0.0	0.0	0.0
8374	0.0	0.0	0.0	0.15995704166767968	0.0
2084	0.0	0.0	0.0	0.0	0.0
2086	0.0	0.0	0.0	0.0	0.12770640594149768
40098	0.0	0.0	0.0	0.0	0.0
3528	0.0	0.0	0.0	0.0	0.0
38029	0.0	0.0	0.0	0.0	0.0
3582	0.0	0.0	0.0	0.0	0.0
41572	0.0	0.0	0.0	0.0	0.0
2064	0.0	0.0	0.0	0.0	0.0
11247	0.0	0.0	0.0	0.0	0.12602676010180824
9400	0.0	0.0	0.0	0.0	0.0
9404	0.0	0.34176456514617476	0.0	0.0	0.11945063128187033
9401	0.0	0.0	0.2986265782046758	0.0	0.0
11241	0.0	0.0	0.0	0.0	0.0
11340	0.0	0.0	0.0	0.0	0.0
11348	0.0	0.0	0.0	0.0	0.0
11350	0.0	0.0	0.0	0.0	0.0
41550	0.0	0.0	0.0	0.0	0.0
38071	0.0	0.0	0.0	0.0	0.0
38084	0.0	0.0	0.0	0.0	0.0
11318	0.0	0.0	0.0	0.0	0.0
17903	0.0	0.0	0.0	0.0	0.23104906018664842
17925	0.0	0.0	0.0	0.0	0.0
17929	0.0	0.0	0.0	0.0	0.0
17931	0.0	0.0	0.0	0.0	0.0
17970	0.0	0.0	0.0	0.0	0.21972245773362198
43464	0.0	0.0	0.0	0.0	0.0
9304	0.0	0.0	0.0	0.0	0.0
9307	0.0	0.0	0.80471895621705	0.2476058326821693	0.8047189562170501
9327	0.0	1.9459101490553135	0.0	0.6486367163517711	0.15694461266687282
17231	0.0	0.0	0.0	0.0	0.0
9332	0.0	0.0	0.0	0.0	0.0
9356	0.0	0.4134829544372435	0.0	0.44793986730701374	0.0
9364	0.0	0.0	0.0	0.0	0.0
9376	0.0	0.0	0.0	0.0	0.5493061443340549
32430	0.0	0.0	0.0	0.0	0.0
41056	0.0	0.0	0.0	0.0	0.0
9388	0.0	0.19459101490553135	0.0	0.0	0.0
39284	0.0	0.0	0.0	0.0	0.0
3657	0.0	0.0	0.0	0.0	0.0
3670	0.0	0.0	0.0	0.0	0.0
3668	0.0	0.0	0.0	0.0	0.0
18788	0.0	0.0	0.0	0.0	0.0
18782	0.0	0.0	0.0	0.0	0.0
39207	0.0	0.0	0.0	0.0	0.0
48354	0.0	0.5198603854199589	0.0	0.0	0.0
11604	0.0	0.5558206444764315	0.0	0.0	0.0
10559	0.0	0.0	0.0	0.0	0.0
22979	0.0	0.0	0.0	0.0	0.0
11669	0.0	0.0	0.0	0.0	0.0
10509	0.0	0.0	0.0	0.0	0.0
20815	0.0	0.0	0.0	0.0	0.0
11492	0.0	0.0	0.0	0.0	0.0
161	0.0	0.0	0.0	0.0	0.0
11495	0.0	0.5377968889567732	0.1806482348685103	0.18647559728362353	0.12720273979703228
160	0.0	0.0	0.0	0.0	0.0
173	0.0	0.0	0.0	0.0	0.0
20859	0.0	0.0	0.0	0.0	0.0
120	0.0	0.0	0.0	0.0	0.0
134	0.0	0.0	0.0	0.0	0.0
137	0.0	0.19974768884874725	0.33803455035941843	0.23397527211269892	0.0
32588	0.0	0.0	0.0	0.0	0.0
9249	0.0	0.0	0.0	0.0	0.0
9254	0.0	0.0	0.0	0.0	0.0
3796	0.0	0.0	0.0	0.0	0.0
9238	0.0	0.0	0.0	0.0	0.0
9287	0.0	0.0	0.0	0.0	0.0
3791	0.0	0.0	0.0	0.0	0.0
32500	0.0	0.0	0.0	0.0	0.0
3758	0.0	0.0	0.0	0.0	0.0
9278	0.0	0.4605170185988091	0.0	0.0	0.0
3770	0.0	0.0	0.0	0.0	0.0
23929	0.0	0.0	0.0	0.0	0.0
10472	0.0	0.0	0.0	0.0	0.0
23932	0.0	0.0	0.0	0.0	0.0
23935	0.0	0.0	0.0	0.0	0.0
3836	0.0	0.0	0.0	0.0	0.0
9186	0.0	0.0	0.0	0.0	0.0
34721	0.0	0.0	0.0	0.0	0.0
3813	0.0	0.480851517981398	2.639057329615259	0.0	0.23991430269229627
10432	0.0	0.0	0.0	0.0	0.34657359027997264
11509	0.0	0.0	0.0	0.0	0.0
23950	0.0	0.0	0.0	0.0	0.0
11535	0.0	1.0986122886681098	0.0	1.0986122886681098	0.0
34799	0.0	0.0	0.0	0.0	0.0
22857	0.0	0.0	0.0	0.0	0.0
108	0.0	0.0	0.0	0.0	0.0
103	0.0	0.10782289475376927	0.08317766166719343	0.12380291634108465	1.709966238307691
101	0.0	0.3662040962227032	0.0	0.0	0.0
10413	0.0	0.0	0.0	0.0	0.0
11571	0.0	0.0	0.0	0.0	0.0
22812	0.0	0.0	0.0	0.0	0.0
11594	0.0	0.0	0.0	0.0	0.0
18822	0.0	0.0	0.0	0.0	0.0
11590	0.0	0.0	0.0	0.0	0.0
8013	0.0	0.0	0.0	0.0	0.0
43283	0.0	0.0	0.0	0.0	0.0
8009	0.0	0.0	0.0	0.0	0.0
8021	0.0	0.0	0.0	0.0	0.0
17490	0.0	0.0	0.0	0.0	0.0
4974	0.0	0.0	0.0	0.0	0.0
4979	0.0	0.0	0.0	0.0	0.0
4990	0.0	0.0	0.0	0.0	0.0
8085	0.0	0.0	0.0	0.0	0.0
4997	0.0	0.0	0.0	0.0	0.0
10293	0.0	0.0	0.0	0.0	0.0
9140	0.0	0.0	0.0	0.0	0.0
9149	0.0	0.0	0.0	0.0	0.0
3887	0.0	0.0	0.0	0.0	0.0
3002	0.0	0.0	0.0	0.0	0.0
9159	0.0	0.0	0.0	0.0	0.0
3025	0.0	0.0	0.0	0.0	0.0
10276	0.0	0.0	0.0	0.0	0.0
9166	0.0	0.0	0.0	0.0	0.0
9170	0.0	0.0	0.0	0.0	0.0
10288	0.0	0.0	0.0	0.0	0.0
3053	0.0	0.0	0.0	0.0	0.0
3039	0.0	0.0	0.0	0.0	0.0
32659	0.0	0.0	0.0	0.0	0.0
41286	0.0	0.0	0.0	0.0	0.0
8002	0.0	0.0	0.0	0.0	0.0
3926	0.0	0.0	0.0	0.0	0.0
3925	0.0	0.0	0.0	0.0	0.0
11864	0.0	0.0	0.0	0.0	0.0
3091	0.0	0.0	0.0	0.0	0.0
3914	0.0	0.0	0.0	0.0	0.0
10320	0.0	0.0	0.0	0.0	0.0
3947	0.0	0.0	0.0	0.0	0.0
9071	0.0	0.0	0.0	0.0	0.0
9077	0.0	0.0	0.0	0.0	0.0
9076	0.0	0.0	0.0	0.0	0.0
10380	0.0	0.0	0.0	0.0	0.0
11825	0.0	0.0	0.0	0.0	0.0
3950	0.0	0.0	0.24413606414846883	0.0	0.0
10364	0.0	0.0	0.0	0.0	0.0
9092	0.0	0.0	0.0	0.0	0.0
10361	0.0	0.0	0.0	0.0	0.0
9083	0.0	0.0	0.0	0.0	0.0
9082	0.0	0.0	0.0	0.0	0.0
35955	0.0	0.7540163798900739	0.0	0.0	0.0
10303	0.0	0.0	0.0	0.0	0.0
22758	0.0	0.0	0.0	0.0	0.0
33896	0.0	0.0	0.0	0.0	0.0
3110	0.0	0.0	0.0	0.0	0.0
3156	0.0	0.0	0.0	0.0	0.0
10157	0.0	0.0	0.0	0.22991970177630003	0.20117973905426254
10163	0.0	0.0	0.0	0.0	0.0
32759	0.0	0.07701635339554948	0.11552453009332421	0.2772588722239781	0.0
9052	0.0	0.0	0.0	0.0	0.0
9029	0.0	0.0	0.0	0.0	0.0
9020	0.0	0.0	0.0	0.0	0.0
3113	0.0	0.0	0.0	0.0	0.0
3116	0.0	0.0	0.0	0.0	0.0
3121	0.0	0.0	0.0	0.0	0.0
18678	0.0	0.0	0.0	0.0	0.0
3198	0.0	0.0	0.0	0.0	0.0
3190	0.0	0.0	0.0	0.0	0.0
9005	0.0	0.0	0.0	0.0	0.0
3179	0.0	0.0	0.0	0.0	0.0
10206	0.0	0.0	0.12206803207423442	0.0	0.0
39115	0.0	0.0	0.0	0.0	0.0
39101	0.0	0.24323876863191418	0.0	0.0	0.0
10220	0.0	0.0	0.0	0.0	0.0
18668	0.0	0.0	0.0	0.0	0.0
10217	0.0	0.0	0.0	0.0	0.0
22663	0.0	0.0	0.0	0.0	0.0
10213	0.0	0.0	0.0	0.0	0.0
10260	0.0	0.0	0.0	0.0	0.0
17533	0.0	0.0	0.0	0.0	0.0
17558	0.0	0.0	0.0	0.0	0.0
11786	0.0	0.0	0.0	0.0	0.0
11784	0.0	0.0	0.0	0.0	0.0
530	0.0	0.5885355178502067	0.8296273510393173	0.19459101490553135	0.0
533	0.0	0.0	0.0	0.0	0.0
1820	0.0	0.0	0.0	0.0	0.0
536	0.0	0.0	0.0	0.0	0.0
20441	0.0	0.0	0.0	0.0	0.0
1810	0.0	0.0	0.0	0.0	0.0
1812	0.0	0.0	0.0	0.0	0.0
1813	0.0	0.0	0.0	0.0	0.0
1815	0.0	0.46741551371166656	0.0	0.0716703787691222	0.0
1840	0.0	0.20147891755037844	0.0	0.25596563846115067	0.2986265782046758
1847	0.0	0.0	0.0	0.0	0.0
1848	0.0	0.0	0.0	0.0	0.0
1831	0.0	0.0	0.0	0.0	0.0
523	0.0	0.0	0.0	0.0	0.0
526	0.0	0.3662040962227032	0.0	0.31388922533374564	0.0
2992	0.0	0.0	0.0	0.0	0.0
2991	0.0	0.0	0.0	0.0	0.0
584	0.0	0.0	0.0	0.0	0.0
20418	0.0	0.0	0.0	0.0	0.0
1806	0.0	0.0	0.0	0.0	0.0
1804	0.0	0.0	0.0	0.0	0.0
1803	0.0	0.39986454122102444	0.24141568686511505	0.833051127543801	0.18483924814931874
8918	0.0	0.0	0.0	0.0	0.0
564	0.0	0.0	0.0	0.0	0.0
21963	0.0	0.0	0.0	0.0	0.0
1895	0.0	0.0	0.0	0.0	0.0
8934	0.0	0.0	0.0	0.0	0.0
19152	0.0	0.0	0.0	0.0	0.0
6800	0.0	0.0	0.0	0.0	0.0
8950	0.0	1.1064549872318044	1.2201393573176391	0.5866530060006256	0.5351283408348846
8964	0.0	0.0	0.0	0.0	0.0
2914	0.0	0.0	0.0	0.0	0.0
8966	0.0	0.0	0.0	0.0	0.0
1860	0.0	0.0	0.0	0.0	0.0
6827	0.0	0.0	0.0	0.0	0.0
8975	0.0	0.0	0.0	0.47220222400936934	0.16566044331920002
1858	0.0	0.0	0.0	0.0	0.0
4703	0.0	0.0	0.0	0.0	0.0
1883	0.0	0.0	0.0	0.0	0.0
4718	0.0	0.13862943611198905	0.0	0.6931471805599453	0.0
1877	0.0	0.0	0.0	0.0	0.0
6856	0.0	0.0	0.0	0.0	0.0
32986	0.0	0.0	0.0	0.0	0.0
32988	0.0	0.0	0.0	0.0	0.0
18496	0.0	0.0	0.0	0.0	0.0
4605	0.0	0.0	0.0	0.0	0.0
4634	0.0	0.0	0.0	0.0	0.0
21934	0.0	0.0	0.0	0.0	0.0
21938	0.0	0.29706307738283366	0.0	0.0	0.6931471805599452
21955	0.0	0.0	0.0	0.0	0.0
18433	0.0	0.0	0.0	0.0	0.0
4694	0.0	0.5994738181995927	0.0	0.6851129350852487	0.0
592	0.0	0.0	0.0	0.0	0.0
16033	0.0	0.0	0.0	0.0	0.0
16013	0.0	0.0	0.0	0.0	0.0
1726	0.0	0.0	0.0	0.0	0.0
6767	0.0	1.2718990838080961	0.0	0.0	0.09241962407465937
1723	0.0	0.0	0.0	0.0	0.0
20589	0.0	0.0	0.0	0.0	0.0
6779	0.0	0.0	0.0	0.0	0.0
402	0.0	0.0	0.0	0.0	0.0
6751	0.0	0.0	0.0	0.0	0.0
413	0.0	0.0	0.0	0.0	0.0
411	0.0	0.0	0.0	0.0	0.0
431	0.0	0.0	0.0	0.0	0.0
448	0.0	0.0	0.0	0.0	0.0
6793	0.0	0.13862943611198905	0.0	0.0	0.0
2874	0.0	0.0	0.0	0.0	0.0
20521	0.0	0.0	0.0	0.0	0.0
2869	0.0	0.0	0.0	0.0	0.0
1797	0.0	0.0	0.0	0.0	0.0
1786	0.0	0.0	0.0	0.0	0.0
1787	0.0	0.0	0.0	0.0	0.0
1777	0.0	0.0	0.0	0.0	0.0
1775	0.0	0.0	0.0	0.0	0.0
1770	0.0	0.0	0.0	0.0	0.0
1755	0.0	0.0	0.0	0.0	0.0
6738	0.0	0.0	0.0	0.0	0.0
6704	0.0	0.0	0.0	0.0	0.0
1740	0.0	0.0	0.0	0.0	0.0
1746	0.0	0.0	0.0	0.0	0.0
6708	0.0	0.0	0.0	0.2310490601866484	0.0
19061	0.0	0.13732653608351372	0.0	0.0	0.0
19062	0.0	0.0	0.0	0.0	0.0
1737	0.0	0.0	0.26643280808870784	0.21486819953946773	0.0
4559	0.0	0.0	0.0	0.0	0.0
18316	0.0	0.0	0.0	0.0	0.0
43893	0.0	0.0	0.0	0.0	0.0
18330	0.0	0.0	0.0	0.0	0.0
479	0.0	0.0	0.0	0.0	0.0
2783	0.0	0.0	0.0	0.0	0.0
4578	0.0	0.0	0.0	0.0	0.0
4575	0.0	0.0	0.0	0.0	0.0
42346	0.0	0.0	0.0	0.0	0.0
51353	0.0	0.0	0.0	0.0	0.0
20642	0.0	0.0	0.0	0.0	0.0
16208	0.0	0.0	0.0	0.0	0.0
20648	0.0	0.0	0.0	0.0	0.0
19324	0.0	0.0	0.0	0.0	0.0
20657	0.0	0.0	0.0	0.0	0.0
326	0.0	0.0	0.0	0.0	0.0
301	0.0	0.0	0.0	0.0	0.0
306	0.0	0.0	0.0	0.0	0.0
1605	0.0	0.5176888853725001	0.0	0.20707555414900003	0.5324799963831429
1606	0.0	0.0	0.0	0.0	0.0
4925	0.0	0.0	0.0	0.0	0.0
4924	0.0	0.0	0.0	0.0	0.0
1616	0.0	0.0	0.0	0.0	0.0
1619	0.0	0.0	0.0	0.0	0.0
4935	0.0	0.0	0.0	0.0	0.0
1645	0.0	0.0	0.0	0.0	0.0
1639	0.0	0.0	0.0	0.0	0.0
4959	0.0	0.0	0.0	0.0	0.0
4955	0.0	0.0	0.0	0.0	0.0
1661	0.0	0.0	0.0	0.0	0.0
19393	0.0	0.0	0.0	0.0	0.0
1660	0.0	0.0	0.0	0.0	0.0
1653	0.0	0.0	0.0	0.0	0.0
1654	0.0	0.0	0.0	0.0	0.0
1681	0.0	0.6486367163517711	0.0	0.0	0.0
53301	0.0	0.0	0.0	0.0	0.0
1672	0.0	0.0	0.0	0.0	0.0
4917	0.0	0.0	0.0	0.0	0.0
1584	0.0	0.0	0.0	0.0	0.0
1592	0.0	0.2803360380906535	0.0	0.2878231366242557	1.0397207708399179
1598	0.0	0.0	0.0	0.0	0.0
4840	0.0	0.0	0.0	0.0	0.0
4883	0.0	0.0	0.0	0.0	0.0
4881	0.0	0.0	0.0	0.0	0.0
17182	0.0	0.0	0.916290731874155	0.0	0.0
18232	0.0	0.0	0.0	0.0	0.0
14029	0.0	0.0	0.0	0.0	0.0
17170	0.0	0.2094767241133467	0.4352475352401136	0.086255121693731	0.12824746787307684
5944	0.0	0.0	0.0	0.0	0.0
17166	0.0	0.0	0.0	0.0	0.0
42461	0.0	0.0	0.0	0.0	0.0
5969	0.0	0.0	0.0	0.0	0.0
395	0.0	0.0	0.0	0.0	0.0
5957	0.0	0.0	0.0	0.0	0.0
5989	0.0	0.0	0.0	0.0	0.0
388	0.0	0.0	0.0	0.0	0.0
385	0.0	0.0	0.0	0.0	0.0
371	0.0	0.0	0.0	0.0	0.0
5977	0.0	0.0	0.0	0.0	0.0
375	0.0	0.0	0.0	0.0	0.0
367	0.0	0.0	0.0	0.0	0.0
14037	0.0	0.0	0.0	0.0	0.0
355	0.0	0.0	0.0	0.0	0.0
14033	0.0	0.0	0.0	0.0	0.0
200	0.0	0.0	0.0	0.0	0.0
216	0.0	0.0	0.0	0.0	0.0
223	0.0	0.0	0.0	0.0	0.0
20765	0.0	0.0	0.0	0.0	0.0
42527	0.0	0.0	0.0	0.0	0.0
5922	0.0	0.7948707219021451	0.5233659494470922	0.2970414465569701	1.0789817827253791
5920	0.0	0.3868643144431728	0.0	0.0	0.0
6990	0.0	0.0	0.0	0.0	0.0
20792	0.0	0.0	0.0	0.0	0.0
51157	0.0	0.0	0.0	0.0	0.0
4822	0.0	0.0	0.0	0.0	0.0
4823	0.0	0.23104906018664842	0.0	0.0	0.0
1529	0.0	0.0	0.0	0.0	0.0
1501	0.0	0.0	0.0	0.0	0.0
4818	0.0	0.0	0.0	0.0	0.0
1562	0.0	0.0	0.0	0.0	0.0
1565	0.0	0.28401845513542945	0.10058986952713127	0.0	0.0
1561	0.0	0.0	0.0	0.0	0.0
21875	0.0	0.20831155393093925	0.20831155393093925	0.0	0.0
21844	0.0	0.0	0.0	0.0	0.0
6905	0.0	0.0	0.0	0.0	0.0
1545	0.0	0.0	0.0	0.0	0.0
1539	0.0	0.0	0.0	0.0	0.0
1531	0.0	0.0	0.0	0.0	0.0
1532	0.0	0.0	0.0	0.0	0.0
6913	0.0	0.0	0.0	0.0	0.0
1489	0.0	0.0	0.0	0.0	0.0
1494	0.0	0.0	0.0	0.0	0.0
1466	0.0	0.6608294604769865	0.20796592483867923	0.2626456422734228	0.06516193076042964
1465	0.0	0.34657359027997264	0.0	0.0	0.0
5898	0.0	0.0	0.0	0.0	0.0
1464	0.0	0.15694461266687282	0.0	0.0	0.0
1463	0.0	0.0	0.0	0.0	0.0
1470	0.0	0.0	0.0	0.0	0.0
18111	0.0	0.0	0.0	0.0	0.0
4733	0.0	1.0225294665619982	0.11151953728093637	0.2564949357461537	0.3688816724622529
4721	0.0	0.0	0.0	0.0	0.0
18131	0.0	0.1552386664479564	0.0	0.0	0.0
282	0.0	0.0	0.0	0.26276106889965134	0.0
5848	0.0	0.0	0.0	0.0	0.0
5847	0.0	0.0	0.0	0.0	0.0
5845	0.0	0.0	0.0	0.0	0.0
274	0.0	0.0	0.10658767080545915	0.0	0.0
16160	0.0	0.0	0.0	0.0	0.0
27916	0.0	0.0	0.0	0.0	0.0
292	0.0	0.0	0.0	0.0	0.0
16151	0.0	0.0	0.0	0.0	0.0
5818	0.0	0.0	0.0	0.0	0.0
5890	0.0	0.0	0.0	0.0	0.0
5894	0.0	0.0	0.0	0.0	0.0
5893	0.0	0.0	0.0	0.0	0.0
247	0.0	0.0	0.0	0.0	0.0
5880	0.0	0.0	0.0	0.0	0.0
234	0.0	0.0	0.0	0.0	0.0
17012	0.0	0.0	0.0	0.0	0.0
5857	0.0	0.0	0.0	0.0	0.0
1415	0.0	0.0	0.0	0.0	0.0
942	0.0	0.0	0.0	0.0	0.0
1426	0.0	0.0	0.0	0.0	0.0
931	0.0	0.40235947810852507	0.0	0.0	0.0
1435	0.0	0.39250174593849374	0.6018196521073707	0.0	0.5877267541026936
1439	0.0	0.23104906018664842	0.0	0.0	0.0
919	0.0	0.5736361317891385	0.4056854058938638	0.3106107841252204	0.18100536322341568
1440	0.0	0.0	0.0	0.0	0.0
914	0.0	0.0	0.0	0.0	0.0
15322	0.0	0.0	0.0	0.0	0.0
907	0.0	0.0	0.0	0.0	0.0
1450	0.0	0.0	0.0	0.0	0.0
984	0.0	0.5535090476517173	0.0	0.6325015439827387	0.24438951146557114
975	0.0	0.0	0.0	0.0	0.0
8517	0.0	0.0	0.0	0.0	0.0
15377	0.0	0.0	0.0	0.0	0.0
1409	0.0	0.0	0.0	0.0	0.0
8505	0.0	0.0	0.0	0.0	0.0
1401	0.0	0.0	0.0	0.0	0.0
1403	0.0	0.0	0.0	0.0	0.0
27704	0.0	0.0	0.0	0.0	0.0
21568	0.0	0.0	0.0	0.0	0.0
19540	0.0	0.0	0.0	0.0	0.0
21565	0.0	0.0	0.0	0.0	0.17882643471490003
995	0.0	0.0	0.0	0.0	0.0
993	0.0	0.0	0.0	0.13732653608351372	0.0
19590	0.0	0.0	0.0	0.0	0.0
2503	0.0	0.0	0.0	0.0	0.0
28888	0.0	0.0	0.0	0.0	0.0
2519	0.0	0.0	0.0	0.0	0.0
19561	0.0	0.0	0.0	0.0	0.0
2435	0.0	0.0	0.0	0.0	0.0
2433	0.0	0.0	0.0	0.0	0.0
18092	0.0	0.0	0.0	0.0	0.0
5745	0.0	0.0	0.0	0.0	0.0
18074	0.0	0.0	0.0	0.0	0.0
18079	0.0	0.0	0.0	0.0	0.0
5763	0.0	0.0	0.0	0.0	0.0
2442	0.0	0.0	0.0	0.0	0.0
2449	0.0	0.0	0.0	0.0	0.0
4254	0.0	0.0	0.0	0.0	0.0
18053	0.0	0.0	0.0	0.0	0.0
19511	0.0	0.0	0.0	0.0	0.0
4268	0.0	0.0	0.0	0.0	0.0
4271	0.0	0.0	0.0	0.0	0.0
4276	0.0	0.0	0.0	0.0	0.0
2489	0.0	0.0	0.0	0.0	0.0
5724	0.0	0.0	0.0	0.0	0.0
4287	0.0	0.0	0.0	0.4398428882692098	0.0
1395	0.0	0.0	0.0	0.0	0.0
1387	0.0	0.0	0.0	0.0	0.0
1376	0.0	0.0	0.0	0.31061333122350004	0.0
8561	0.0	0.0	0.0	0.0	0.0
8558	0.0	0.16901727517970921	0.0	0.0	0.0
1352	0.0	0.0	0.0	0.0	0.0
8576	0.0	0.0	0.0	0.0	0.0
1349	0.0	0.0	0.0	0.0	0.0
5778	0.0	0.0	0.0	0.0	0.0
5792	0.0	0.0	0.0	0.0	0.0
5787	0.0	0.0	0.0	0.0	0.0
5799	0.0	0.0	0.0	0.0	0.0
1369	0.0	0.0	0.0	0.0	0.0
1361	0.0	0.0	0.0	0.0	0.0
804	0.0	0.0	0.0	0.0	0.0
15213	0.0	0.0	0.0	0.0	0.0
1330	0.0	0.0	0.0	0.0	0.0
19488	0.0	0.0	0.0	0.0	1.6094379124341003
822	0.0	0.0	0.0	0.0	0.0
829	0.0	0.0	0.0	0.0	0.0
816	0.0	0.0	0.0	0.0	0.0
1301	0.0	0.0	0.0	0.0	0.0
21603	0.0	0.0	0.0	0.0	0.0
843	0.0	0.0	0.0	0.0	0.0
847	0.0	0.0	0.0	0.0	0.0
846	0.0	0.0	0.0	0.0	0.0
8639	0.0	0.3465735902799726	0.0	0.0	0.0
20142	0.0	0.0	0.0	0.0	0.0
20148	0.0	0.0	0.0	0.0	0.0
28708	0.0	0.0	0.0	0.0	0.0
21655	0.0	0.0	0.0	0.0	0.0
859	0.0	0.0	0.0	0.0	0.0
20115	0.0	0.0	0.0	0.0	0.0
19413	0.0	0.0	0.0	0.0	1.0986122886681098
19410	0.0	0.0	0.0	0.0	0.0
887	0.0	0.0	0.0	0.0	0.0
16339	0.0	0.09266238805025302	0.0	0.0	0.0
877	0.0	0.0	0.0	0.0	0.0
19432	0.0	0.0	0.2162122387839237	0.0	0.0
4183	0.0	0.0	0.0	0.0	0.0
892	0.0	0.0	0.0	0.0	0.0
2408	0.0	0.0	0.0	0.0	0.0
44998	0.0	0.0	0.0	0.0	0.0
2413	0.0	0.0	0.0	0.0	0.0
2411	0.0	0.0	0.0	0.0	0.0
2417	0.0	0.0	0.0	0.0	0.0
16328	0.0	0.0	0.0	0.0	0.0
19478	0.0	0.0	0.0	0.0	0.0
16315	0.0	0.0	0.0	0.0	0.0
4113	0.0	0.0	0.0	0.0	0.0
12019	0.0	0.0	0.0	0.0	0.0
2329	0.0	0.0	0.06601401719618526	0.0	0.0
2321	0.0	0.0	0.0	0.0	0.0
4117	0.0	0.0	0.0	0.0	0.0
2331	0.0	0.0	0.0	0.0	0.0
2318	0.0	0.5770036899740668	0.4022019669065273	0.44081353240163484	0.21231438350704815
2315	0.0	0.0	0.0	0.0	0.0
2307	0.0	0.0	0.0	0.23488549568239442	0.08595590740141305
2304	0.0	0.0	0.0	0.0	0.0
5623	0.0	0.0	0.0	0.0	0.0
2302	0.0	0.0	0.0	0.1918820910828371	0.6277784506674913
2379	0.0	0.0	0.0	0.0	0.0
2376	0.0	0.0	0.0	0.0	0.0
4156	0.0	0.0	0.0	0.0	0.0
2367	0.0	0.0	0.0	0.0	0.0
5609	0.0	0.0	0.0	0.0	0.0
4164	0.0	0.0	0.0	0.0	0.0
2359	0.0	0.0	0.0	0.042254318794927304	0.11039437333422555
2358	0.0	0.0	0.0	0.8047189562170501	0.0
4126	0.0	0.0	0.0	0.0	0.0
4134	0.0	0.0	0.0	0.0	0.0
4135	0.0	0.0	0.8047189562170501	0.0	0.0
2348	0.0	0.0	0.0	0.0	0.0
2349	0.0	0.0	0.0	0.0	0.0
1299	0.0	0.0	0.0	0.0	0.0
2352	0.0	0.0	0.0	0.0	0.0
1293	0.0	0.44793986730701374	0.0	0.0	0.0
1294	0.0	0.0	0.0	0.0	0.0
12096	0.0	0.3258096538021482	0.47804677680170704	0.0	0.0
12097	0.0	0.528644838821467	0.29322859217947317	0.0	0.10203535619930038
1276	0.0	0.0	0.0	0.0	0.0
8653	0.0	0.0	0.0	0.0	0.0
1268	0.0	0.0	0.0	0.0	0.0
1260	0.0	0.0	0.0	0.0	0.0
1246	0.0	0.0	0.0	0.0	0.0
5694	0.0	0.0	0.0	0.0	0.0
1241	0.0	0.0	0.0	0.0	0.0
1233	0.0	0.0	0.0	0.0	0.0
8695	0.0	0.0	0.0	0.0	0.0
8696	0.0	0.0	0.0	0.0	0.0
5657	0.0	0.0	0.0	0.0	0.0
1222	0.0	0.0	0.0	0.0	0.0
1215	0.0	0.0	0.0	0.0	0.0
1210	0.0	0.0	0.0	0.0	0.0
906	0.0	0.0	0.0	0.0	0.0
1219	0.0	0.0	0.46209812037329684	0.0	0.0
8757	0.0	0.0	0.0	0.0	0.0
721	0.0	0.0	0.0	0.25541281188299536	0.0
21307	0.0	0.0	0.2520535202036165	0.0	0.0
711	0.0	0.0	0.0	0.0	0.0
710	0.0	0.0	0.0	0.0	0.0
704	0.0	0.0	0.0	0.0	0.0
27557	0.0	0.0	0.0	0.0	0.0
8721	0.0	0.0	0.0	0.0	0.0
8711	0.0	0.0	0.0	0.0	0.0
1205	0.0	0.14968539608117798	0.08845046132069607	0.0	0.0
1200	0.0	0.0	0.0	0.0	0.0
16687	0.0	0.0	0.0	0.27465307216702745	0.0
27515	0.0	0.0	0.0	0.0	0.0
2768	0.0	0.0	0.0	0.0	0.0
42869	0.0	0.0	0.0	0.0	0.0
21383	0.0	0.0	0.0	0.0	0.0
794	0.0	0.0	0.0	0.0	0.0
792	0.0	0.0	0.0	0.0	0.16215917908794278
54805	0.0	0.0	0.0	0.0	0.0
9825	0.0	0.0	0.0	0.0	0.0
42840	0.0	0.0	0.0	0.0	0.0
21337	0.0	0.0	0.0	0.0	0.0
20205	0.0	0.0	0.0	0.0	0.0
773	0.0	0.0	0.0	0.0	0.0
2711	0.0	0.0	0.0	0.0	0.0
2722	0.0	0.0	0.0	0.0	0.0
766	0.0	0.0	0.0	0.0	0.0
19770	0.0	0.0	0.0	0.0	0.0
9837	0.0	0.0	0.0	0.0	0.0
9835	0.0	0.0	0.0	0.0	0.0
9834	0.0	0.0	0.0	0.0	0.0
757	0.0	0.40546510810816444	0.036860464373469494	0.0	0.0810930216216329
21343	0.0	0.0	0.0	0.0	0.0
1192	0.0	0.0	0.0	0.0	0.0
4491	0.0	0.0	0.0	0.0	0.0
19749	0.0	0.0	0.0	0.0	0.0
9867	0.0	0.0	0.0	0.0	0.0
9884	0.0	0.0	0.0	0.0	0.0
9883	0.0	0.0	0.0	0.0	0.0
9878	0.0	0.0	0.0	0.0	0.0
19710	0.0	0.0	0.0	0.0	0.0
12169	0.0	0.0	0.0	0.0	0.0
2662	0.0	0.0	0.0	0.0	0.0
12145	0.0	0.0	0.0	0.0	0.0
4487	0.0	0.0	0.0	0.0	0.0
4479	0.0	0.0	0.0	0.0	0.0
1102	0.0	0.0	0.0	0.0	0.0
5535	0.0	0.0	0.0	0.0	0.0
4418	0.0	0.0	0.0	0.0	0.0
4428	0.0	0.0	0.0	0.0	0.0
1131	0.0	0.0	0.0	0.0	0.0
5567	0.0	0.0	0.0	0.0	0.0
4442	0.0	0.0	0.0	0.0	0.0
5586	0.0	0.0	0.0	0.0	0.0
5584	0.0	0.0	0.0	0.0	0.0
1135	0.0	0.0	0.0	0.0	0.0
15197	0.0	0.0	0.0	0.0	0.0
8784	0.0	0.0	0.0	0.0	0.0
8788	0.0	0.0	0.0	0.0	0.0
5596	0.0	0.0	0.0	0.0	0.0
5592	0.0	0.0	0.0	0.0	0.0
1167	0.0	0.0	0.0	0.0	0.0
1172	0.0	0.0	0.0	0.0	0.0
1176	0.0	0.0	0.0	0.0	0.0
1156	0.0	0.0	0.0	0.0	0.0
1164	0.0	0.0	0.0	0.0	0.0
15016	0.0	0.0	0.0	0.0	0.0
20381	0.0	0.0	0.0	0.0	0.0
15008	0.0	0.0	0.0	0.0	0.0
26003	0.0	0.0	0.0	0.0	0.0
21416	0.0	0.0	0.0	0.0	0.0
21415	0.0	0.0	0.0	0.0	0.0
623	0.0	0.0	0.0	0.0	0.0
629	0.0	0.0	0.0	0.0	0.0
28922	0.0	0.0	0.0	0.0	0.0
21408	0.0	0.0	0.0	0.0	0.0
613	0.0	0.0	0.0	0.0	0.0
16507	0.0	0.0	0.0	0.0	0.0
8834	0.0	0.0	0.0	0.0	0.0
8831	0.0	0.0	0.0	0.0	0.0
26012	0.0	0.0	0.0	0.0	0.0
20397	0.0	0.0	0.0	0.0	0.0
684	0.0	0.0	0.0	0.0	0.0
677	0.0	0.0	0.0	0.0	0.0
2657	0.0	0.0	0.0	0.0	0.0
671	0.0	0.0	0.0	0.0	0.0
2661	0.0	0.0	0.0	0.0	0.0
2621	0.0	0.0	0.0	0.0	0.0
2623	0.0	0.0	0.0	0.0	0.0
2629	0.0	0.6269752549854646	0.5226604099995235	0.7705281631186668	0.323494634687929
2626	0.0	0.0	0.0	0.0	0.0
9900	0.0	0.0	0.0	0.0	0.0
699	0.0	0.0	0.0	0.0	0.0
16556	0.0	0.0	0.0	0.0	0.0
2608	0.0	0.7992984242661235	0.0	0.0	0.0
2604	0.0	0.0	0.0	0.0	0.0
2600	0.0	0.0	0.0	0.0	0.0
19656	0.0	0.0	0.0	0.0	0.0
12303	0.0	0.0	0.0	0.0	0.0
2619	0.0	0.0	0.0	0.0	0.0
2617	0.0	0.0	0.0	0.0	0.0
2611	0.0	0.0	0.0	0.0	0.0
20333	0.0	0.0	0.0	0.0	0.0
12324	0.0	0.0	0.0	0.0	0.0
658	0.0	0.0	0.0	0.0	0.0
20310	0.0	0.0	0.0	0.0	0.0
12313	0.0	0.0	0.0	0.0	0.0
64299	0.0	0.0	0.0	0.0	0.5493061443340549
4392	0.0	0.12268495746526836	0.21031706994046004	0.24536991493053673	0.14722194895832205
1094	0.0	0.0	0.0	0.0	0.0
1082	0.0	0.0	0.0	0.0	0.0
1078	0.0	0.0	0.0	0.0	0.0
4370	0.0	0.0	0.0	0.0	0.0
2598	0.0	0.0	0.0	0.0	0.0
4381	0.0	0.0	0.0	0.0	0.0
1059	0.0	0.0	0.0	0.0	0.0
2578	0.0	0.0	0.0	0.0	0.0
2563	0.0	1.1399774922051273	0.02703100720721096	0.12974883459461262	0.05406201441442192
2565	0.0	0.0	0.0	0.0	0.0
2566	0.0	0.0	0.0	0.0	0.0
2561	0.0	0.7920342426243299	0.602969389174025	0.6216933450796808	0.6892077894143477
12279	0.0	0.0	0.1771219302303112	0.0	0.6578814551411558
2555	0.0	0.0	0.0	0.0	0.0
2541	0.0	0.348876529241522	0.0	0.0	0.0
1004	0.0	0.0	0.0	0.16941451709832633	0.0
15088	0.0	0.0	0.0	0.0	0.0
5448	0.0	0.0	0.0	0.0	0.0
26064	0.0	0.0	0.0	0.0	0.0
1047	0.0	0.23317721431468516	0.0	0.5994738181995927	0.11552453009332421
1039	0.0	0.0	0.0	0.0	0.0
1043	0.0	0.0	0.0	0.0	0.0
8888	0.0	0.0	0.0	0.0	0.0
5464	0.0	0.0	0.0	0.0	0.0
8897	0.0	0.0	0.0	0.0	0.0
5473	0.0	0.0	0.0	0.12972734327035423	0.0
6095	0.0	0.0	0.0	0.0	0.0
14678	0.0	0.0	0.0	0.0	0.0
6085	0.0	0.0	0.0	0.0	0.0
36225	0.0	0.0	0.0	0.0	0.0
6079	0.0	0.0	0.11552453009332421	0.0	0.0
5336	0.0	0.0	0.0	0.0	0.0
5337	0.0	0.0	0.0	0.0	0.0
14631	0.0	0.0	0.0	0.0	0.0
5308	0.0	0.0	0.0	0.0	0.0
26177	0.0	0.0	0.0	0.0	0.0
7561	0.0	0.0	0.0	0.0	0.0
13550	0.0	0.0	0.0	0.0	0.0
13543	0.0	0.0	0.0	0.0	0.0
13571	0.0	0.0	0.0	0.0	0.0
13568	0.0	0.0	0.0	0.0	0.0
28493	0.0	0.0	0.0	0.0	0.0
13597	0.0	0.0	0.0	0.0	0.0
28482	0.0	0.0	0.0	0.0	0.0
21081	0.0	0.0	0.0	0.0	0.0
21089	0.0	0.0	0.08125368735398626	0.061273272430874895	0.09363270665691933
15827	0.0	0.0	0.0	0.0	0.0
15821	0.0	0.0	0.0	0.0	0.0
21108	0.0	0.0	0.0	0.0	0.0
30619	0.0	0.0	0.0	0.0	0.0
28446	0.0	0.0	0.0	0.0	0.0
25001	0.0	0.46209812037329684	0.3662040962227032	0.0	0.0
25070	0.0	0.0	0.0	0.0	0.0
21157	0.0	0.0	0.0	0.0	0.0
13632	0.0	0.0	0.0	0.0	0.0
13647	0.0	0.5692586479913453	0.6852100059813002	0.0	0.6301338005090411
28400	0.0	0.0	0.0	0.0	0.0
30639	0.0	0.0	0.0	0.0	0.0
13658	0.0	0.0	0.0	0.0	0.0
7537	0.0	0.0	0.0	0.0	0.0
16850	0.0	0.6486367163517711	0.0	0.5493061443340549	0.24323876863191418
16854	0.0	0.0	0.0	0.0	0.0
26157	0.0	0.0	0.0	0.0	0.0
7534	0.0	0.0	0.0	0.0	0.0
5380	0.0	0.0	0.0	0.0	0.0
16830	0.0	0.0	0.0	0.0	0.0
27347	0.0	0.0	0.0	0.0	0.0
5391	0.0	0.665718283011998	0.0	0.0	0.17328679513998632
7493	0.0	0.0	0.0	0.0	0.0
7485	0.0	0.6575623467412186	0.2289726028831029	0.23104906018664842	0.06707875940902695
5221	0.0	0.0	0.0	0.0	0.0
24088	0.0	0.0	0.0	0.15694461266687282	0.0
5257	0.0	0.20932591754491323	0.0	0.0	0.0
14556	0.0	0.0	0.0	0.0	0.0
27296	0.0	0.0	0.0	0.0	0.0
14542	0.0	0.0	0.0	0.0	0.0
7451	0.0	0.0	0.0	0.0	0.0
24045	0.0	0.0	0.0	0.0	0.0
5205	0.0	0.0	0.0	0.0	0.0
7469	0.0	0.0	0.0	0.0	0.0
24052	0.0	0.0	0.0	0.0	0.0
24051	0.0	0.0	0.0	0.0	0.0
7467	0.0	0.0	0.0	0.0	0.0
36178	0.0	0.0	0.0	0.0	0.0
13446	0.0	0.0	0.0	0.0	0.0
21193	0.0	0.0	0.0	0.0	0.0
13433	0.0	0.0	0.0	0.0	0.0
13422	0.0	0.0	0.0	0.0	0.0
13496	0.0	0.0	0.0	0.0	0.0
13483	0.0	0.0	0.0	0.0	0.0
28362	0.0	0.0	0.0	0.0	0.0
15709	0.0	0.0	0.0	0.0	0.0
13470	0.0	0.0	0.0	0.0	0.0
15623	0.0	0.22991970177630003	0.16094379124341004	0.09467281837847649	0.14631253749400913
28311	0.0	0.0	0.0	0.0	0.0
21223	0.0	0.0	0.0	0.0	0.0
26202	0.0	0.0	0.0	0.0	0.0
30745	0.0	0.0	0.0	0.0	0.0
15666	0.0	0.0	0.0	0.0	0.0
21242	0.0	0.0	0.0	0.0	0.0
25170	0.0	0.0	0.0	0.0	0.0
30776	0.0	0.3218875824868201	0.0	0.0	0.0
25188	0.0	0.0	0.0	0.0	0.0
15651	0.0	0.3464045857842871	0.32715988657404893	0.21972245773362198	0.0
26266	0.0	0.0	0.0	0.0	0.0
16754	0.0	0.0	0.0	0.0	0.0
26257	0.0	0.19804205158855578	0.0	0.0	0.1252762968495368
27213	0.0	0.0	0.0	0.0	0.0
7414	0.0	0.0	0.0	0.0	0.0
16732	0.0	0.0	0.0	0.0	0.0
15693	0.0	0.0	0.7992984242661235	0.0	0.0
7429	0.0	0.0	0.0	0.0	0.0
5258	0.0	0.0	0.0	0.0	0.0
16715	0.0	0.0	0.0	0.0	0.0
5268	0.0	0.0	0.0	0.0	0.0
26228	0.0	0.0	0.0	0.0	0.0
5276	0.0	0.0	0.0	0.0	0.0
16728	0.0	0.0	0.0	0.0	0.0
5281	0.0	0.0	0.0	0.0	0.0
26232	0.0	0.0	0.0	0.0	0.0
7355	0.0	0.0	0.0	0.0	0.0
7342	0.0	0.0	0.0	0.0	0.0
7343	0.0	0.0	0.0	0.0	0.0
7330	0.0	0.0	0.0	0.0	0.0
7315	0.0	0.0	0.0	0.0	0.0
7320	0.0	0.0	0.0	0.0	0.0
14896	0.0	0.1878728488745542	0.0	0.18321066839010974	0.08913343699531387
5119	0.0	0.0	0.0	0.0	0.0
7382	0.0	0.0	0.0	0.0	0.0
7381	0.0	0.0	0.0	0.0	0.0
7360	0.0	0.0	0.0	0.0	0.0
36016	0.0	0.0	0.0	0.0	0.0
4020	0.0	0.0	0.0	0.0	0.0
13376	0.0	0.0	0.0	0.0	0.0
6246	0.0	0.5493061443340549	0.0	0.0	0.0
13325	0.0	0.0	0.0	0.0	0.0
13323	0.0	0.0	0.06544933799101106	0.3680548723958051	0.0
24126	0.0	0.0	0.0	0.0	0.0
6233	0.0	0.30664004561879665	0.2518828946154401	0.5278114659230518	0.20117973905426254
13320	0.0	0.0	0.0	0.0	0.0
6209	0.0	0.0	0.0	0.0	0.0
28642	0.0	0.0	0.0	0.0	0.0
13409	0.0	0.0	0.0	0.0	0.0
4099	0.0	0.0	0.0	0.0	0.0
30876	0.0	0.0	0.0	0.0	0.0
13410	0.0	0.0	0.0	0.0	0.0
4076	0.0	0.0	0.0	0.0	0.0
28691	0.0	0.0	0.0	0.0	0.0
4084	0.0	0.0	0.0	0.0	0.0
26313	0.0	0.0	0.0	0.0	0.0
4053	0.0	0.0	0.0	0.0	0.0
30831	0.0	0.0	0.0	0.0	0.0
36982	0.0	0.0	0.0	0.0	0.0
14913	0.0	0.0	0.0	0.0	0.0
5142	0.0	0.0	0.0	0.0	0.0
5144	0.0	0.0	0.0	0.0	0.0
29373	0.0	0.0	0.0	0.0	0.0
29354	0.0	0.0	0.0	0.0	0.0
15561	0.0	0.0	0.0	0.0	0.0
15571	0.0	0.0	0.0	0.0	0.0
29328	0.0	0.0	0.0	0.0	0.0
14987	0.0	0.0	0.0	0.0	0.0
7231	0.0	0.0	0.0	0.0	0.0
7243	0.0	0.0	0.0	0.0	0.0
5000	0.0	0.0	0.0	0.0	0.0
7261	0.0	0.06601401719618526	0.0	0.0	0.0
13269	0.0	0.0	0.0	0.0	0.0
7290	0.0	0.0	0.0	0.0	0.0
6164	0.0	0.0	0.0	0.0	0.0
7297	0.0	0.0	0.0	0.0	0.0
13250	0.0	0.0	0.0	0.0	0.0
24210	0.0	0.0	0.0	0.0	0.0
13227	0.0	0.0	0.0	0.0	0.0
6177	0.0	0.0	0.0	0.0	0.0
6125	0.0	0.0	0.0	0.0	0.0
13215	0.0	0.0	0.0	0.0	0.0
24243	0.0	0.0	0.0	0.0	0.0
24257	0.0	0.0	0.0	0.0	0.0
6139	0.0	0.0	0.0	0.0	0.0
6134	0.0	0.0	0.0	0.0	0.0
38981	0.0	0.0	0.0	0.0	0.0
21033	0.0	0.0	0.0	0.0	0.0
6104	0.0	0.0	0.0	0.0	0.0
29296	0.0	0.0	0.0	0.0	0.0
36883	0.0	0.0	0.0	0.0	0.0
30924	0.0	0.0	0.0	0.0	0.0
26459	0.0	0.0	0.0	0.0	0.0
30946	0.0	0.0	0.0	0.0	0.0
5046	0.0	0.0	0.0	0.0	0.6931471805599453
30942	0.0	0.0	0.0	0.0	0.0
5038	0.0	0.0	0.0	0.0	0.0
5058	0.0	0.0	0.0	0.0	0.0
5049	0.0	0.0	0.0	0.0	0.0
15468	0.0	0.0	0.0	0.0	0.0
5075	0.0	0.0	0.0	0.0	0.0
5086	0.0	0.0	0.0	0.0	0.0
15444	0.0	0.0	0.0	0.0	0.0
36806	0.0	0.0	0.0	0.0	0.0
16981	0.0	0.9026834003674034	1.1807383054111187	0.0	0.0
15454	0.0	0.0	0.0	0.0	0.0
6491	0.0	0.0	0.0	0.0	0.0
6490	0.0	0.0	0.0	0.0	0.0
30211	0.0	0.0	0.0	0.0	0.0
6468	0.0	0.0	0.0	0.0	0.0
30207	0.0	0.0	0.0	0.0	0.0
36671	0.0	0.0	0.0	0.0	0.0
29958	0.0	0.0	0.0	0.0	0.0
30251	0.0	0.0	0.0	0.0	0.0
30249	0.0	0.5493061443340549	0.0	0.0	0.0
30244	0.0	0.0	0.0	0.0	0.0
14262	0.0	0.0	0.0	0.0	0.0
29997	0.0	0.0	0.0	0.0	0.0
29990	0.0	0.0	0.0	0.0	0.0
13185	0.0	0.0	0.0	0.3837641821656742	0.0
37815	0.0	0.0	0.0	0.0	0.0
25423	0.0	0.0	0.0	0.0	0.0
7945	0.0	0.0	0.0	0.0	0.0
7934	0.0	0.0	0.0	0.0	0.0
25492	0.0	0.0	0.0	0.0	0.0
7918	0.0	0.0	0.0	0.0	0.0
7904	0.0	0.0	0.0	0.0	0.0
6438	0.0	0.0	0.0	0.0	0.0
6352	0.0	0.16402329862077109	0.0	0.31008103136785714	0.5831939506516305
26706	0.0	0.46411219575501406	0.8895823585577641	0.16731172905209896	0.06445615791351354
13008	0.0	0.0	0.0	0.07701635339554948	0.0
36537	0.0	0.0	0.0	0.0	0.0
13015	0.0	0.0	0.0	0.0	0.0
14117	0.0	0.0	0.0	0.0	0.0
14119	0.0	0.0	0.0	0.0	0.0
29879	0.0	0.0	0.0	0.0	0.0
31888	0.0	0.0	0.0	0.0	0.0
25567	0.0	0.0	0.0	0.0	0.0
25583	0.0	0.0	0.0	0.0	0.0
7861	0.0	0.036860464373469494	0.0	0.0	0.0
7809	0.0	0.0	0.0	0.0	0.0
26670	0.0	0.0	0.0	0.0	0.0
6307	0.0	0.0	0.17328679513998632	0.0	0.0
6343	0.0	0.0	0.0	0.0	0.0
14193	0.0	0.0	0.0	0.0	0.0
28233	0.0	0.0	0.0	0.0	0.0
26840	0.0	0.0	0.0	0.0	0.0
31551	0.0	0.0	0.0	0.0	0.0
31546	0.0	0.0	0.0	0.0	0.0
14405	0.0	0.0	0.0	0.0	0.0
29768	0.0	0.0	0.0	0.0	0.0
14439	0.0	0.0	0.0	0.0	0.0
29742	0.0	0.0	0.0	0.0	0.0
7752	0.0	0.0	0.0	0.0	0.0
6621	0.0	0.0	0.0	0.0	0.0
7744	0.0	0.0	0.0	0.0	0.0
6609	0.0	0.0	0.0	0.0	0.0
7725	0.0	0.0	0.0	0.0	0.0
7723	0.0	0.0	0.0	0.0	0.0
25218	0.0	0.0	0.0	0.0	0.0
7783	0.0	0.0	0.0	0.0	0.0
7768	0.0	0.0	0.0	0.0	0.0
7763	0.0	0.0	0.0	0.0	0.0
7760	0.0	0.0	0.0	0.0	0.0
6689	0.0	0.0	0.0	0.0	0.0
6682	0.0	0.0	0.0	0.0	0.0
6680	0.0	0.0	0.0	0.0	0.0
30401	0.0	0.0	0.0	0.0	0.0
7709	0.0	1.1167371242354673	0.0	0.26276106889965134	0.47554499282435625
28219	0.0	0.0	0.0	0.0	0.0
36513	0.0	0.0	0.0	0.0	0.0
25247	0.0	0.0	0.0	0.0	0.0
26789	0.0	0.0	0.0	0.0	0.0
15941	0.0	0.0	0.0	0.0	0.0
28162	0.0	0.0	0.0	0.0	0.0
26935	0.0	0.0	0.1351550360360548	0.0	0.0
28158	0.0	0.0	0.0	0.0	0.0
14391	0.0	0.0	0.0	0.0	0.0
26959	0.0	0.0	0.0	0.0	0.0
36382	0.0	0.0	0.0	0.0	0.0
14337	0.0	0.0	0.0	0.0	0.0
14345	0.0	0.0	0.0	0.0	0.0
29626	0.0	0.0	0.0	0.0	0.0
1973	0.0	0.0	0.3780802803054247	0.0	0.0
1982	0.0	0.0	0.0	0.0	0.0
1995	0.0	0.0	0.0	0.0	0.0
1996	0.0	0.0	0.0	0.0	0.0
1998	0.0	0.0	0.0	0.0	0.0
1992	0.0	0.0	0.0	0.0	0.0
1993	0.0	0.0	0.0	0.0	0.0
1999	0.0	0.0	0.0	0.0	0.0
37961	0.0	0.0	0.0	0.0	0.0
7622	0.0	0.0	0.0	0.0	0.0
1900	0.0	0.0	0.0	0.0	0.0
1909	0.0	0.0	0.0	0.0	0.0
26863	0.0	0.0	0.0	0.0	0.0
6554	0.0	0.0	0.0	0.0	0.0
1928	0.0	0.0	0.0	0.0	0.0
15882	0.0	0.0	0.0	0.0	0.0
1936	0.0	0.10462974177791522	0.07847230633343641	0.3231212613729735	0.27465307216702745
15872	0.0	0.0	0.0	0.3218875824868201	0.0
1938	0.0	0.0	0.0	0.0	0.0
1930	0.0	0.0	0.0	0.0	0.0
6521	0.0	0.0	0.0	0.0	0.0
1945	0.0	0.0	0.0	0.0	0.0
1950	0.0	0.0	0.0	0.0	0.0
