22520	0.0	0.0	0.0	0.0	0.0	0.0	0.0	0.0	0.0	0.0
1	0.0	0.0	0.0	0.0	0.0	0.0	0.0	0.0	0.0	0.0
63979	0.0	0.0	0.0	0.0	0.0	0.0	0.0	0.0	0.0	0.0
10975	0.0	0.0	0.0	0.0	0.0	0.0	0.0	0.0	0.0	0.0
67385	0.0	0.0	0.0	0.0	0.0	0.0	0.0	0.0	0.0	0.0
39673	0.0	0.0	0.0	0.0	0.0	0.0	0.0	0.0	0.0	0.0
22541	0.0	0.0	0.0	0.0	0.0	0.0	0.0	0.0	0.0	0.0
24754	0.0	0.0	0.0	0.0	0.0	0.0	0.0	0.0	0.0	0.0
74414	0.0	0.0	0.0	0.0	0.0	0.0	0.0	0.0	0.0	0.0
31475	0.0	0.0	0.0	0.0	0.0	0.0	0.0	0.0	0.0	0.0
22492	0.0	0.0	0.0	0.0	0.0	0.0	0.0	0.0	0.0	0.0
34187	0.0	0.0	0.0	0.0	0.0	0.0	0.0	0.0	0.0	0.0
10910	0.0	0.0	0.0	0.0	0.0	0.0	0.0	0.0	0.0	0.0
31486	0.0	0.0	0.0	0.0	0.0	0.0	0.0	0.0	0.0	0.0
25864	0.0	0.0	0.0	0.0	0.0	0.0	0.0	0.0	0.0	0.0
61787	0.0	0.0	0.2772588722239781	0.2772588722239781	0.0	0.0	0.0	0.0	0.0	0.0
37431	0.0	0.0	0.0	0.0	0.0	0.0	0.0	0.0	0.0	0.0
10904	0.0	0.0	0.0	0.0	0.0	0.0	0.0	0.0	0.0	0.0
34129	0.0	0.48647753726382836	0.34657359027997264	0.19804205158855578	0.17328679513998632	0.39608410317711157	0.0	0.20879382808256133	0.0	0.0
10898	0.0	0.0	0.0	0.0	0.34657359027997264	0.0	0.0	0.0	0.34657359027997264	0.0
46792	0.0	0.0	0.0	0.0	0.0	0.0	0.0	0.0	0.0	0.0
25647	0.0	0.0	0.0	0.0	0.0	0.0	0.0	0.0	0.0	0.0
25640	0.0	0.23025850929940456	0.0	0.0	0.0	0.0	0.0	0.0	0.0	0.0
34347	0.0	0.0	0.0	0.0	0.0	0.34657359027997264	0.0	0.0	0.0	0.0
23559	0.0	0.0	0.0	0.0	0.0	0.0	0.0	0.0	0.0	0.0
35817	0.0	0.6896033083567145	0.27469738406330824	0.3828148019566677	0.30822128622872597	0.3208239622389068	0.09298625957664138	0.0	0.05386520178822891	0.05386520178822891
61919	0.0	0.0	0.0	0.0	0.0	0.0	0.0	0.0	0.0	0.0
39733	0.0	0.0	0.0	0.0	0.0	0.0	0.0	0.0	0.0	0.0
61930	0.0	0.0	0.0	0.0	0.0	0.0	0.0	0.0	0.0	0.0
46760	0.0	0.555974328301518	0.0	0.277987164150759	0.277987164150759	0.277987164150759	0.0	0.0	0.0	0.0
46738	0.0	0.0	0.0	0.0	0.0	0.0	0.0	0.0	0.0	0.0
10843	0.0	0.3042496587259121	0.0	0.32715988657404893	0.16357994328702447	0.2829093898781139	0.0943031299593713	0.09714877318412267	0.1549704725877074	0.0
35827	0.0	0.0	0.0	0.0	0.0	0.0	0.0	0.0	0.0	0.0
46744	0.0	0.0	0.0	0.0	0.0	0.0	0.0	0.0	0.0	0.0
11945	0.0	0.0	0.0	0.0	0.0	0.0	0.0	0.0	0.0	0.0
11918	0.0	0.0	0.0	0.0	0.0	0.0	0.0	0.0	0.0	0.0
22478	0.0	0.0	0.0	0.0	0.0	0.0	0.0	0.0	0.0	0.0
38703	0.0	0.0	0.0	0.0	0.0	0.0	0.0	0.0	0.0	0.0
-1	0.0	1.3391904760221072	0.9896047640419051	1.0218761380888026	0.8639274339875115	0.9331423168111108	0.738666078958669	0.7853584294892	0.804252417580853	0.6926413393753067
38	0.0	0.0	0.0	0.0	0.0	0.0	0.0	0.0	0.0	0.0
22	0.0	0.0	0.0	0.0	0.0	0.0	0.0	0.0	0.0	0.0
24	0.0	0.0	0.0	0.0	0.0	0.0	0.0	0.0	0.0	0.0
28	0.0	0.0	0.0	0.0	0.0	0.0	0.0	0.0	0.0	0.0
77	0.0	0.0	0.0	0.0	0.0	0.0	0.0	0.0	0.0	0.0
22376	0.0	0.0	0.0	0.0	0.0	0.0	0.0	0.0	0.0	0.0
86	0.0	0.0	0.0	0.0	0.0	0.0	0.0	0.0	0.0	0.0
85	0.0	0.0	0.34657359027997264	0.0	0.6931471805599453	0.0	0.0	0.0	0.0	0.0
66	0.0	0.0	0.0	0.0	0.0	0.0	0.0	0.0	0.0	0.0
48	0.0	0.14772825138956158	0.16023988345901613	0.056809054125477765	0.17876914338118294	0.05756650818048414	0.04291834433157601	0.0	0.0	0.0
45	0.0	0.07313303956032877	0.28697531171835466	0.07313303956032877	0.07857444085122568	0.14300302087469738	0.07857444085122568	0.30679909432539626	0.4855880877197598	0.12600364973295428
10801	0.0	0.0	0.0	0.0	0.15271512197902581	0.15271512197902581	0.15271512197902581	0.0	0.0	0.22907268296853875
93	0.0	0.0	0.0	0.0	0.0	0.0	0.0	0.0	0.0	0.0
34268	0.0	0.0	0.0	0.0	0.0	0.0	0.0	0.0	0.0	0.0
10716	0.0	0.46209812037329684	0.5493061443340549	0.0	0.0	0.46209812037329684	0.0	0.10136627702704111	0.1351550360360548	0.0
10747	0.0	0.0	0.0	0.0	0.0	0.0	0.0	0.0	0.0	0.0
12890	0.0	0.0	0.0	0.0	0.0	0.0	0.0	0.0	0.0	0.0
40960	0.0	0.0	0.34657359027997264	0.34657359027997264	0.0	0.0	0.0	0.0	0.0	0.0
34451	0.0	0.0	0.0	0.0	0.0	0.0	0.0	0.0	0.0	0.0
10798	0.0	0.0	0.0	0.0	0.0	0.0	0.0	0.0	0.0	0.0
35545	0.0	0.0	0.5493061443340549	0.23104906018664842	0.0	0.0	0.0	0.0	0.0	0.0
68344	0.0	0.0	0.0	0.0	0.0	0.0	0.0	0.0	0.0	0.0
68346	0.0	0.0	0.0	0.0	0.0	0.0	0.0	0.0	0.14978661367769955	0.0
24452	0.0	0.0	0.0	0.0	0.0	0.0	0.0	0.0	0.0	0.0
24443	0.0	0.0	0.0	0.0	0.0	0.0	0.0	0.0	0.0	0.0
39444	0.0	0.0	0.0	0.0	0.0	0.0	0.0	0.0	0.0	0.0
39440	0.0	0.0	0.0	0.0	0.0	0.0	0.0	0.0	0.0	0.0
12808	0.0	0.0	0.0	0.0	0.0	0.0	0.0	0.0	0.0	0.0
23818	0.0	0.856391168856561	0.15840298725863972	0.07354424408436844	0.0	0.0	0.0	0.0	0.0	0.0
22367	0.0	0.0	0.0	0.0	0.0	0.0	0.0	0.0	0.0	0.0
47959	0.0	0.20707555414900003	0.0	0.0	0.20707555414900003	0.0	0.0	0.0	0.0	0.20707555414900003
74290	0.0	0.0	0.0	0.0	0.0	0.0	0.0	0.0	0.0	0.0
47963	0.0	0.0	0.0	0.0	0.0	0.0	0.0	0.0	0.0	0.0
46840	0.0	0.0	0.0	0.0	0.0	0.0	0.0	0.0	0.26823965207235	0.0
38731	0.0	0.0	0.0	0.0	0.0	0.0	0.0	0.0	0.0	0.0
35483	0.0	0.0	0.12035778671565378	0.08651505658568909	0.0	0.06017889335782689	0.06017889335782689	0.06017889335782689	0.08459249977267377	0.06017889335782689
35481	0.0	0.0	0.0	0.0	0.0	0.0	0.0	0.0	0.0	0.0
66126	0.0	0.0	0.0	0.0	0.0	0.0	0.0	0.0	0.0	0.0
35441	0.0	0.0	0.0	0.0	0.0	0.0	0.0	0.0	0.0	0.0
38764	0.0	0.0	0.0	0.0	0.0	0.0	0.0	0.0	0.0	0.0
37222	0.0	0.0	0.0	0.0	0.0	0.0	0.0	0.0	0.0	0.0
69326	0.0	0.1351550360360548	0.0	0.0	0.0	0.0	0.0	0.0	0.0	0.0
34361	0.0	0.34657359027997264	0.6931471805599453	0.0	0.0	0.0	0.6931471805599453	0.34657359027997264	0.0	0.0
67258	0.0	0.0	0.0	0.0	0.0	0.0	0.0	0.0	0.3662040962227032	0.0
30111	0.0	0.0	0.0	0.0	0.0	0.0	0.0	0.0	0.0	0.0
31093	0.0	0.0	0.0	0.0	0.0	0.0	0.0	0.0	0.0	0.0
25899	0.0	0.0	0.0	0.0	0.0	0.0	0.0	0.0	0.0	0.0
10639	0.0	0.0	0.0	0.0	0.0	0.0	0.0	0.0	0.0	0.0
10646	0.0	0.0	0.0	0.0	0.0	0.0	0.0	0.0	0.0	0.0
10695	0.0	0.0	0.0	0.24413606414846883	0.0	0.0	0.0	0.0	0.0	0.0
10693	0.0	0.277987164150759	0.277987164150759	0.277987164150759	0.555974328301518	0.0	0.0	0.0	0.0	0.0
40893	0.0	0.0	0.0	0.0	0.0	0.0	0.0	0.0	0.0	0.0
23721	0.0	0.0	0.0	0.0	0.0	0.0	0.0	0.0	0.0	0.0
23722	0.0	0.0	0.0	0.0	0.0	0.0	0.277987164150759	0.0	0.0	0.0
10683	0.0	0.19804205158855578	0.39608410317711157	0.20879382808256133	0.2505525936990736	0.0	0.313190742123842	0.0	0.0	0.0
22216	0.0	0.0	0.0	0.0	0.0	0.0	0.0	0.0	0.0	0.0
38936	0.0	0.0	0.0	0.0	0.0	0.0	0.0	0.0	0.0	0.0
22244	0.0	0.0	0.0	0.0	0.0	0.0	0.0	0.0	0.0	0.0
34506	0.0	0.0	0.0	0.0	0.0	0.0	0.0	0.0	0.0	0.0
30031	0.0	0.0	0.0	0.0	0.0	0.0	0.0	0.0	0.0	0.0
22153	0.0	0.08513760396099845	0.08513760396099845	0.07297508910942724	0.21892526732828171	0.08513760396099845	0.0	0.30649537425959444	0.10216512475319815	0.0
69223	0.0	0.0	0.0	0.0	0.0	0.0	0.0	0.0	0.0	0.0
37321	0.0	0.0	0.0	0.0	0.0	0.0	0.0	0.0	0.0	0.0
67116	0.0	0.0	0.0	0.0	0.3662040962227032	0.0	0.0	0.0	0.0	0.0
31148	0.0	0.0	0.0	0.0	0.0	0.0	0.0	0.0	0.0	0.0
69271	0.0	0.0	0.0	0.0	0.0	0.0	0.0	0.0	0.0	0.0
62919	0.0	0.0	0.0	0.0	0.0	0.0	0.0	0.0	0.0	0.0
13716	0.0	0.0	0.0	0.0	0.0	0.0	0.0	0.0	0.0	0.0
37065	0.0	0.0	0.0	0.0	0.0	0.0	0.0	0.0	0.0	0.0
13726	0.0	0.5709540629565864	0.40735047985326034	0.44305019981288524	0.20225271244137855	0.21216207886219116	0.2423388356279581	0.20225271244137855	0.03461983366113687	0.033708785406896424
13753	0.0	0.0	0.1351550360360548	0.1351550360360548	0.0	0.0	0.0	0.0	0.0	0.0
33095	0.0	0.0	0.0	0.0	0.0	0.0	0.0	0.0	0.0	0.0
68579	0.0	0.0	0.0	0.0	0.0	0.0	0.0	0.0	0.0	0.0
40783	0.0	0.0	0.0	0.0	0.0	0.0	0.0	0.0	0.0	0.0
12685	0.0	0.5364793041447	0.0	0.0	0.0	0.5493061443340549	0.0	0.17328679513998632	0.0	0.0
12675	0.0	0.0	0.0	0.0	0.0	0.0	0.0	0.0	0.0	0.0
38199	0.0	0.0	0.0	0.0	0.0	0.0	0.0	0.0	0.0	0.0
38163	0.0	0.11552453009332421	0.11552453009332421	0.11552453009332421	0.0	0.0	0.0	0.0	0.0	0.0
7067	0.0	0.0	0.0	0.0	0.0	0.0	0.0	0.0	0.0	0.0
23124	0.0	0.0	0.1831020481113516	0.3662040962227032	0.0	0.0	0.21972245773362198	0.1831020481113516	0.1831020481113516	0.1831020481113516
38118	0.0	0.0	0.0	0.0	0.0	0.0	0.0	0.0	0.0	0.0
31008	0.0	0.0	0.0	0.0	0.34657359027997264	0.0	0.0	0.34657359027997264	0.34657359027997264	0.0
7056	0.0	0.0	0.0	0.0	0.0	0.0	0.0	0.0	0.0	0.0
23164	0.0	0.34657359027997264	0.0	0.6931471805599453	0.0	0.17328679513998632	0.0	0.0	0.0	0.0
7083	0.0	0.5636248686353301	0.2691118846451004	0.37574991242355343	0.6748666190238821	0.364026608488359	0.18787495621177672	0.0	0.09393747810588836	0.09901517962512559
35235	0.0	0.7324081924454064	0.0	0.1351550360360548	0.0	0.0	0.0	0.0	0.0	0.0
35232	0.0	0.0	0.0	0.0	0.0	0.0	0.0	0.0	0.0	0.0
13685	0.0	0.0	0.0	0.0	0.0	0.0	0.0	0.0	0.0	0.0
35214	0.0	0.0	0.0	0.0	0.0	0.0	0.3662040962227032	0.0	0.3662040962227032	0.0
7027	0.0	0.0	0.0	0.0	0.0	0.0	0.0	0.0	0.0	0.0
37059	0.0	0.6810603345906424	0.21390607079137794	0.1995109751182864	0.10011484150818874	0.01896585812852846	0.05689757438558538	0.019446006435579814	0.04054651081081644	0.03840586271027013
37052	0.0	0.0	0.0	0.0	0.0	0.0	0.0	0.0	0.0	0.0
35264	0.0	0.0	0.0	0.0	0.0	0.0	0.0	0.0	0.0	0.0
35258	0.0	0.0	0.0	0.0	0.0	0.0	0.0	0.0	0.0	0.0
33118	0.0	0.22398034815063728	0.0	0.0	0.2723392975958174	0.0683373583471106	0.0	0.0	0.0	0.0
33108	0.0	0.0	0.0	0.0	0.0	0.0	0.0	0.0	0.0	0.0
12729	0.0	0.0	0.0	0.0	0.0	0.0	0.0	0.0	0.0	0.0
12716	0.0	0.0	0.0	0.0	0.0	0.0	0.0	0.0	0.0	0.0
12704	0.0	0.0	0.0	0.0	0.0	0.0	0.0	0.0	0.0	0.0
22000	0.0	0.0	0.0	0.0	0.0	0.0	0.0	0.0	0.0	0.0
33193	0.0	0.0	0.0	0.0	0.0	0.0	0.0	0.0	0.0	0.0
29107	0.0	0.0	0.0	0.17328679513998632	0.12260365662646577	0.0	0.0	0.0	0.0	0.0
41775	0.0	0.0	0.0	0.0	0.0	0.0	0.0	0.0	0.0	0.0
12739	0.0	0.0	0.0	0.0	0.0	0.0	0.0	0.0	0.0	0.0
73037	0.0	0.0	0.0	0.0	0.0	0.0	0.0	0.0	0.0	0.0
73022	0.0	0.0	0.0	0.0	0.0	0.0	0.0	0.0	0.0	0.0
7180	0.0	0.0	0.0	0.0	0.0	0.0	0.0	0.0	0.0	0.0
61431	0.0	0.0	0.0	0.0	0.0	0.0	0.0	0.0	0.0	0.0
13797	0.0	0.0	0.0	0.0	0.0	0.0	0.0	0.0	0.0	0.0
62935	0.0	0.0	0.0	0.0	0.0	0.0	0.0	0.0	0.0	0.0
7136	0.0	0.0	0.0	0.0	0.0	0.0	0.0	0.0	0.0	0.0
62964	0.0	0.0	0.0	0.0	0.0	0.0	0.0	0.0	0.0	0.0
35383	0.0	0.183258146374831	0.0	0.0916290731874155	0.0916290731874155	0.0916290731874155	0.0	0.0	0.0	0.0
13993	0.0	0.0	0.0	0.24413606414846883	0.0	0.24413606414846883	0.2310490601866484	0.0	0.0	0.0
13987	0.0	0.0	0.0	0.0	0.0	0.0	0.0	0.0	0.0	0.0
68794	0.0	0.0	0.0	0.0	0.0	0.0	0.0	0.0	0.0	0.0
13972	0.0	0.0	0.3218875824868201	0.6437751649736402	0.0	0.183258146374831	0.0	0.0	0.0	0.0
12448	0.0	0.0	0.0	0.0	0.0	0.0	0.0	0.0	0.0	0.0
12431	0.0	0.0	0.0	0.0	0.0	0.0	0.22590060452618185	0.0	0.0	0.0
61540	0.0	0.0	0.0	0.0	0.0	0.0	0.0	0.0	0.0	0.0
12338	0.0	0.0	0.0	0.0	0.0	0.0	0.0	0.0	0.0	0.0
24901	0.0	0.0	0.0	0.0	0.0	0.0	0.0	0.0	0.0	0.0
35088	0.0	0.0	0.0	0.0	0.0	0.0	0.0	0.0	0.0	0.0
24923	0.0	0.0	0.0	0.0	0.0	0.0	0.0	0.0	0.0	0.0
23356	0.0	0.0	0.0	0.0	0.0	0.0	0.0	0.0	0.0	0.0
35013	0.0	0.0	0.34657359027997264	0.0	0.34657359027997264	0.6931471805599453	0.34657359027997264	0.0	0.0	0.0
24957	0.0	0.0906657689493574	0.0906657689493574	0.0906657689493574	0.0906657689493574	0.1813315378987148	0.0906657689493574	0.0906657689493574	0.0906657689493574	0.0
23306	0.0	0.0	0.0	0.0	0.0	0.0	0.0	0.0	0.0	0.0
23300	0.0	0.0	0.0	0.0	0.0	0.0	0.0	0.0	0.0	0.0
12518	0.0	0.0	0.0	0.0	0.0	0.0	0.0	0.0	0.0	0.0
39985	0.0	0.0	0.0	0.0	0.0	0.0	0.0	0.0	0.0	0.0
39989	0.0	0.0	0.0	0.0	0.0	0.0	0.0	0.0	0.0	0.0
41994	0.0	0.0	0.0	0.0	0.0	0.0	0.0	0.0	0.0	0.0
41992	0.0	0.0	0.0	0.0	0.0	0.0	0.0	0.0	0.0	0.0
12553	0.0	0.0	0.0	0.0	0.0	0.0	0.0	0.0	0.0	0.0
69783	0.0	0.0	0.0	0.0	0.0	0.0	0.0	0.0	0.0	0.0
34100	0.0	0.5545177444479562	0.0	0.0	0.0	0.0	0.6872180489056162	0.0	0.0	0.07192051811294523
12478	0.0	0.40235947810852507	0.0	0.2772588722239781	0.0	0.0	0.0	0.2772588722239781	0.0	0.0
38434	0.0	0.0	0.0	0.0	0.0	0.0	0.0	0.0	0.0	0.0
61664	0.0	0.0	0.0	0.0	0.0	0.0	0.0	0.0	0.0	0.0
34013	0.0	0.0	0.0	0.0	0.0	0.0	0.0	0.0	0.0	0.0
75425	0.0	0.0	0.0	0.0	0.0	0.0	0.0	0.0	0.0	0.0
73264	0.0	0.0	0.0	0.0	0.0	0.0	0.0	0.0	0.0	0.0
61606	0.0	0.0	0.0	0.0	0.0	0.0	0.0	0.0	0.0	0.0
24812	0.0	0.0	0.0	0.0	0.0	0.0	0.0	0.0	0.0	0.0
24836	0.0	0.0	0.0	0.0	0.25596563846115067	0.0	0.358351893845611	0.0	0.0	0.0
24863	0.0	0.0	0.0	0.0	0.0	0.0	0.0	0.0	0.0	0.0
35102	0.0	0.0	0.0	0.0	0.0	0.0	0.0	0.0	0.0	0.0
3281	0.0	0.0	0.0	0.0	0.0	0.0	0.0	0.0	0.0	0.0
3299	0.0	0.0	0.0	0.0	0.0	0.0	0.0	0.0	0.0	0.0
50874	0.0	0.0	0.0	0.0	0.0	0.0	0.0	0.0	0.0	0.0
50875	0.0	0.40897750642554126	0.08856008379395826	0.1425224643604159	0.44280041896979133	0.0	0.0	0.0	0.0	0.0
50880	0.0	0.0	0.0	0.0	0.0	0.0	0.0	0.0	0.0	0.0
2100	0.0	0.0	0.0	0.0	0.0	0.0	0.0	0.0	0.0	0.0
2101	0.0	0.0963959142757179	0.3855836571028716	0.12676295638478188	0.3599619570964599	0.39567807014097156	0.13189269004699053	0.052856161320005396	0.0	0.052856161320005396
10064	0.0	0.0	0.0	0.0	0.0	0.0	0.0	0.0	0.0	0.0
10057	0.0	0.41415110829800006	0.2986265782046758	0.44793986730701374	0.46209812037329684	0.0915510240556758	0.27465307216702745	0.1831020481113516	0.0	0.0
3245	0.0	0.34657359027997264	0.0	0.0	0.0	0.5198603854199589	0.0	0.12260365662646577	0.12260365662646577	0.0
2115	0.0	0.0	0.0	0.0	0.0	0.0	0.0	0.0	0.0	0.0
2123	0.0	0.0	0.0	0.0	0.0	0.0	0.0	0.0	0.0	0.0
10034	0.0	0.0	0.0	0.0	0.0	0.0	0.0	0.0	0.0	0.0
3273	0.0	0.0	0.0	0.0	0.0	0.0	0.0	0.0	0.0	0.0
11150	0.0	0.0	0.0	0.0	0.0	0.0	0.0	0.0	0.0	0.0
2153	0.0	0.0	0.0	0.0	0.0	0.0	0.0	0.0	0.0	0.0
3203	0.0	0.0	0.0	0.0	0.0	0.0	0.0	0.0	0.0	0.0
3204	0.0	0.0	0.0	0.0	0.0	0.0	0.0	0.0	0.0	0.0
41469	0.0	0.3218875824868201	0.0	0.0	0.40235947810852507	0.0	0.0	0.0	0.0	0.0
9735	0.0	0.0	0.0	0.0	0.0	0.0	0.0	0.0	0.0	0.0
8297	0.0	0.0	0.0	0.0	0.0	0.0	0.0	0.0	0.0	0.0
2162	0.0	0.0	0.0	0.0	0.0	0.0	0.0	0.0	0.0	0.0
48857	0.0	0.0	0.0	0.0	0.16665960847389508	0.0	0.0	0.0	0.0	0.0
41450	0.0	0.0	0.0	0.0	0.0	0.0	0.0	0.0	0.0	0.0
3214	0.0	0.0	0.0	0.0	0.0	0.0	0.0	0.0	0.0	0.0
3220	0.0	0.0	0.0	0.0	0.0	0.0	0.0	0.0	0.0	0.0
19846	0.0	0.0	0.0	0.34657359027997264	0.0	0.34657359027997264	0.0	0.0	0.0	0.0
2181	0.0	0.0	0.0	0.0	0.0	0.0	0.0	0.0	0.0	0.0
32046	0.0	0.0	0.0	0.0	0.0	0.0	0.0	0.0	0.0	0.0
2189	0.0	0.0	0.7783640596221254	0.6035392171627876	0.46209812037329684	0.0915510240556758	0.13732653608351372	0.0	0.0	0.5364793041447
8263	0.0	0.0	0.0	0.0	0.0	0.0	0.0	0.0	0.0	0.0
33510	0.0	0.0	0.0	0.0	0.0	0.0	0.0	0.0	0.0	0.0
8258	0.0	0.0	0.0	0.0	0.0	0.0	0.0	0.0	0.0	0.0
48818	0.0	0.0	0.0	0.0	0.0	0.0	0.0	0.0	0.0	0.0
8256	0.0	0.0	0.0	0.0	0.0	0.0	0.0	0.0	0.0	0.0
48803	0.0	0.0	0.0	0.0	0.0	0.0	0.0	0.0	0.0	0.0
11167	0.0	0.0	0.0	0.0	0.0	0.0	0.0	0.0	0.0	0.0
8278	0.0	0.0	0.0	0.0	0.0	0.0	0.0	0.0	0.0	0.0
17642	0.0	0.0	0.0	0.0	0.0	0.0	0.0	0.0	0.0	0.0
41428	0.0	0.0	0.0	0.0	0.0	0.0	0.0	0.0	0.0	0.0
9711	0.0	0.0	0.0	0.0	0.0	0.0	0.0	0.0	0.0	0.0
17621	0.0	0.34609250446843703	0.0	0.0	0.0	0.0	0.0	0.0	0.0	0.0
48752	0.0	0.0	0.0	0.1806482348685103	0.0	0.0	0.0	0.0	0.0	0.0
41400	0.0	0.3218875824868201	0.3218875824868201	0.0	0.6437751649736402	0.0	0.0	0.0	0.0	0.0
9726	0.0	0.0	0.25596563846115067	0.0	0.5119312769223013	0.25596563846115067	0.17896613835648115	0.3579322767129623	0.17896613835648115	0.0
17607	0.0	0.40600881994080906	0.40600881994080906	0.4011004664789124	0.3300953659172462	0.3300953659172462	0.22006357727816414	0.11003178863908207	0.0	0.0
10139	0.0	0.0	0.0	0.0	0.0	0.0	0.0	0.0	0.0	0.0
10118	0.0	0.0	0.0	0.0	0.0	0.0	0.0	0.0	0.0	0.0
76155	0.0	0.0	0.0	0.0	0.0	0.0	0.0	0.0	0.0	0.0
50996	0.0	0.0	0.0	0.0	0.0	0.0	0.0	0.0	0.0	0.0
8127	0.0	0.0	0.0	0.0	0.0	0.0	0.0	0.0	0.0	0.0
11086	0.0	0.19459101490553135	0.16215917908794278	0.29937079216235596	0.2674003109859416	0.29937079216235596	0.32431835817588556	0.19459101490553135	0.0	0.1493132891023379
47336	0.0	0.0	0.0	0.0	0.0	0.0	0.0	0.0	0.0	0.0
2253	0.0	0.25993019270997947	0.0	0.0	0.0	0.0	0.0	0.0	0.0	0.0
47357	0.0	0.2878325409024207	0.10729586082894002	0.0	0.134326868036151	0.0	0.0	0.0	0.0	0.0
2231	0.0	0.0	0.0	0.0	0.0	0.0	0.0	0.0	0.0	0.0
3356	0.0	0.21799047934530644	0.0	0.0	0.0	0.21799047934530644	0.0	0.0	0.0	0.0
2224	0.0	0.12026056535665978	0.12341498185834088	0.2272990942071951	0.19101061781618062	0.11490360379914495	0.7615978060680061	0.19101061781618062	0.11490360379914495	0.15793174232568452
2234	0.0	0.0	0.0	0.0	0.0	0.0	0.0	0.0	0.0	0.0
2291	0.0	0.0	0.0	0.0	0.0	0.0	0.0	0.0	0.0	0.0
61050	0.0	0.0	0.0	0.0	0.0	0.0	0.0	0.0	0.0	0.0
32163	0.0	0.0	0.24413606414846883	0.27465307216702745	0.0	0.0	0.0	0.0	0.0	0.0
3347	0.0	0.0	0.0	0.0	0.0	0.0	0.0	0.0	0.0	0.0
8197	0.0	0.0	0.0	0.0	0.0	0.0	0.0	0.0	0.0	0.0
8198	0.0	0.0	0.0	0.0	0.0	0.0	0.34657359027997264	0.0	0.0	0.0
3318	0.0	0.0	0.0	0.0	0.0	0.0	0.0	0.0	0.0	0.0
3320	0.0	0.0	0.0	0.0	0.0	0.0	0.0	0.0	0.0	0.0
3329	0.0	0.5119312769223013	0.0	0.0	0.5972531564093516	0.5119312769223013	0.156595371061921	0.0	0.0	0.13732653608351372
48974	0.0	0.0	0.0	0.0	0.0	0.0	0.0	0.0	0.0	0.0
11059	0.0	0.0	0.0	0.0	0.0	0.0	0.0	0.0	0.0	0.0
33640	0.0	0.5545177444479562	0.22907268296853875	0.549774439124493	0.0	0.0	0.2043302495063963	0.0	0.0	0.0
3302	0.0	0.0	0.0	0.0	0.0	0.0	0.0	0.0	0.0	0.0
9684	0.0	0.0	0.0	0.0	0.0	0.0	0.0	0.0	0.0	0.0
11060	0.0	0.0	0.0	0.0	0.27465307216702745	0.0	0.5493061443340549	0.0	0.0	0.0
8132	0.0	0.39964921213306176	0.1493132891023379	0.0	0.07465664455116895	0.5972531564093516	0.13241890959783106	0.27465307216702745	0.0915510240556758	0.13732653608351372
17794	0.0	0.0	0.0	0.0	0.0	0.0	0.0	0.0	0.0	0.0
8093	0.0	0.0	0.0	0.0	0.34657359027997264	0.0	0.0	0.0	0.0	0.0
11101	0.0	0.17328679513998632	0.23104906018664842	0.0	0.0	0.17328679513998632	0.0	0.0	0.34657359027997264	0.0
32063	0.0	0.0	0.0	0.0	0.0	0.0	0.0	0.0	0.0	0.0
8090	0.0	0.0	0.0	0.0	0.0	0.0	0.0	0.0	0.0	0.0
32058	0.0	0.0	0.0	0.15694461266687282	0.0	0.0	0.0	0.0	0.0	0.15694461266687282
17724	0.0	0.0	0.0	0.0	0.0	0.0	0.0	0.0	0.0	0.0
10010	0.0	0.0	0.0	0.0	0.0	0.0	0.0	0.0	0.0	0.0
44441	0.0	0.0	0.0	0.0	0.0	0.0	0.0	0.0	0.0	0.0
40144	0.0	0.0	0.0	0.0	0.0	0.0	0.0	0.0	0.0	0.0
40142	0.0	0.0	0.0	0.0	0.0	0.0	0.0	0.0	0.0	0.0
47017	0.0	0.0	0.0	0.0	0.0	0.0	0.0	0.0	0.0	0.0
9595	0.0	0.0	0.0	0.0	0.0	0.0	0.0	0.0	0.0	0.0
33300	0.0	0.0	0.0	0.0	0.0	0.0	0.0	0.0	0.0	0.0
8454	0.0	0.0	0.0	0.0	0.0	0.0	0.0	0.0	0.0	0.0
33323	0.0	0.0	0.0	0.0	0.0	0.0	0.0	0.0	0.0	0.0
33339	0.0	0.0	0.0	0.0	0.0	0.0	0.0	0.0	0.0	0.0
32212	0.0	0.0	0.0	0.0	0.0	0.0	0.0	0.0	0.0	0.0
8493	0.0	0.0	0.0	0.0	0.0	0.0	0.0	0.0	0.0	0.0
32224	0.0	0.0	0.0	0.0	0.0	0.0	0.0	0.0	0.0	0.0
40193	0.0	0.0	0.0	0.0	0.0	0.0	0.0	0.0	0.277987164150759	0.0
3453	0.0	0.0	0.0	0.0	0.0	0.0	0.0	0.0	0.0	0.0
3459	0.0	0.0	0.0	0.0	0.0	0.0	0.0	0.0	0.0	0.0
3454	0.0	0.0	0.0	0.0	0.0	0.0	0.0	0.0	0.0	0.0
47027	0.0	0.0	0.0	0.0	0.0	0.0	0.0	0.0	0.0	0.0
9517	0.0	0.35215217906282786	0.0	0.1039720770839918	0.0519860385419959	0.0	0.0	0.0	0.0	0.0
11430	0.0	0.0	0.0	0.0	0.0	0.0	0.0	0.0	0.0	0.0
3505	0.0	0.0	0.0	0.0	0.0	0.0	0.0	0.0	0.0	0.0
11410	0.0	0.0	0.0	0.0	0.0	0.0	0.0	0.0	0.0	0.0
18970	0.0	0.0	0.0	0.0	0.0	0.0	0.0	0.0	0.0	0.0
17856	0.0	0.0	0.0	0.0	0.0	0.0	0.0	0.0	0.0	0.0
40100	0.0	0.0	0.0	0.0	0.0	0.0	0.0	0.0	0.0	0.0
8403	0.0	0.0	0.0	0.0	0.0	0.0	0.0	0.0	0.0	0.0
33288	0.0	0.4605170185988091	0.16094379124341004	0.16094379124341004	0.0	0.16094379124341004	0.0	0.17882643471490003	0.3218875824868201	0.0
45819	0.0	0.0	0.0	0.0	0.0	0.0	0.0	0.0	0.0	0.0
2004	0.0	0.0	0.0	0.0	0.0	0.0	0.0	0.0	0.0	0.0
8305	0.0	0.0	0.0	0.0	0.0	0.0	0.0	0.0	0.0	0.0
33499	0.0	0.0	0.14011846471596087	0.24323876863191418	0.0	0.25993019270997947	0.0	0.0	0.0	0.0
33479	0.0	0.0906657689493574	0.0906657689493574	0.1813315378987148	0.1813315378987148	0.1813315378987148	0.0906657689493574	0.0906657689493574	0.1813315378987148	0.0
9492	0.0	0.0	0.40235947810852507	0.3218875824868201	0.0	0.0	0.0	0.0	0.0	0.0
9470	0.0	0.0	0.5198603854199589	0.17328679513998632	0.19804205158855578	0.17328679513998632	0.0	0.17328679513998632	0.0	0.0
9461	0.0	0.2310490601866484	0.2310490601866484	0.0	0.4620981203732968	0.0	0.3342394215058387	0.16711971075291934	0.16711971075291934	0.0
8334	0.0	0.0	0.0	0.0	0.0	0.0	0.0	0.0	0.0	0.0
8396	0.0	0.0	0.0	0.0	0.0	0.0	0.0	0.0	0.0	0.0
33417	0.0	0.34413183460025254	0.3429611622040544	0.19647952371497313	0.04999788522589184	0.09993549241576072	0.04999788522589184	0.050559659217193985	0.04999788522589184	0.050559659217193985
3550	0.0	0.0	0.0	0.0	0.0	0.0	0.23104906018664842	0.23104906018664842	0.6931471805599453	0.6931471805599453
9440	0.0	0.0	0.0	0.0	0.0	0.0	0.0	0.0	0.0	0.0
3543	0.0	0.0	0.0	0.0	0.0	0.0	0.0	0.0	0.0	0.0
8385	0.0	0.0	0.0	0.0	0.0	0.0	0.0	0.0	0.0	0.0
3515	0.0	0.0	0.0	0.0	0.0	0.0	0.0	0.0	0.0	0.0
8374	0.0	0.0	0.0	0.0	0.0	0.0	0.0	0.0	0.0	0.0
40097	0.0	0.0	0.0	0.0	0.0	0.0	0.0	0.0	0.0	0.0
40098	0.0	0.14631253749400913	0.16094379124341004	0.0	0.14631253749400913	0.0	0.14631253749400913	0.0	0.0	0.0
3528	0.0	0.2818575647432948	0.33614294954494905	0.49963245516925764	0.3824474470218273	0.22852507182457524	0.15083487438157447	0.12708850281369374	0.06337249890933598	0.05027829146052482
3581	0.0	0.0	0.0	0.0	0.0	0.0	0.0	0.0	0.0	0.0
41572	0.0	0.0	0.0	0.0	0.0	0.27465307216702745	0.27465307216702745	0.3662040962227032	0.0	0.0
61288	0.0	0.0	0.0	0.0	0.0	0.0	0.0	0.0	0.0	0.0
61285	0.0	0.0	0.0	0.0	0.0	0.0	0.0	0.0	0.0	0.0
9404	0.0	0.0	0.0	0.0	0.0	0.0	0.1918820910828371	0.0	0.0	0.0
9401	0.0	0.0	0.0	0.0	0.0	0.0	0.0	0.0	0.0	0.0
11241	0.0	0.0	0.0	0.0	0.0	0.0	0.0	0.0	0.0	0.0
2045	0.0	0.0	0.0	0.0	0.0	0.0	0.0	0.0	0.0	0.0
2039	0.0	0.0	0.0	0.0	0.0	0.0	0.0	0.0	0.0	0.0
38059	0.0	0.0	0.0	0.0	0.0	0.0	0.0	0.0	0.0	0.0
11340	0.0	0.0	0.0	0.0	0.3218875824868201	0.3218875824868201	0.3218875824868201	0.0	0.0	0.6437751649736402
44610	0.0	0.0	0.0	0.0	0.0	0.0	0.0	0.0	0.0	0.0
11350	0.0	0.0	0.0	0.0	0.0	0.0	0.0	0.0	0.0	0.0
38071	0.0	0.0	0.0	0.0	0.0	0.0	0.0	0.0	0.0	0.0
3607	0.0	0.0	0.0	0.0	0.0	0.0	0.0	0.0	0.0	0.0
38084	0.0	0.0	0.0	0.0	0.0	0.0	0.0	0.0	0.0	0.0
11318	0.0	0.0	0.0	0.0	0.0	0.0	0.0	0.0	0.0	0.0
17904	0.0	0.0	0.0	0.0	0.0	0.0	0.0	0.0	0.0	0.0
17903	0.0	0.0	0.0	0.0	0.0	0.0	0.0	0.0	0.0	0.0
17925	0.0	0.0	0.0	0.0	0.0	0.0	0.0	0.0	0.0	0.0
17929	0.0	0.0	0.0	0.0	0.0	0.0	0.0	0.0	0.0	0.0
17931	0.0	0.0	0.3662040962227032	0.0	0.0	0.0	0.3662040962227032	0.3662040962227032	0.3662040962227032	0.0
69133	0.0	0.25596563846115067	0.0	0.0	0.0	0.0	0.0	0.0	0.0	0.0
43464	0.0	0.0	0.0	0.0	0.0	0.0	0.0	0.0	0.0	0.0
32465	0.0	0.0	0.0	0.0	0.0	0.0	0.0	0.0	0.0	0.0
9304	0.0	0.0	0.0	0.0	0.34657359027997264	0.46209812037329684	0.27465307216702745	0.27465307216702745	0.27465307216702745	0.3662040962227032
9307	0.0	0.0	0.0	0.0	0.2761007388653334	0.3994953776974945	0.17047480922384253	0.19982460606653088	0.0	0.0
46122	0.0	0.0	0.0	0.0	0.0	0.0	0.0	0.0	0.0	0.0
9327	0.0	0.0	0.0	0.0	0.0	0.0	0.0	0.0	0.0	0.0
17231	0.0	0.3735241656692704	0.4491904161457826	0.40298060410845293	0.3089240464186302	0.3329871542967104	0.0	0.10503575738389459	0.05364793041447001	0.0
9332	0.0	0.20300440997040453	0.18321066839010974	0.21374577978846138	0.41415110829800006	0.0	0.38394845769172603	0.0	0.23699154476109988	0.19730379672781054
55438	0.0	0.0	0.0	0.0	0.0	0.0	0.0	0.0	0.0	0.0
9356	0.0	0.0	0.0	0.0	0.0	0.0	0.0	0.0	0.0	0.0
39257	0.0	0.0	0.0	0.0	0.0	0.0	0.0	0.0	0.0	0.0
9364	0.0	0.0	0.0	0.0	0.0	0.0	0.0	0.0	0.0	0.0
9361	0.0	0.0	0.0	0.0	0.0	0.0	0.0	0.0	0.0	0.0
9376	0.0	0.0	0.0	0.0	0.0	0.0	0.0	0.0	0.0	0.0
55404	0.0	0.0	0.0	0.0	0.0	0.0	0.0	0.0	0.0	0.0
32430	0.0	0.0	0.0	0.0	0.0	0.0	0.0	0.0	0.0	0.0
41056	0.0	0.0	0.0	0.0	0.0	0.0	0.0	0.0	0.0	0.0
39284	0.0	0.0	0.0	0.0	0.0	0.0	0.0	0.0	0.0	0.0
69164	0.0	0.0	0.0	0.0	0.0	0.0	0.0	0.0	0.0	0.0
49959	0.0	0.0	0.0	0.0	0.0	0.0	0.0	0.0	0.0	0.0
69180	0.0	0.0	0.0	0.0	0.0	0.0	0.0	0.0	0.0	0.0
46177	0.0	0.0	0.0	0.0	0.0	0.0	0.0	0.0	0.0	0.0
3657	0.0	0.6265570265425927	0.32816289659134507	0.08481054144800364	0.2476058326821693	0.2544316243440109	0.4105304600154587	0.27477643759789694	0.06594634502349526	0.0
34610	0.0	0.0	0.0	0.0	0.0	0.0	0.0	0.0	0.0	0.0
34612	0.0	0.0	0.0	0.0	0.0	0.0	0.0	0.0	0.0	0.0
39207	0.0	0.0	0.3218875824868201	0.0	0.0	0.0	0.0	0.0	0.0	0.0
48354	0.0	0.0	0.0	0.0	0.0	0.0	0.0	0.0	0.0	0.0
10559	0.0	0.0	0.0	0.0	0.0	0.0	0.0	0.0	0.0	0.0
22979	0.0	0.0	0.0	0.0	0.0	0.0	0.0	0.0	0.0	0.0
45673	0.0	0.0	0.0	0.0	0.0	0.0	0.0	0.0	0.0	0.0
48344	0.0	0.0	0.0	0.0	0.0	0.0	0.0	0.0	0.0	0.0
11669	0.0	0.0	0.0	0.0	0.0	0.0	0.0	0.0	0.0	0.0
48316	0.0	0.0	0.0	0.0	0.0	0.0	0.0	0.0	0.0	0.0
33903	0.0	0.0	0.0	0.0	0.0	0.0	0.0	0.0	0.0	0.0
34662	0.0	0.0	0.0	0.0	0.0	0.0	0.0	0.0	0.0	0.0
46250	0.0	0.0	0.0	0.0	0.0	0.0	0.0	0.0	0.0	0.0
151	0.0	0.0	0.0	0.0	0.0	0.0	0.0	0.0	0.0	0.0
20815	0.0	0.43809190700727074	0.5583980553767736	0.39885575384055255	0.19565756243454646	0.0	0.0	0.029590116689759614	0.049510512897138946	0.024755256448569473
11492	0.0	0.24323876863191418	0.0	0.24323876863191418	0.0	0.0	0.24323876863191418	0.0	0.0	0.0
46262	0.0	0.0	0.0	0.0	0.15497709929440232	0.15497709929440232	0.46493129788320686	0.0	0.0	0.0
11495	0.0	0.0	0.0	0.0	0.0	0.0	0.0	0.0	0.0	0.0
160	0.0	0.0	0.0	0.0	0.0	0.0	0.0	0.0	0.0	0.0
55397	0.0	0.0	0.0	0.0	0.0	0.0	0.0	0.0	0.0	0.0
55385	0.0	0.0	0.0	0.0	0.0	0.0	0.0	0.0	0.0	0.0
43386	0.0	0.0	0.0	0.0	0.0	0.0	0.0	0.0	0.0	0.0
20859	0.0	0.0	0.0	0.0	0.0	0.0	0.0	0.0	0.0	0.0
46213	0.0	0.0	0.0	0.0	0.0	0.0	0.0	0.3218875824868201	0.3218875824868201	0.0
32588	0.0	0.0	0.3218875824868201	0.0	0.0	0.3218875824868201	0.3218875824868201	0.0	0.0	0.0
9249	0.0	0.0	0.0	0.0	0.0	0.0	0.0	0.0	0.0	0.0
9254	0.0	0.0	0.0	0.0	0.0	0.0	0.0	0.0	0.0	0.0
9220	0.0	0.0	0.0	0.3662040962227032	0.0	0.0	0.3662040962227032	0.0	0.0	0.0
9227	0.0	0.0	0.0	0.0	0.0	0.0	0.0	0.0	0.0	0.0
3796	0.0	0.0	0.0	0.0	0.0	0.0	0.0	0.0	0.0	0.0
9238	0.0	0.0	0.0	0.0	0.0	0.0	0.0	0.0	0.0	0.0
9287	0.0	0.0	0.0	0.0	0.0	0.0	0.0	0.0	0.0	0.0
43312	0.0	0.0	0.0	0.0	0.0	0.0	0.0	0.0	0.0	0.0
32500	0.0	0.0	0.5493061443340549	0.46209812037329684	0.0	0.0	0.10136627702704111	0.0	0.0	0.0
3758	0.0	0.0	0.0	0.0	0.0	0.0	0.0	0.0	0.0	0.0
9278	0.0	0.6079275345862545	0.4363921735553154	0.36162623412190786	0.2567601938839291	0.36864810274563425	0.28923080329703565	0.16622369076912996	0.034888191244715976	0.06946610460377062
23929	0.0	0.0	0.0	0.0	0.0	0.0	0.0	0.0	0.0	0.0
3853	0.0	0.0	0.0	0.0	0.0	0.0	0.0	0.0	0.0	0.40546510810816444
10472	0.0	0.3054302439580517	0.5733630301529776	0.23738214233090935	0.1424292853985456	0.27346422796520753	0.1424292853985456	0.18990571386472746	0.0	0.0
23932	0.0	0.0	0.6931471805599453	0.17328679513998632	0.34657359027997264	0.0	0.0	0.0	0.23104906018664842	0.0
3836	0.0	0.0	0.0	0.0	0.0	0.0	0.0	0.0	0.0	0.0
34721	0.0	0.0	0.0	0.0	0.0	0.0	0.0	0.0	0.0	0.0
48470	0.0	0.0	0.0	0.0	0.0	0.0	0.0	0.0	0.0	0.0
10432	0.0	0.0	0.0	0.0	0.0	0.0	0.0	0.0	0.0	0.0
11509	0.0	0.0	0.0	0.0	0.0	0.0	0.0	0.0	0.0	0.0
47886	0.0	0.0	0.0	0.0	0.0	0.0	0.0	0.0	0.0	0.0
22857	0.0	0.0	0.0	0.0	0.0	0.0	0.0	0.0	0.0	0.0
108	0.0	0.0	0.0	0.0	0.0	0.0	0.0	0.0	0.0	0.0
103	0.0	0.0	0.0	0.0	0.0	0.0	0.0	0.0	0.0	0.0
11571	0.0	0.0	0.0	0.0	0.0	0.0	0.0	0.0	0.0	0.0
22812	0.0	0.23104906018664842	0.46209812037329684	0.0	0.0	0.1351550360360548	0.0	0.1351550360360548	0.0	0.1351550360360548
11594	0.0	0.0	0.0	0.0	0.0	0.0	0.0	0.0	0.0	0.0
18822	0.0	0.0	0.0	0.0	0.0	0.0	0.0	0.0	0.0	0.0
8009	0.0	0.0	0.0	0.0	0.0	0.0	0.0	0.0	0.0	0.0
8021	0.0	0.0	0.29706307738283366	0.0	0.0	0.0	0.0	0.0	0.0	0.0
41271	0.0	0.0	0.0	0.0	0.0	0.0	0.0	0.0	0.0	0.0
17490	0.0	0.0	0.0	0.0	0.0	0.0	0.0	0.0	0.0	0.0
33745	0.0	0.0	0.0	0.0	0.0	0.0	0.0	0.0	0.0	0.0
4979	0.0	0.0	0.0	0.0	0.0	0.0	0.0	0.0	0.0	0.0
4990	0.0	0.0	0.0	0.0	0.0	0.0	0.0	0.0	0.0	0.0
55252	0.0	0.0	0.0	0.0	0.0	0.0	0.0	0.0	0.0	0.0
46381	0.0	0.0	0.0	0.0	0.0	0.0	0.0	0.0	0.0	0.0
10293	0.0	0.0	0.0	0.0	0.0	0.0	0.0	0.0	0.0	0.10216512475319815
9149	0.0	0.0	0.0	0.0	0.0	0.0	0.0	0.0	0.0	0.0
3887	0.0	0.0	0.0	0.0	0.0	0.0	0.0	0.0	0.0	0.0
3002	0.0	0.0	0.0	0.0	0.0	0.0	0.0	0.0	0.0	0.0
49717	0.0	0.0	0.0	0.0	0.0	0.0	0.0	0.0	0.0	0.0
54163	0.0	0.0	0.0	0.0	0.0	0.0	0.0	0.0	0.0	0.0
10271	0.0	0.0	0.0	0.0	0.0	0.0	0.0	0.0	0.0	0.0
9170	0.0	0.5049522834865582	0.2176263318049951	0.33006095485779957	0.42436408481717086	0.1846617413320726	0.20005021977641202	0.04842593160075825	0.037904252168162275	0.0
10288	0.0	0.0	0.0	0.0	0.0	0.0	0.0	0.0	0.0	0.0
3053	0.0	0.0	0.0	0.0	0.0	0.0	0.0	0.0	0.0	0.0
54143	0.0	0.0	0.0	0.0	0.0	0.0	0.0	0.0	0.0	0.0
32659	0.0	0.0	0.0	0.0	0.0	0.0	0.0	0.0	0.0	0.0
41286	0.0	0.0	0.0	0.0	0.0	0.0	0.0	0.0	0.0	0.0
41287	0.0	0.0	0.0	0.0	0.0	0.0	0.0	0.0	0.0	0.0
3058	0.0	0.0	0.0	0.0	0.0	0.0	0.0	0.0	0.0	0.0
9136	0.0	0.0	0.0	0.0	0.0	0.0	0.0	0.0	0.0	0.0
8002	0.0	0.0	0.0	0.0	0.0	0.0	0.0	0.0	0.0	0.0
9138	0.0	0.0	0.0	0.0	0.0	0.0	0.0	0.0	0.0	0.0
3914	0.0	0.0	0.0	0.21972245773362198	0.23025850929940456	0.16094379124341004	0.0	0.0	0.0	0.0
10320	0.0	0.0	0.0	0.0	0.0	0.0	0.0	0.0	0.0	0.0
10310	0.0	0.0	0.0	0.0	0.0	0.0	0.0	0.0	0.0	0.0
10314	0.0	0.0	0.0	0.0	0.0	0.0	0.0	0.0	0.0	0.0
11838	0.0	0.0	0.0	0.0	0.0	0.0	0.0	0.0	0.0	0.0
9071	0.0	0.0	0.8958797346140275	0.23104906018664842	0.0	0.23104906018664842	0.0	0.11552453009332421	0.11552453009332421	0.11552453009332421
9076	0.0	0.0	0.0	0.0	0.0	0.0	0.0	0.0	0.0	0.0
10380	0.0	0.12798281923057533	1.0150220498520226	0.1337001554929708	0.2047524525058792	0.0	0.15925190750457272	0.0	0.07350088038672588	0.0
9060	0.0	0.0	0.0	0.0	0.0	0.0	0.0	0.0	0.0	0.0
3950	0.0	0.6398281666707187	0.0	0.31421508617002003	0.10269633606314327	0.0	0.17328679513998632	0.17328679513998632	0.09241962407465937	0.0
10364	0.0	0.0	0.0	0.0	0.0	0.0	0.0	0.0	0.0	0.0
9092	0.0	0.0	0.0	0.5493061443340549	0.0	0.6931471805599453	0.23104906018664842	0.0	0.0	0.0
35997	0.0	0.0	0.0	0.0	0.0	0.0	0.0	0.0	0.0	0.0
9082	0.0	0.4605170185988091	0.40235947810852507	0.25584278811044947	0.34657359027997264	0.15403270679109896	0.3080654135821979	0.46209812037329684	0.0	0.10986122886681099
35944	0.0	0.0	0.0	0.0	0.0	0.0	0.0	0.0	0.0	0.0
35955	0.0	0.0	0.0	0.0	0.0	0.0	0.0	0.0	0.0	0.0
46449	0.0	0.24520731325293155	0.12260365662646577	0.0	0.0	0.24520731325293155	0.0	0.24520731325293155	0.0	0.0
49697	0.0	0.0	0.0	0.0	0.0	0.0	0.0	0.0	0.0	0.0
22758	0.0	0.0	0.0	0.0	0.0	0.0	0.0	0.0	0.0	0.0
35909	0.0	0.0	0.0	0.0	0.0	0.0	0.0	0.0	0.0	0.0
33884	0.0	0.27101714069798305	0.14265391778828526	0.0	0.1361696487979087	0.0	0.08623272658572188	0.09033904689932767	0.0	0.18067809379865535
46460	0.0	0.0	0.0	0.0	0.0	0.0	0.0	0.0	0.0	0.0
3110	0.0	0.0	0.0	0.0	0.0	0.0	0.0	0.0	0.0	0.0
43104	0.0	0.0	0.3662040962227032	0.3662040962227032	0.0	0.3662040962227032	0.0	0.0	0.0	0.0
43118	0.0	0.0	0.0	0.0	0.0	0.0	0.0	0.0	0.0	0.0
41103	0.0	0.0	0.0	0.0	0.0	0.0	0.0	0.0	0.0	0.0
42004	0.0	0.2310490601866484	0.2079441541679836	0.0	0.0	0.0	0.2079441541679836	0.0	0.0	0.0
45278	0.0	0.0	0.0	0.0	0.0	0.0	0.0	0.0	0.0	0.0
3139	0.0	0.0	0.0	0.0	0.0	0.0	0.0	0.0	0.0	0.0
9052	0.0	0.0	0.0	0.48827212829693767	0.3342394215058387	0.16711971075291934	0.0	0.0	0.3342394215058387	0.18800967459703427
9029	0.0	0.0	0.0	0.0	0.0	0.0	0.0	0.0	0.0	0.0
9020	0.0	0.0	0.0	0.0	0.0	0.0	0.0	0.0	0.0	0.0
18678	0.0	0.0	0.0	0.0	0.0	0.0	0.0	0.0	0.0	0.0
56824	0.0	0.0	0.0	0.0	0.0	0.0	0.0	0.0	0.0	0.0
9005	0.0	0.0	0.0	0.0	0.0	0.0	0.0	0.0	0.0	0.0
3181	0.0	0.0	0.0	0.0	0.0	0.0	0.0	0.0	0.0	0.0
42075	0.0	0.0	0.24323876863191418	0.0	0.0	0.0	0.0	0.0	0.0	0.0
10206	0.0	0.0	0.1630934542493989	0.09043243643352034	0.0	0.2553386440475868	0.16665960847389508	0.18086487286704067	0.0851128813491956	0.0
49773	0.0	0.0	0.3226152020363291	0.12531140530851856	0.19730379672781054	0.0	0.0	0.09865189836390527	0.09865189836390527	0.0
39115	0.0	0.0	0.0	0.0	0.0	0.0	0.0	0.0	0.0	0.0
34947	0.0	0.0	0.0	0.0	0.0	0.0	0.0	0.0	0.0	0.0
39101	0.0	0.0	0.0	0.0	0.0	0.0	0.0	0.0	0.0	0.0
22656	0.0	0.0	0.0	0.0	0.0	0.0	0.0	0.0	0.0	0.0
10220	0.0	0.0	0.0	0.0	0.0	0.0	0.0	0.0	0.0	0.0
18668	0.0	0.0	0.0	0.0	0.0	0.0	0.0	0.0	0.0	0.0
47650	0.0	0.0	0.0	0.0	0.0	0.0	0.0	0.0	0.0	0.0
10217	0.0	0.0	0.0	0.0	0.0	0.0	0.0	0.0	0.0	0.0
10215	0.0	0.0	0.0	0.0	0.0	0.0	0.0	0.0	0.0	0.0
22665	0.0	0.0	0.0	0.0	0.0	0.0	0.0	0.0	0.0	0.0
10237	0.0	0.0	0.0	0.0	0.0	0.0	0.0	0.0	0.0	0.0
10260	0.0	0.0	0.0	0.0	0.0	0.0	0.0	0.0	0.0	0.0
44255	0.0	0.0	0.0	0.0	0.0	0.0	0.0	0.0	0.0	0.0
17504	0.0	0.0	0.0	0.0	0.0	0.0	0.0	0.34657359027997264	0.0	0.23104906018664842
33809	0.0	0.0	0.0	0.0	0.0	0.0	0.34657359027997264	0.0	0.0	0.0
46527	0.0	0.0	0.0	0.0	0.0	0.0	0.0	0.0	0.0	0.0
11786	0.0	0.0	0.0	0.0	0.0	0.0	0.0	0.0	0.0	0.0
43087	0.0	0.0	0.0	0.0	0.0	0.0	0.0	0.0	0.0	0.0
530	0.0	0.0	0.0	0.0	0.0	0.0	0.0	0.0	0.0	0.0
1820	0.0	0.0	0.0	0.0	0.0	0.0	0.0	0.0	0.0	0.0
20441	0.0	0.36107336014696134	0.134326868036151	0.134326868036151	0.134326868036151	0.36107336014696134	0.18053668007348067	0.40298060410845293	0.21459172165788004	0.21459172165788004
1812	0.0	0.0	0.0	0.0	0.0	0.0	0.0	0.0	0.0	0.0
1813	0.0	0.0	0.0	0.0	0.0	0.0	0.0	0.0	0.0	0.0
1840	0.0	0.47301035898220906	0.14265391778828526	0.23616958080786074	0.0	0.1361696487979087	0.1338381354166564	0.0	0.0	0.0
1847	0.0	0.0	0.0	0.0	0.0	0.0	0.0	0.0	0.0	0.0
1848	0.0	0.0	0.0	0.0	0.0	0.0	0.0	0.0	0.0	0.0
526	0.0	0.0	0.0	0.0	0.0	0.0	0.0	0.0	0.0	0.0
63026	0.0	0.0	0.0	0.0	0.0	0.0	0.0	0.0	0.0	0.0
2992	0.0	0.0	0.0	0.0	0.0	0.0	0.0	0.0	0.0	0.0
59919	0.0	0.0	0.0	0.0	0.0	0.0	0.0	0.0	0.0	0.0
49318	0.0	0.0	0.0	0.0	0.0	0.0	0.0	0.0	0.0	0.0
2991	0.0	0.0	0.0	0.0	0.0	0.0	0.0	0.0	0.0	0.0
584	0.0	0.0	0.21972245773362198	0.24413606414846883	1.3183347464017316	0.25541281188299536	0.10216512475319815	0.0	0.05675840264066563	0.15324768712979722
1804	0.0	0.0	0.0	0.0	0.0	0.0	0.0	0.0	0.0	0.0
1803	0.0	0.09627044174443684	0.10830424696249145	0.20386681781174862	0.0	0.09902102579427789	0.0	0.0	0.0	0.0
564	0.0	0.0	0.0	0.0	0.0	0.0	0.0	0.0	0.0	0.0
1895	0.0	0.0	0.0	0.0	0.0	0.0	0.0	0.0	0.0	0.0
60583	0.0	0.0	0.0	0.0	0.0	0.0	0.0	0.0	0.0	0.0
8950	0.0	0.34638205185152904	0.5802964716647592	0.6020020673571526	0.48647753726382836	0.08958797346140275	0.11552453009332421	0.29706307738283366	0.09939626599152002	0.11552453009332421
59925	0.0	0.0	0.0	0.0	0.0	0.0	0.0	0.0	0.0	0.0
6815	0.0	0.3662040962227032	0.3662040962227032	0.0	0.0	0.0	0.0	0.27465307216702745	0.0	0.0
2914	0.0	0.0	0.0	0.0	0.0	0.0	0.0	0.0	0.0	0.0
8965	0.0	0.0	0.0	0.0	0.0	0.0	0.0	0.0	0.0	0.0
8975	0.0	0.0	0.0	0.0	0.0	0.0	0.0	0.0	0.0	0.0
55716	0.0	0.0	0.0	0.0	0.0	0.0	0.0	0.0	0.0	0.0
8987	0.0	0.0	0.0	0.0	0.0	0.0	0.0	0.0	0.0	0.0
6852	0.0	0.0	0.0	0.3662040962227032	0.0	0.0	0.0	0.0	0.0	0.0
8993	0.0	0.0	0.0	0.0	0.0	0.0	0.0	0.0	0.0	0.0
4718	0.0	0.0	0.0	0.0	0.0	0.0	0.0	0.0	0.0	0.0
6856	0.0	0.0	0.0	0.0	0.0	0.0	0.0	0.0	0.0	0.0
32972	0.0	0.34657359027997264	0.34657359027997264	0.34657359027997264	0.34657359027997264	0.0	0.0	0.0	0.0	0.0
18493	0.0	0.0	0.0	0.0	0.0	0.0	0.0	0.0	0.0	0.0
32988	0.0	0.0	0.0	0.0	0.0	0.0	0.0	0.0	0.0	0.0
60609	0.0	0.0	0.0	0.0	0.0	0.0	0.0	0.0	0.0	0.0
4605	0.0	0.7132695889414263	0.1366747166942212	0.1366747166942212	0.1366747166942212	0.0683373583471106	0.20501207504133181	0.11197025034111797	0.2733494333884424	0.1366747166942212
56640	0.0	0.0	0.0	0.4620981203732968	0.0	0.0	0.0	0.0	0.0	0.0
54272	0.0	0.0	0.0	0.0	0.0	0.0	0.0	0.0	0.0	0.0
54280	0.0	0.0	0.0	0.0	0.0	0.0	0.0	0.0	0.0	0.0
4629	0.0	0.0	0.0	0.0	0.0	0.0	0.0	0.0	0.0	0.0
56623	0.0	0.0	0.0	0.0	0.0	0.0	0.0	0.0	0.0	0.0
21934	0.0	0.0	0.0	0.0	0.0	0.0	0.0	0.0	0.0	0.0
21938	0.0	0.0	0.0	0.0	0.0	0.0	0.0	0.0	0.0	0.0
55793	0.0	0.0	0.0	0.0	0.0	0.0	0.0	0.0	0.0	0.0
56600	0.0	0.0	0.0	0.0	0.0	0.0	0.0	0.0	0.0	0.0
18459	0.0	0.0	0.0	0.0	0.0	0.0	0.0	0.0	0.0	0.0
4685	0.0	0.0	0.0	0.0	0.0	0.0	0.0	0.0	0.0	0.0
18433	0.0	0.0	0.0	0.0	0.0	0.0	0.0	0.0	0.0	0.0
54227	0.0	0.0	0.0	0.0	0.0	0.0	0.0	0.0	0.0	0.0
4694	0.0	0.0	0.0	0.0	0.2986265782046758	0.25596563846115067	0.0	0.0	0.0	0.25596563846115067
56671	0.0	0.0	0.0	0.0	0.0	0.0	0.0	0.0	0.0	0.0
65239	0.0	0.0	0.0	0.0	0.0	0.0	0.0	0.0	0.0	0.0
56661	0.0	0.0	0.0	0.0	0.0	0.0	0.0	0.0	0.0	0.0
51457	0.0	0.0	0.0	0.0	0.0	0.0	0.0	0.0	0.0	0.0
1726	0.0	0.0	0.0	0.0	0.0	0.0	0.0	0.0	0.0	0.0
1723	0.0	0.0	0.0	0.0	0.0	0.0	0.0	0.0	0.0	0.0
6767	0.0	0.10595477458989334	0.1028384576901906	0.21157899465867977	0.07052633155289326	0.3153820100705648	0.10595477458989334	0.10841256596175665	0.058784416973738804	0.10685940983685338
51369	0.0	0.0	0.0	0.0	0.0	0.0	0.0	0.0	0.0	0.0
1715	0.0	0.23361336507554456	0.24028803264913157	0.40295783510075683	0.19919479239091656	0.1474993332499597	0.19919479239091656	0.1474993332499597	0.24583222208326616	0.0
6779	0.0	0.0	0.0	0.0	0.0	0.0	0.0	0.0	0.0	0.0
6751	0.0	0.0	0.0	0.0	0.0	0.0	0.0	0.0	0.0	0.0
412	0.0	0.0	0.0	0.0	0.0	0.0	0.0	0.0	0.0	0.0
422	0.0	0.0	0.0	0.0	0.0	0.0	0.0	0.0	0.0	0.0
6793	0.0	0.0	0.0	0.0	0.0	0.0	0.0	0.0	0.0	0.0
2874	0.0	0.12588624491154535	0.2517724898230907	0.755317469469272	0.061261992636950646	0.18378597791085194	0.061261992636950646	0.061261992636950646	0.061261992636950646	0.061261992636950646
20521	0.0	0.0	0.0	0.0	0.0	0.0	0.0	0.0	0.0	0.0
52113	0.0	0.0	0.0	0.0	0.0	0.0	0.0	0.0	0.0	0.0
2869	0.0	0.0	0.4261870230596063	0.0	0.34657359027997264	0.15403270679109896	0.0	0.0	0.0	0.11552453009332421
1797	0.0	0.21799047934530644	0.4359809586906129	0.0	0.0	0.21799047934530644	0.0	0.0	0.47957905455967414	0.899210727299389
1786	0.0	0.0	0.0	0.0	0.0	0.0	0.0	0.0	0.0	0.0
1787	0.0	0.0	0.0	0.0	0.0	0.0	0.21799047934530644	0.0	0.17047480922384253	0.17047480922384253
60455	0.0	0.0	0.0	0.0	0.0	0.0	0.0	0.0	0.0	0.0
65089	0.0	0.0	0.0	0.0	0.0	0.0	0.0	0.0	0.0	0.0
19049	0.0	0.0	0.0	0.0	0.0	0.0	0.0	0.0	0.0	0.0
1770	0.0	0.0	0.0	0.0	0.0	0.2162122387839237	0.0	0.0	0.0	0.0
6738	0.0	0.39964921213306176	0.0	0.19982460606653088	0.47957905455967414	0.26823965207235	0.134119826036175	0.19982460606653088	0.40235947810852507	0.134119826036175
1759	0.0	0.0	0.0	0.0	0.0	0.0	0.0	0.0	0.0	0.0
1746	0.0	0.0	0.0	0.0	0.0	0.0	0.0	0.0	0.0	0.0
6708	0.0	0.0	0.0	0.0	0.0	0.0	0.0	0.0	0.0	0.0
19061	0.0	0.0	0.0	0.0	0.0	0.0	0.0	0.0	0.0	0.0
1737	0.0	0.0	0.0	0.0	0.0	0.0	0.0	0.0	0.0	0.0
1736	0.0	0.7099733285108573	0.0	0.0	0.0	0.0	0.0	0.0	0.0	0.0
49297	0.0	0.0	0.0	0.0	0.0	0.0	0.0	0.0	0.0	0.0
4559	0.0	0.0	0.0	0.0	0.0	0.0	0.0	0.0	0.0	0.0
18316	0.0	0.0	0.0	0.0	0.0	0.0	0.0	0.0	0.0	0.0
65178	0.0	0.0	0.0	0.0	0.0	0.0	0.0	0.0	0.0	0.0
43895	0.0	0.0	0.0	0.0	0.0	0.0	0.0	0.0	0.0	0.0
54378	0.0	0.0	0.0	0.0	0.0	0.0	0.0	0.0	0.0	0.0
18330	0.0	0.0	0.0	0.0	0.0	0.0	0.0	0.0	0.0	0.0
57818	0.0	0.0	0.0	0.0	0.0	0.0	0.0	0.0	0.0	0.0
4573	0.0	0.0	1.3862943611198906	0.46209812037329684	1.3862943611198906	0.0	0.9241962407465937	0.3662040962227032	0.40546510810816444	0.40546510810816444
42346	0.0	0.0	0.0	0.0	0.0	0.0	0.0	0.0	0.0	0.0
51353	0.0	0.0	0.0	0.0	0.0	0.0	0.0	0.0	0.0	0.0
56397	0.0	0.0	0.0	0.0	0.0	0.0	0.0	0.0	0.0	0.0
342	0.0	0.0	0.0	0.0	0.0	0.0	0.0	0.0	0.0	0.0
49558	0.0	0.0	0.0	0.0	0.0	0.0	0.0	0.0	0.0	0.0
16208	0.0	0.17896613835648115	0.0	0.17896613835648115	0.17896613835648115	0.0	0.0	0.0	0.0	0.0
20648	0.0	0.0	0.0	0.0	0.0	0.0	0.0	0.0	0.0	0.0
20657	0.0	0.0	0.0	0.0	0.0	0.0	0.0	0.0	0.0	0.0
326	0.0	0.0	0.0	0.0	0.0	0.0	0.0	0.0	0.0	0.0
19317	0.0	0.0	0.0	0.0	0.0	0.0	0.0	0.0	0.0	0.0
58656	0.0	0.0	0.0	0.0	0.0	0.0	0.0	0.0	0.0	0.0
1605	0.0	0.0	0.0	0.0	0.0	0.0	0.0	0.0	0.0	0.0
52265	0.0	0.0	0.0	0.0	0.0	0.0	0.0	0.0	0.0	0.0
1619	0.0	0.0	0.0	0.0	0.0	0.0	0.0	0.0	0.0	0.0
1645	0.0	0.0	0.0	0.0	0.0	0.0	0.0	0.0	0.0	0.0
4942	0.0	0.0	0.0	0.0	0.0	0.0	0.0	0.0	0.0	0.0
1639	0.0	0.0	0.5198603854199589	0.0	0.24520731325293155	0.12260365662646577	0.0	0.3678109698793973	0.0	0.0
4959	0.0	0.0	0.0	0.0	0.0	0.0	0.0	0.0	0.0	0.0
4955	0.0	0.0	0.18053668007348067	1.2637567605143647	0.15242801040937937	0.10161867360625289	0.18053668007348067	0.10161867360625289	0.0	0.050809336803126444
1671	0.0	0.0	0.0	0.0	0.0	0.0	0.0	0.0	0.0	0.0
1661	0.0	0.0	0.0	0.0	0.0	0.0	0.0	0.0	0.0	0.0
1653	0.0	0.0	0.0	0.0	0.0	0.0	0.0	0.0	0.0	0.0
1654	0.0	0.0	0.0	0.0	0.0	0.0	0.0	0.0	0.0	0.0
19365	0.0	0.0	0.0	0.0	0.0	0.0	0.0	0.0	0.0	0.0
50197	0.0	0.0	0.0	0.0	0.0	0.0	0.0	0.0	0.0	0.0
1681	0.0	0.0	0.0	0.0	0.0	0.0	0.0	0.0	0.0	0.0
53301	0.0	0.0	0.0	0.0	0.0	0.0	0.0	0.0	0.0	0.0
4911	0.0	0.0	0.0	0.0	0.0	0.0	0.0	0.34657359027997264	0.0	0.0
1674	0.0	0.5434689422828968	0.6492306548660883	0.3212781699185479	0.2723185369630685	0.5502163269865923	0.056796409947267014	0.022241404759261053	0.022550313158695233	0.12115166572430439
4917	0.0	0.0	0.0	0.0	0.0	0.0	0.0	0.0	0.0	0.0
60820	0.0	0.19804205158855578	0.0	0.0	0.0	0.17328679513998632	0.0	0.0	0.0	0.0
65041	0.0	0.0	0.0	0.0	0.0	0.0	0.0	0.0	0.0	0.0
4889	0.0	0.0	0.0	0.0	0.0	0.0	0.0	0.0	0.0	0.0
1584	0.0	0.0	0.0	0.0	0.0	0.0	0.0	0.0	0.0	0.0
1592	0.0	0.2310490601866484	0.4620981203732968	0.3342394215058387	0.37601934919406854	0.2772588722239781	0.12602676010180824	0.0	0.0	0.0
55524	0.0	0.0	0.1771219302303112	0.0	0.0	0.1771219302303112	0.0	0.0	0.1771219302303112	0.1771219302303112
4857	0.0	0.0	0.0	0.0	0.0	0.0	0.0	0.0	0.0	0.0
18266	0.0	0.0	0.0	0.0	0.0	0.0	0.0	0.0	0.0	0.0
55514	0.0	0.13241890959783106	0.13241890959783106	0.0	0.0	0.13241890959783106	0.0	0.0	0.0	0.0
4883	0.0	0.0	0.0	0.0	0.0	0.0	0.0	0.0	0.0	0.0
17172	0.0	0.0	0.0	0.0	0.0	0.0	0.0	0.0	0.0	0.0
17166	0.0	0.0	0.0	0.0	0.0	0.0	0.0	0.0	0.0	0.0
42461	0.0	0.0	0.0	0.20117973905426254	0.0	0.0	0.0	0.0	0.0	0.0
5969	0.0	0.0	0.0	0.0	0.0	0.0	0.0	0.0	0.0	0.0
57956	0.0	0.0	0.0	0.0	0.0	0.0	0.0	0.0	0.0	0.0
55582	0.0	0.0	0.0	0.0	0.0	0.0	0.0	0.0	0.0	0.0
5989	0.0	0.6539714380359192	0.21799047934530644	0.0	0.0	0.0	0.14631253749400913	0.11811663492093281	0.3543499047627984	0.0
388	0.0	0.0	0.0	0.0	0.0	0.0	0.0	0.0	0.0	0.0
386	0.0	0.0	0.0	0.0	0.0	0.0	0.0	0.0	0.0	0.0
385	0.0	0.08664339756999315	0.2648378191956621	0.0	0.0	0.0	0.13241890959783106	0.0	0.0	0.0
42430	0.0	0.0	0.0	0.0	0.0	0.0	0.0	0.0	0.0	0.0
371	0.0	0.0	0.0	0.0	0.0	0.0	0.0	0.0	0.0	0.0
5977	0.0	0.0	0.0	0.0	0.0	0.0	0.0	0.0	0.0	0.0
375	0.0	0.0	0.0	0.0	0.0	0.0	0.0	0.0	0.0	0.0
42421	0.0	0.0	0.0	0.0	0.0	0.0	0.0	0.0	0.0	0.0
14036	0.0	0.0	0.0	0.0	0.0	0.0	0.0	0.0	0.0	0.0
71591	0.0	0.0	0.0	0.0	0.0	0.0	0.0	0.0	0.0	0.0
51174	0.0	0.0	0.0	0.0	0.0	0.0	0.0	0.0	0.0	0.0
19202	0.0	0.0	0.0	0.0	0.0	0.0	0.0	0.0	0.0	0.0
200	0.0	0.0	0.0	0.0	0.0	0.0	0.0	0.0	0.0	0.0
51168	0.0	0.0	0.0	0.0	0.0	0.0	0.0	0.0	0.0	0.0
216	0.0	0.3367295829986474	0.11224319433288248	0.11728266833317777	0.11337324605540518	0.3070113457325394	0.3358171700903774	0.358351893845611	0.05549785904945173	0.05364793041447001
49429	0.0	0.0	0.0	0.0	0.0	0.0	0.0	0.0	0.0	0.0
5922	0.0	0.4129102511280235	0.3042496587259121	0.19594793809695646	0.306994336173613	0.24905377058627579	0.24905377058627579	0.18113001497183695	0.08662739846479157	0.08662739846479157
5920	0.0	0.0	0.0	0.0	0.0	0.0	0.0	0.0	0.0	0.0
52378	0.0	0.0	0.0	0.0	0.0	0.0	0.0	0.0	0.0	0.0
58777	0.0	0.0	0.0	0.0	0.0	0.0	0.0	0.0	0.0	0.0
4824	0.0	0.0	0.0	0.0	0.0	0.0	0.0	0.0	0.0	0.0
4822	0.0	0.0	0.0	0.0	0.0	0.0	0.0	0.0	0.0	0.0
4823	0.0	0.0	0.0	0.0	0.0	0.0	0.0	0.0	0.0	0.0
1529	0.0	0.0	0.0	0.0	0.0	0.0	0.0	0.0	0.0	0.0
4831	0.0	0.0	0.0	0.0	0.0	0.0	0.0	0.0	0.0	0.0
60655	0.0	0.0	0.0	0.0	0.0	0.0	0.0	0.0	0.0	0.0
1501	0.0	0.0	0.0	0.0	0.0	0.0	0.0	0.0	0.0	0.0
1562	0.0	0.0	0.0	0.0	0.34657359027997264	0.0	0.0	0.0	0.0	0.0
1561	0.0	0.11728266833317777	0.2616305678201658	0.0	0.10860321793404941	0.0	0.0	0.0	0.0	0.0
6905	0.0	0.0	0.0	0.0	0.0	0.0	0.0	0.34657359027997264	0.0	0.0
1539	0.0	0.34657359027997264	0.0	0.0	0.0	0.0	0.0	0.0	0.0	0.0
6913	0.0	0.0	0.0	0.0	0.0	0.0	0.0	0.0	0.0	0.0
55663	0.0	0.0	0.0	0.0	0.0	0.0	0.0	0.0	0.0	0.0
1466	0.0	0.0	0.0	0.0	0.0	0.0	0.0	0.0	0.0	0.0
5898	0.0	0.0	0.0	0.0	0.0	0.0	0.0	0.0	0.0	0.0
1464	0.0	0.0	0.0	0.0	0.0	0.0	0.0	0.0	0.0	0.0
1463	0.0	0.28717785471524093	0.09572595157174699	0.0	0.0	0.09831313945206448	0.0	0.0	0.0	0.0
18111	0.0	0.0	0.0	0.0	0.0	0.0	0.0	0.0	0.0	0.0
4733	0.0	0.18053668007348067	0.33850627513777626	0.1934321572215864	0.16494108310095368	0.1552386664479564	0.14661429608973658	0.7037486212307357	0.3524682239952852	0.3524682239952852
4721	0.0	0.16665960847389508	0.1770758340035135	0.0	0.18888088960374774	0.0	0.0	0.0	0.0	0.0
43682	0.0	0.0	0.0	0.0	0.0	0.0	0.0	0.0	0.0	0.0
20701	0.0	0.16665960847389508	0.5035449796461814	0.2553386440475868	0.1702257626983912	0.16665960847389508	0.0851128813491956	0.0	0.0851128813491956	0.0851128813491956
5848	0.0	0.0	0.0	0.0	0.0	0.0	0.0	0.0	0.0	0.0
274	0.0	0.0	0.0	0.0	0.0	0.0	0.0	0.0	0.0	0.0
71632	0.0	0.0	0.0	0.0	0.0	0.0	0.0	0.0	0.0	0.0
273	0.0	0.0	0.0	0.0	0.0	0.0	0.0	0.0	0.0	0.0
16160	0.0	0.0	0.0	0.0	0.0	0.0	0.0	0.0	0.0	0.0
51112	0.0	0.0	0.0	0.0	0.0	0.0	0.0	0.0	0.0	0.0
27916	0.0	0.0	0.0	0.0	0.0	0.0	0.0	0.0	0.0	0.0
5890	0.0	0.0	0.0	0.0	0.0	0.0	0.0	0.0	0.0	0.0
5894	0.0	0.4359809586906129	0.30995419858880463	0.30995419858880463	0.15497709929440232	0.46493129788320686	0.23623326984186563	0.0	0.0	0.0
247	0.0	0.0	0.0	0.0	0.0	0.0	0.0	0.0	0.0	0.0
5880	0.0	0.3399380202159097	0.39749117543511947	0.4519196720521216	0.21171414209346787	0.5568376008240876	0.2906998027975693	0.18798929304580156	0.08148997167371215	0.06265570265425928
261	0.0	0.0	0.0	0.0	0.0	0.0	0.0	0.0	0.0	0.0
251	0.0	0.0	0.0	0.0	0.0	0.0	0.0	0.0	0.0	0.0
1415	0.0	0.0	0.0	0.0	0.0	0.0	0.0	0.0	0.0	0.0
27785	0.0	0.0	0.0	0.0	0.0	0.0	0.0	0.0	0.0	0.0
1426	0.0	0.0	0.0	0.0	0.0	0.0	0.0	0.0	0.0	0.0
1436	0.0	0.0	0.0	0.0	0.0	0.0	0.0	0.0	0.0	0.0
1435	0.0	0.5973261738344788	0.5177295042091277	0.587086058957317	1.024361895149566	0.5041452285123218	0.24580696850147427	0.06471477540404472	0.06585946806132786	0.08537398740536291
1439	0.0	0.0	0.0	0.0	0.0	0.0	0.0	0.0	0.0	0.0
919	0.0	0.0	0.18483924814931874	0.0	0.11852370709072145	0.0	0.11698763605634946	0.0	0.11010601040597597	0.5077594127066644
1440	0.0	0.5160017720204164	0.277987164150759	0.1389935820753795	0.0	0.277987164150759	0.6949679103768976	0.2206327322531053	0.0	0.0
1447	0.0	0.18934563675695298	0.0	0.2840184551354295	0.10058986952713127	0.18934563675695298	0.0	0.20117973905426254	0.18934563675695298	0.10058986952713127
914	0.0	0.20707555414900003	0.20707555414900003	0.3519273646279901	0.0	0.0	0.21799047934530644	0.0	0.0	0.0
15322	0.0	0.0	0.0	0.0	0.0	0.0	0.0	0.0	0.0	0.0
907	0.0	0.0	0.0	0.0	0.0	0.0	0.0	0.0	0.0	0.0
1450	0.0	0.0	0.0	0.0	0.0	0.0	0.0	0.0	0.0	0.0
982	0.0	0.0	0.0	0.0	0.0	0.0	0.0	0.0	0.0	0.0
984	0.0	0.6049567401720074	0.11292660443072688	0.10354255854316252	0.0	0.18582784419466877	0.10104733086080714	0.032889931023983146	0.0	0.039600244359846666
51913	0.0	0.0	0.0	0.23104906018664842	0.0	0.0	0.6931471805599453	0.0	0.0	0.0
8517	0.0	0.25468971300506477	0.37696051641229844	0.22673383630487792	0.6779031774699327	0.5140483088463884	0.1774997831136197	0.11977910279909747	0.0	0.02288775601391895
966	0.0	0.0	0.0	0.0	0.0	0.0	0.0	0.0	0.0	0.0
20025	0.0	0.04806746237445898	0.04806746237445898	0.0	0.0	0.0	0.0	0.0	0.0	0.04806746237445898
8506	0.0	0.0	0.0	0.0	0.0	0.0	0.0	0.0	0.0	0.0
1409	0.0	0.0	0.0	0.0	0.0	0.0	0.0	0.0	0.0	0.0
958	0.0	0.0	0.0	0.0	0.0	0.0	0.0	0.0	0.0	0.0
8505	0.0	0.2878231366242557	0.3289407275705779	0.0	0.0	0.0	0.0	0.0	0.0	0.0
1401	0.0	0.0	0.0	0.0	0.0	0.0	0.0	0.0	0.0	0.0
1403	0.0	0.0	0.0	0.0	0.0	0.0	0.17328679513998632	0.0	0.0	0.0
44865	0.0	0.0	0.0	0.0	0.0	0.0	0.0	0.0	0.0	0.0
27704	0.0	0.0	0.0	0.0	0.0	0.0	0.0	0.0	0.0	0.0
53160	0.0	0.0	0.0	0.0	0.0	0.0	0.0	0.0	0.0	0.0
993	0.0	0.0	0.0	0.0	0.0	0.0	0.0	0.0	0.0	0.0
2503	0.0	0.0	0.23025850929940456	0.23025850929940456	0.0	0.4605170185988091	0.3218875824868201	0.3218875824868201	0.3218875824868201	0.35765286942980007
65608	0.0	0.0	0.0	0.0	0.0	0.0	0.0	0.0	0.0	0.0
28888	0.0	0.0	0.0	0.0	0.0	0.0	0.0	0.0	0.0	0.0
2519	0.0	0.0	0.0	0.0	0.0	0.0	0.0	0.0	0.0	0.0
60129	0.0	0.0	0.0	0.0	0.0	0.0	0.0	0.0	0.0	0.0
19561	0.0	0.0	0.0	0.0	0.0	0.0	0.0	0.0	0.0	0.0
2435	0.0	0.0	0.0	0.0	0.0	0.0	0.0	0.0	0.0	0.0
2433	0.0	0.0	0.0	0.0	0.0	0.0	0.0	0.0	0.0	0.0
5749	0.0	0.0	0.277987164150759	0.277987164150759	0.555974328301518	0.0	0.469786113185763	0.16347154216862103	0.0	0.0
5745	0.0	0.0	0.0	0.0	0.0	0.0	0.0	0.0	0.0	0.0
65654	0.0	0.0	0.0	0.0	0.0	0.0	0.0	0.0	0.0	0.0
18079	0.0	0.0	0.27465307216702745	0.27465307216702745	0.27465307216702745	0.0	0.27465307216702745	0.27465307216702745	0.27465307216702745	0.5493061443340549
48250	0.0	0.0	0.0	0.0	0.0	0.0	0.0	0.0	0.0	0.0
4254	0.0	0.0	0.0	0.0	0.0	0.0	0.0	0.0	0.0	0.0
54662	0.0	0.18850409497251847	0.18850409497251847	0.0	0.0	0.0	0.18850409497251847	0.0	0.18850409497251847	0.18850409497251847
18053	0.0	0.0	0.0	0.0	0.0	0.0	0.0	0.0	0.0	0.0
4268	0.0	0.0	0.2986265782046758	0.0	0.0	0.2986265782046758	0.0	0.0	0.0	0.0
4271	0.0	0.0	0.12364169813433262	0.7725301979683682	0.19313254949209202	0.128755032994728	0.134119826036175	0.134119826036175	0.134119826036175	0.0
4276	0.0	0.0	0.0	0.0	0.0	0.0	0.0	0.0	0.0	0.0
60192	0.0	0.0	0.0	0.0	0.0	0.0	0.0	0.0	0.0	0.0
2489	0.0	0.0	0.0	0.0	0.0	0.0	0.0	0.0	0.0	0.0
48246	0.0	0.0	0.0	0.0	0.0	0.0	0.0	0.0	0.0	0.0
54631	0.0	0.0	0.0	0.0	0.0	0.0	0.0	0.0	0.0	0.0
4287	0.0	0.0	0.0	0.0	0.0	0.0	0.0	0.0	0.0	0.0
1395	0.0	0.0	0.0	0.0	0.0	0.0	0.0	0.0	0.0	0.0
8561	0.0	0.0	0.0	0.0	0.0	0.0	0.0	0.0	0.0	0.0
8558	0.0	0.0	0.0	0.0	0.0	0.0	0.0	0.0	0.0	0.0
1352	0.0	0.0	0.0	0.0	0.0	0.0	0.0	0.0	0.0	0.0
8576	0.0	0.4605170185988091	0.43893761248202734	0.0	0.0	0.11811663492093281	0.11811663492093281	0.0	0.0	0.11811663492093281
1349	0.0	0.0	0.0	0.0	0.0	0.0	0.0	0.0	0.0	0.0
5778	0.0	0.0	0.0	0.0	0.48647753726382836	0.17328679513998632	0.0	0.0	0.17328679513998632	0.0
5792	0.0	0.0	0.0	0.0	0.0	0.0	0.0	0.0	0.0	0.0
5787	0.0	0.0	0.0	0.0	0.0	0.0	0.0	0.0	0.0	0.0
50329	0.0	0.0	0.0	0.0	0.0	0.0	0.0	0.0	0.0	0.0
5799	0.0	0.20707555414900003	0.20707555414900003	0.4518012090523637	0.2841246820397375	0.4261870230596063	0.11552453009332421	0.2841246820397375	0.0	0.11552453009332421
1361	0.0	0.0	0.0	0.0	0.0	0.0	0.0	0.0	0.0	0.0
20186	0.0	0.0	0.0	0.0	0.0	0.0	0.0	0.0	0.0	0.0
27697	0.0	0.0	0.0	0.0	0.0	0.0	0.0	0.0	0.0	0.0
1330	0.0	0.0	0.0	0.0	0.0	0.0	0.0	0.0	0.0	0.0
822	0.0	0.0	0.0	0.0	0.17328679513998632	0.23104906018664842	0.0	0.0	0.0	0.0
829	0.0	0.0	0.0	0.0	0.0	0.0	0.0	0.0	0.0	0.0
816	0.0	0.0	0.0	0.0	0.0	0.0	0.0	0.0	0.0	0.0
57371	0.0	0.0	0.0	0.0	0.0	0.0	0.0	0.0	0.0	0.0
21603	0.0	0.17896613835648115	0.17896613835648115	0.17896613835648115	0.3579322767129623	0.17896613835648115	0.17896613835648115	0.0	0.17896613835648115	0.0
843	0.0	0.0	0.0	0.0	0.0	0.0	0.0	0.0	0.0	0.0
847	0.0	0.0	0.0	0.0	0.0	0.0	0.0	0.0	0.0	0.0
846	0.0	0.14050192969810527	0.0	0.0	0.0	0.0	0.0	0.0	0.0	0.0
8639	0.0	0.27465307216702745	0.0	0.0	0.0	1.0986122886681098	0.3662040962227032	0.5493061443340549	0.23104906018664842	0.0
20142	0.0	0.0	0.0	0.0	0.0	0.0	0.0	0.0	0.0	0.0
8625	0.0	0.0	0.0	0.0	0.0	0.0	0.0	0.0	0.0	0.0
28708	0.0	0.9210340371976182	0.0	0.2748872195622465	0.0916290731874155	0.0	0.0	0.0	0.0	0.0
19410	0.0	0.0	0.0	0.0	0.4605170185988091	0.6907755278982136	0.24079456086518725	0.5350990241448604	0.24327906486489861	0.08109302162163289
54717	0.0	0.0	0.0	0.0	0.0	0.0	0.0	0.0	0.0	0.0
56298	0.0	0.0	0.0	0.0	0.0	0.0	0.0	0.0	0.0	0.0
887	0.0	0.0	0.0	0.15040773967762744	0.0	0.0	0.0	0.0	0.0	0.0
60030	0.0	0.0	0.0	0.0	0.0	0.0	0.0	0.0	0.0	0.0
54725	0.0	0.0	0.0	0.0	0.0	0.0	0.0	0.0	0.0	0.0
877	0.0	0.0	0.0	0.0	0.0	0.0	0.0	0.0	0.0	0.0
19432	0.0	0.0	0.0	0.0	0.0	0.0	0.0	0.0	0.0	0.0
2408	0.0	0.3218875824868201	0.0	0.0	0.0	0.0	0.0	0.0	0.0	0.0
44998	0.0	0.0	0.0	0.0	0.0	0.0	0.0	0.0	0.0	0.0
2413	0.0	0.6227908884003328	0.4764350296262546	0.4729483393623575	0.39852434301820017	0.2673347766477516	0.438504785311302	0.16547350389105736	0.1621155496872663	0.026156497379620575
2417	0.0	0.0	0.0	0.0	0.0	0.0	0.0	0.0	0.0	0.0
16328	0.0	0.0	0.0	0.0	0.0	0.0	0.0	0.0	0.0	0.0
16315	0.0	0.0	0.0	0.0	0.0	0.0	0.0	0.0	0.0	0.0
4113	0.0	0.0	0.0	0.0	0.0	0.0	0.0	0.0	0.0	0.0
42777	0.0	0.0	0.0	0.0	0.0	0.0	0.0	0.0	0.0	0.0
12019	0.0	0.34657359027997264	0.6931471805599453	0.0	0.0	0.0	0.0	0.0	0.0	0.17328679513998632
2329	0.0	0.0	0.0	0.0	0.0	0.0	0.0	0.0	0.0	0.0
2321	0.0	0.0	0.17664199559864802	0.06594634502349526	0.4121646563968454	0.0	0.10687288989423069	0.24464018137409835	0.08664339756999316	0.0
4117	0.0	0.25849700909837875	0.12588624491154535	0.377658734734636	0.0	0.11564007035920709	0.19273345059867847	0.10841256596175665	0.10203535619930038	0.23128014071841418
2318	0.0	0.0	0.0	0.0	0.0	0.0	0.0	0.0	0.0	0.0
2315	0.0	0.0	0.0	0.0	0.0	0.0	0.0	0.0	0.0	0.0
5611	0.0	0.0	0.358351893845611	0.26823965207235	0.0	0.0	0.0	0.0	0.0	0.0
51790	0.0	0.0	0.0	0.0	0.0	0.0	0.0	0.0	0.0	0.0
5623	0.0	0.0	0.0	0.0	0.0	0.0	0.0	0.0	0.0	0.0
2302	0.0	0.0	0.0	0.0	0.2772588722239781	0.34657359027997264	0.0	0.0	0.0	0.0
2359	0.0	0.0	0.0	0.0	0.0	0.0	0.0	0.0	0.0	0.0
4135	0.0	0.0	0.0	0.0	0.0	0.0	0.0	0.0	0.0	0.0
2348	0.0	0.0	0.0	0.0	0.0	0.0	0.0	0.0	0.0	0.0
2349	0.0	0.0	0.0	0.0	0.0	0.0	0.0	0.0	0.0	0.0
2352	0.0	0.0	0.0	0.0	0.0	0.0	0.0	0.0	0.0	0.0
1293	0.0	0.36119767731092434	0.43717527344748364	0.39857304853445663	0.32500051631641813	0.22096939378979888	0.1381058711186243	0.0	0.06887654607275134	0.02659260036932778
1294	0.0	0.0	0.0	0.0	0.0	0.0	0.0	0.0	0.0	0.0
8668	0.0	0.0	0.0	0.0	0.0	0.0	0.0	0.0	0.0	0.0
12096	0.0	0.0	0.0	0.0	0.0	0.0	0.0	0.0	0.0	0.0
12097	0.0	0.0	0.0	0.0	0.0	0.0	0.0	0.0	0.0	0.0
1276	0.0	0.0	0.0	0.0	0.0	0.0	0.0	0.0	0.0	0.0
1246	0.0	0.0	0.0	0.0	0.0	0.0	0.0	0.0	0.0	0.0
1241	0.0	0.0	0.0	0.0	0.0	0.0	0.0	0.0	0.0	0.0
8695	0.0	0.0	0.0	0.0	0.0	0.0	0.0	0.0	0.0	0.0
8696	0.0	0.0	0.0	0.0	0.0	0.0	0.0	0.0	0.0	0.0
5657	0.0	0.0	0.0	0.0	0.0	0.0	0.0	0.0	0.0	0.0
12071	0.0	0.0	0.0	0.0	0.0	0.0	0.0	0.0	0.0	0.0
1222	0.0	0.0	0.0	0.0	0.0	0.0	0.0	0.0	0.0	0.0
1215	0.0	0.0	0.0	0.0	0.0	0.0	0.0	0.0	0.0	0.0
1210	0.0	0.21356557444273166	0.17668862801667423	0.20707555414900003	0.16962108289600727	0.09939626599152002	0.16962108289600727	0.0	0.0	0.0
1219	0.0	0.0	0.0	0.0	0.0	0.0	0.0	0.0	0.0	0.0
43928	0.0	0.0	0.0	0.0	0.0	0.0	0.0	0.0	0.0	0.0
8757	0.0	0.0	0.0	0.0	0.0	0.0	0.0	0.0	0.0	0.0
729	0.0	0.0	0.0	0.0	0.0	0.0	0.0	0.0	0.0	0.0
721	0.0	0.0	0.0	0.0	0.0	0.0	0.0	0.0	0.0	0.0
21307	0.0	0.0	0.0	0.0	0.0	0.0	0.0	0.0	0.0	0.0
715	0.0	0.0	0.0	0.0	0.0	0.0	0.0	0.0	0.0	0.0
15111	0.0	0.0	0.0	0.0	0.0	0.0	0.0	0.0	0.0	0.0
8721	0.0	0.0	0.0	0.0	0.0	0.0	0.0	0.0	0.0	0.0
57468	0.0	0.3664213367802195	0.0	0.18321066839010974	0.0	0.0	0.0	0.0	0.0	0.0
1205	0.0	0.0	0.0	0.0	0.0	0.0	0.0	0.0	0.0	0.0
2743	0.0	0.0	0.0	0.0	0.0	0.0	0.0	0.0	0.0	0.0
21378	0.0	0.0	0.3662040962227032	0.0	0.0	0.0	0.0	0.0	0.0	0.0
16687	0.0	0.0	0.0	0.0	0.0	0.0	0.0	0.0	0.0	0.0
27515	0.0	0.3112711831728404	0.2870106389801907	0.0	0.12026056535665978	0.0	0.0	0.11107348367250679	0.1190073039348287	0.0
21383	0.0	0.0	0.0	0.0	0.0	0.0	0.0	0.0	0.0	0.0
792	0.0	0.0	0.0	0.0	0.0	0.0	0.0	0.0	0.0	0.0
54805	0.0	0.0	0.0	0.0	0.0	0.0	0.0	0.0	0.0	0.0
783	0.0	0.34657359027997264	0.0	0.0	0.0	0.0	0.0	0.0	0.0	0.0
9825	0.0	0.0	0.0	0.0	0.0	0.0	0.0	0.0	0.0	0.0
42840	0.0	0.25993019270997947	0.0	0.25993019270997947	0.25993019270997947	0.25993019270997947	0.0	0.0	0.0	0.7797905781299383
773	0.0	0.0	0.0	0.0	0.0	0.0	0.0	0.0	0.0	0.0
2711	0.0	0.0	0.0	0.0	0.0	0.0	0.0	0.0	0.0	0.0
19770	0.0	0.0	0.0	0.0	0.0	0.0	0.0	0.0	0.0	0.0
9837	0.0	0.0	0.0	0.0	0.0	0.0	0.0	0.0	0.0	0.0
9834	0.0	0.0	0.0	0.0	0.0	0.0	0.0	0.0	0.0	0.0
757	0.0	0.0	0.0	0.0	0.0	0.0	0.0	0.0	0.0	0.0
21343	0.0	0.0	0.0	0.0	0.0	0.0	0.0	0.0	0.0	0.0
21347	0.0	0.0	0.5972531564093516	0.0	0.0	0.0	0.0	0.0	0.0	0.0
4493	0.0	0.0	0.0	0.0	0.0	0.0	0.0	0.0	0.0	0.0
4491	0.0	0.47816731167055665	0.07397261294161303	0.4041946987289436	0.17402793659677745	0.2900465609946291	0.2900465609946291	0.2900465609946291	0.1949476445324846	0.05800931219892582
9884	0.0	0.0	0.0	1.0397207708399177	0.0	0.0	0.0	0.0	0.0	0.0
9878	0.0	0.0	0.0	0.0	0.0	0.0	0.0	0.0	0.0	0.0
48058	0.0	0.0	0.0	0.0	0.0	0.0	0.0	0.0	0.0	0.0
19710	0.0	0.0	0.34657359027997264	0.0	0.0	0.0	0.0	0.0	0.0	0.0
12134	0.0	0.0	0.0	0.0	0.0	0.0	0.0	0.0	0.0	0.0
12145	0.0	0.0	0.0	0.0	0.0	0.0	0.0	0.0	0.0	0.0
4487	0.0	0.0	0.1700218681115391	0.19269145052641098	0.10729586082894002	0.4291834433157601	0.0	0.2478292199966849	0.0	0.0
4479	0.0	0.3218875824868201	0.3218875824868201	0.40235947810852507	0.0	0.34657359027997264	0.3218875824868201	0.0	0.2772588722239781	0.3218875824868201
5535	0.0	0.18619528238352262	0.12789170911191453	0.12413018825568173	0.12413018825568173	0.24826037651136346	0.12413018825568173	0.24826037651136346	0.19183756366787177	0.0
1102	0.0	0.0	0.0	0.0	0.0	0.0	0.0	0.0	0.0	0.0
1101	0.0	0.43944491546724396	0.3662040962227032	0.19974768884874725	0.4134829544372435	0.31421508617002003	0.0	0.11279515913795593	0.12219475573278557	0.0
4428	0.0	0.0	0.3218875824868201	0.3218875824868201	0.0	0.3218875824868201	0.0	0.0	0.0	0.0
1131	0.0	0.0	0.0	0.0	0.0	0.0	0.0	0.0	0.0	0.0
5567	0.0	0.0	0.0	0.0	0.0	0.0	0.0	0.0	0.0	0.0
4442	0.0	0.0	0.0	0.0	0.0	0.0	0.0	0.0	0.0	0.0
1121	0.0	0.0	0.0	0.0	0.0	0.0	0.0	0.0	0.0	0.0
4441	0.0	0.3218875824868201	0.0	0.9656627474604601	0.0	0.0	0.0	0.0	0.0	0.0
5586	0.0	0.0	0.0	0.0	0.0	0.0	0.0	0.0	0.0	0.0
5584	0.0	0.0	0.0	0.0	0.0	0.0	0.0	0.0	0.0	0.0
49195	0.0	0.0	0.0	0.0	0.0	0.0	0.0	0.0	0.0	0.0
15197	0.0	0.0	0.4605170185988091	0.21972245773362198	0.24413606414846883	0.23025850929940456	0.48827212829693767	0.09010335735736986	0.08109302162163289	0.11584717374518982
5592	0.0	0.0	0.0	0.0	0.0	0.0	0.0	0.0	0.0	0.0
49166	0.0	0.0	0.0	0.0	0.0	0.0	0.0	0.0	0.0	0.0
1176	0.0	0.0	0.0	0.0	0.0	0.0	0.0	0.0	0.0	0.0
1174	0.0	0.0	0.0	0.0	0.0	0.0	0.0	0.0	0.0	0.0
28935	0.0	0.0	0.0	0.0	0.0	0.0	0.0	0.0	0.0	0.0
56092	0.0	0.0	0.0	0.0	0.0	0.0	0.0	0.0	0.0	0.0
20381	0.0	0.9241962407465937	0.20273255405408222	0.0	0.1351550360360548	0.0	0.20273255405408222	0.0	0.0	0.20273255405408222
15008	0.0	0.1549704725877074	0.1184890420319208	0.0	0.0	0.1184890420319208	0.0	0.0	0.0	0.0
21416	0.0	0.33591075102335394	0.18532477610050604	0.291886522358297	0.27101714069798305	0.18067809379865535	0.0	0.27101714069798305	0.3613561875973107	0.0
21415	0.0	0.0	0.0	0.0	0.0	0.0	0.0	0.0	0.0	0.0
49039	0.0	0.0	0.0	0.0	0.0	0.0	0.0	0.0	0.0	0.0
623	0.0	0.0	0.0	0.0	0.0	0.0	0.0	0.0	0.0	0.0
626	0.0	0.0	0.23104906018664842	0.0	0.0	0.0	0.0	0.0	0.0	0.0
629	0.0	0.40235947810852507	0.0	0.0	0.0	0.0	0.0	0.0	0.0	0.0
28922	0.0	0.3579322767129623	0.3579322767129623	0.17896613835648115	0.5368984150694435	0.0	0.0	0.0	0.0	0.277987164150759
21408	0.0	0.0	0.0	0.0	0.0	0.0	0.0	0.0	0.0	0.0
613	0.0	0.20832567170389665	0.22448638866576495	0.11224319433288248	0.11224319433288248	0.270805020110221	0.23025850929940456	0.0	0.0	0.0
28971	0.0	0.0	0.0	0.0	0.0	0.0	0.0	0.0	0.0	0.0
26012	0.0	0.14335588370259458	0.21799047934530644	0.21799047934530644	0.0	0.07167794185129729	0.0	0.0	0.0	0.07167794185129729
2641	0.0	0.0	0.0	0.0	0.0	0.0	0.0	0.0	0.0	0.0
684	0.0	0.0	0.0	0.0	0.0	0.0	0.0	0.0	0.0	0.0
677	0.0	0.0	0.0	0.0	0.0	0.0	0.0	0.0	0.0	0.0
27419	0.0	0.0	0.0	0.0	0.0	0.0	0.0	0.0	0.0	0.0
2660	0.0	0.0	0.0	0.0	0.0	0.0	0.0	0.0	0.0	0.0
2621	0.0	0.555974328301518	0.0	0.0	0.0	0.0	0.0	0.0	0.0	0.0
2623	0.0	0.0	0.0	0.0	0.0	0.0	0.0	0.0	0.0	0.0
2629	0.0	0.38154020811859424	0.2310883895808741	0.7608230220635369	0.46466480562269996	0.5774591040578937	0.4505167867868493	0.1175573329804238	0.2204199993382946	0.2938933324510595
2626	0.0	0.0	0.0	0.0	0.0	0.0	0.0	0.0	0.0	0.0
9900	0.0	0.0	0.0	0.0	0.0	0.0	0.0	0.0	0.0	0.0
16556	0.0	0.7797905781299383	0.0	0.24520731325293155	0.24520731325293155	0.24520731325293155	0.12260365662646577	0.24520731325293155	0.0	0.0
2604	0.0	0.0	0.0	0.0	0.0	0.0	0.0	0.0	0.0	0.0
2600	0.0	0.0	0.20932591754491323	0.0	0.0	0.0	0.0	0.0	0.0	0.16094379124341004
12303	0.0	0.0	0.0	0.3662040962227032	0.0	0.0	0.0	0.0	0.0	0.0
19656	0.0	0.0	0.0	0.0	0.0	0.0	0.0	0.0	0.0	0.0
2611	0.0	0.0	0.0	0.0	0.0	0.0	0.0	0.0	0.0	0.0
20333	0.0	0.3662040962227032	0.3662040962227032	0.0	0.3662040962227032	0.3662040962227032	0.3662040962227032	0.0	0.0	0.0
12324	0.0	0.0	0.0	0.0	0.0	0.0	0.0	0.0	0.0	0.0
21453	0.0	0.0	0.0	0.0	0.0	0.0	0.0	0.0	0.0	0.0
658	0.0	0.0	0.0	0.0	0.0	0.0	0.0	0.0	0.0	0.0
20310	0.0	0.0	0.0	0.0	0.34657359027997264	0.34657359027997264	0.0	0.0	0.0	0.0
12313	0.0	0.0	0.0	0.0	0.0	0.0	0.0	0.0	0.0	0.0
54988	0.0	0.0	0.0	0.0	0.0	0.0	0.0	0.0	0.0	0.0
64299	0.0	0.0	0.0	0.0	0.0	0.0	0.0	0.0	0.0	0.0
4392	0.0	0.2715080448351235	0.4381177844162437	0.22685917573532688	0.2505632857642442	0.2463853240590168	0.3855123247789868	0.37701666556814595	0.2752557998921966	0.22809367556223922
1094	0.0	0.0	0.0	0.0	0.0	0.0	0.0	0.0	0.0	0.0
1082	0.0	0.0	0.0	0.0	0.0	0.0	0.0	0.0	0.0	0.0
12228	0.0	0.0	0.0	0.0	0.0	0.0	0.0	0.0	0.0	0.0
1078	0.0	0.0	0.0	0.0	0.0	0.0	0.0	0.0	0.0	0.0
2598	0.0	0.35498666425542863	0.20707555414900003	0.17749333212771432	0.0	0.17749333212771432	0.17749333212771432	0.19114666536830774	0.18321066839010974	0.22777508518097603
4386	0.0	0.0	0.0	0.0	0.0	0.0	0.0	0.0	0.0	0.0
4381	0.0	0.3218875824868201	0.0	0.3218875824868201	0.0	0.0	0.6437751649736402	0.0	0.0	0.183258146374831
1059	0.0	0.0	0.0	0.0	0.0	0.0	0.0	0.0	0.0	0.0
2563	0.0	0.0	0.0	0.0	0.0	0.0	0.0	0.0	0.0	0.0
2565	0.0	0.0	0.0	0.0	0.0	0.0	0.0	0.0	0.0	0.0
2567	0.0	0.0	0.0	0.0	0.0	0.0	0.0	0.0	0.0	0.0
2561	0.0	0.7878242137918268	0.5742021945776066	0.5363424783498064	0.5431528464325583	0.42844349841232854	0.39424548639174306	0.2349317470783575	0.37504255917394047	0.2526631828933567
12279	0.0	0.0	0.0	0.0	0.0	0.0	0.0	0.0	0.0	0.6931471805599453
2541	0.0	0.0	0.0	0.0	0.0	0.0	0.0	0.0	0.0	0.0
1004	0.0	0.0	0.0	0.0	0.0	0.0	0.0	0.0	0.0	0.0
1006	0.0	0.0	0.0	0.0	0.0	0.0	0.0	0.0	0.0	0.0
15092	0.0	0.0	0.0	0.0	0.0	0.0	0.0	0.0	0.0	0.0
26064	0.0	0.0	0.0	0.0	0.0	0.0	0.0	0.0	0.0	0.0
50458	0.0	0.5972531564093516	0.0	0.0	0.0	0.0	0.0	0.0	0.0	0.0
1054	0.0	0.33508324504886766	0.20995439479044728	0.20150138039337478	0.10247774031438497	0.05248859869761182	0.10247774031438497	0.05185620594221891	0.0	0.051843755850167685
15051	0.0	0.0	0.0	0.0	0.0	0.0	0.0	0.0	0.0	0.0
8888	0.0	0.0	0.0	0.0	0.0	0.0	0.0	0.0	0.0	0.0
5464	0.0	0.0	0.0	0.0	0.0	0.0	0.0	0.0	0.0	0.0
8897	0.0	0.3316590848169793	0.33770487800836874	0.4776575168122216	0.0	0.0	0.08323133470628467	0.0	0.03317513703250107	0.0
5473	0.0	0.0	0.0	0.3218875824868201	0.3218875824868201	0.3218875824868201	0.0	0.0	0.3218875824868201	0.0
6095	0.0	0.0	0.0	0.0	0.0	0.0	0.0	0.0	0.0	0.0
14678	0.0	0.0	0.0	0.0	0.0	0.0	0.0	0.0	0.0	0.0
36241	0.0	0.6164751342247968	0.2995732273553991	0.12232130646099681	0.11512925464970228	0.05756462732485114	0.0	0.0	0.05756462732485114	0.0
6080	0.0	0.0	0.0	0.26823965207235	0.40235947810852507	0.0	0.0	0.34657359027997264	0.0	0.0
5356	0.0	0.0	0.0	0.0	0.0	0.0	0.0	0.0	0.0	0.0
5352	0.0	0.0	0.0	0.0	0.0	0.0	0.0	0.0	0.0	0.0
52848	0.0	0.0	0.0	0.0	0.0	0.0	0.0	0.0	0.0	0.0
36225	0.0	0.0	0.0	0.0	0.0	0.0	0.0	0.0	0.0	0.0
6079	0.0	0.0	0.0	0.0	0.0	0.0	0.0	0.0	0.0	0.0
14631	0.0	0.0	0.0	0.0	0.0	0.0	0.0	0.0	0.0	0.0
5308	0.0	0.0	0.0	0.1351550360360548	0.1351550360360548	0.0	0.0	0.0	0.0	0.0
26177	0.0	0.0	0.0	0.0	0.0	0.0	0.0	0.0	0.0	0.0
52804	0.0	0.0	0.0	0.0	0.0	0.0	0.0	0.0	0.0	0.0
26183	0.0	0.0	0.0	0.0	0.0	0.0	0.0	0.0	0.0	0.0
13543	0.0	0.3242524490145865	0.4440163880076188	0.16650614550285706	0.175384119143797	0.2978950847221846	0.21923014892974627	0.0	0.04823063276454418	0.0
13597	0.0	0.0	0.0	0.0	0.0	0.0	0.0	0.0	0.0	0.0
15834	0.0	0.0	0.0	0.0	0.0	0.0	0.0	0.0	0.0	0.0
21081	0.0	0.5198603854199589	0.10462352709822947	0.10462352709822947	0.10462352709822947	0.0	0.4184941083929179	0.18483924814931874	0.25993019270997947	0.08664339756999316
21089	0.0	0.0	0.0	0.0	0.0	0.0	0.0	0.0	0.0	0.0
15827	0.0	0.0	0.0	0.0	0.0	0.0	0.0	0.0	0.0	0.0
6037	0.0	0.0	0.0	0.0	0.0	0.0	0.0	0.0	0.0	0.0
21108	0.0	0.0	0.0	0.0	0.0	0.0	0.0	0.0	0.0	0.0
30619	0.0	0.0	0.0	0.0	0.0	0.0	0.3662040962227032	0.0	0.0	0.0
25001	0.0	0.0	0.0	0.0	0.0	0.0	0.0	0.0	0.0	0.0
21157	0.0	0.0	0.0	0.0	0.0	0.0	0.0	0.0	0.0	0.0
13632	0.0	0.0	0.0	0.0	0.0	0.0	0.0	0.0	0.0	0.0
28400	0.0	0.6412373393653842	0.0	0.10663802777845313	0.10663802777845313	0.0	0.0	0.0	0.16901727517970921	0.12602676010180824
30639	0.0	0.0	0.626381484247684	0.0	0.0	0.09902102579427789	0.09902102579427789	0.09902102579427789	0.09902102579427789	0.09902102579427789
70677	0.0	0.0	0.1549704725877074	0.0	0.1184890420319208	0.0	0.0	0.0	0.0	0.0
25042	0.0	0.0	0.0	0.0	0.0	0.0	0.0	0.0	0.0	0.0
16850	0.0	0.0	0.0	0.0	0.0	0.0	0.0	0.0	0.0	0.0
26157	0.0	0.0	0.0	0.0	0.0	0.0	0.0	0.0	0.0	0.0
7534	0.0	0.0	0.0	0.0	0.0	0.0	0.0	0.0	0.0	0.0
5380	0.0	0.0	0.0	0.0	0.0	0.0	0.0	0.0	0.0	0.0
71046	0.0	0.0	0.0	0.0	0.0	0.0	0.0	0.0	0.0	0.0
27347	0.0	0.0	0.0	0.0	0.0	0.0	0.0	0.0	0.0	0.0
7493	0.0	0.0	0.0	0.0	0.0	0.0	0.0	0.0	0.0	0.0
7485	0.0	0.0	0.0	0.0	0.0	0.0	0.0	0.0	0.0	0.0
5221	0.0	0.2652956461482565	0.3238678452164381	0.18059490925443494	0.40633854582247864	0.3469202110776213	0.2840184551354295	0.128755032994728	0.09656627474604601	0.0
14577	0.0	0.0	0.0	0.0	0.0	0.0	0.0	0.0	0.0	0.0
24088	0.0	0.0	0.0	0.0	0.0	0.0	0.0	0.0	0.0	0.0
24087	0.0	0.0	0.0	0.0	0.0	0.0	0.0	0.0	0.0	0.0
5257	0.0	0.0	0.0	0.0	0.0	0.0	0.0	0.0	0.0	0.0
14556	0.0	0.0	0.0	0.0	0.0	0.0	0.0	0.0	0.0	0.0
27296	0.0	0.6637269179039663	0.3045826459138201	0.34309309539717675	0.19605319736981527	0.04901329934245382	0.26321957054280753	0.14703989802736145	0.05076377431897002	0.04901329934245382
14542	0.0	0.0	0.0	0.0	0.2986265782046758	0.2986265782046758	0.358351893845611	0.0	0.3218875824868201	0.0
7453	0.0	0.0	0.0	0.0	0.0	0.0	0.0	0.0	0.0	0.0
7449	0.0	0.0	0.0	0.0	0.0	0.0	0.0	0.0	0.0	0.0
26294	0.0	0.0	0.0	0.0	0.0	0.0	0.0	0.0	0.0	0.0
24045	0.0	0.0	0.0	0.0	0.0	0.0	0.0	0.0	0.0	0.0
14521	0.0	0.0	0.0	0.0	0.0	0.0	0.0	0.0	0.0	0.0
5205	0.0	0.0	0.0	0.0	0.0	0.0	0.0	0.0	0.0	0.0
7469	0.0	0.0	0.0	0.0	0.0	0.0	0.0	0.0	0.0	0.0
24051	0.0	0.0	0.0	0.0	0.0	0.17328679513998632	0.0	0.17328679513998632	0.0	0.34657359027997264
58037	0.0	0.0	0.0	0.0	0.0	0.0	0.0	0.0	0.0	0.0
7461	0.0	0.0	0.0	0.0	0.0	0.0	0.0	0.0	0.0	0.0
63724	0.0	0.0	0.0	0.0	0.0	0.0	0.0	0.0	0.0	0.0
36178	0.0	0.0	0.0	0.17690092264139215	0.0	0.0	0.0	0.0	0.0	0.0
24008	0.0	0.0	0.0	0.0	0.0	0.0	0.0	0.0	0.0	0.0
58024	0.0	0.0	0.0	0.0915510240556758	0.0	0.0	0.0	0.12043215657900687	0.0	0.0
63770	0.0	0.0	0.0	0.0	0.0	0.0	0.0	0.0	0.0	0.0
13433	0.0	0.0	0.0	0.0	0.0	0.0	0.0	0.0	0.0	0.0
13422	0.0	0.48827212829693767	0.0	0.2310490601866484	0.0	0.18800967459703427	0.16711971075291934	0.0	0.0	0.17328679513998632
58001	0.0	0.0	0.0	0.0	0.0	0.0	0.0	0.0	0.0	0.0
13496	0.0	0.0	0.0	0.0	0.0	0.0	0.0	0.0	0.0	0.0
13492	0.0	0.0	0.0	0.0	0.0	0.0	0.0	0.0	0.0	0.0
13483	0.0	0.0	0.0	0.0	0.0	0.0	0.0	0.0	0.0	0.0
59161	0.0	0.23025850929940456	0.4605170185988091	0.3218875824868201	0.0	0.0	0.0	0.0	0.0	0.0
59179	0.0	0.0	0.0	0.0	0.0	0.0	0.0	0.0	0.0	0.0
52980	0.0	0.0	0.0	0.0	0.0	0.0	0.0	0.0	0.0	0.0
15623	0.0	0.0	0.6931471805599453	0.0	0.0	0.6931471805599453	0.0	0.0	0.6931471805599453	0.6931471805599453
28311	0.0	0.0	0.0	0.0	0.0	0.0	0.0	0.0	0.0	0.0
21223	0.0	0.0	0.0	0.0	0.0	0.0	0.0	0.0	0.0	0.0
30745	0.0	0.0	0.0	0.0	0.0	0.0	0.0	0.0	0.0	0.0
26204	0.0	0.0	0.0	0.0	0.0	0.0	0.0	0.0	0.0	0.0
15666	0.0	0.0	0.0	0.0	0.0	0.0	0.0	0.0	0.0	0.0
16797	0.0	0.0	0.0	0.0	0.0	0.0	0.0	0.0	0.0	0.0
21242	0.0	0.0	0.0	0.0	0.0	0.0	0.0	0.0	0.0	0.0
25170	0.0	0.0	0.0	0.0	0.0	0.0	0.0	0.0	0.0	0.0
68920	0.0	0.0	0.0	0.0	0.0	0.0	0.0	0.0	0.0	0.0
30776	0.0	0.0	0.09589402415059363	0.11507282898071236	0.07192051811294523	0.11507282898071236	0.0	0.05753641449035618	0.0	0.05753641449035618
15651	0.0	0.0	0.0	0.0	0.0	0.0	0.0	0.0	0.0	0.0
26266	0.0	0.3662040962227032	0.0	0.0	0.0	0.0	0.3662040962227032	0.0	0.3662040962227032	0.0
26257	0.0	0.0	0.0	0.0	0.0	0.0	0.0	0.0	0.0	0.0
27213	0.0	0.0	0.0	0.0	0.0	0.0	0.0	0.0	0.0	0.0
16732	0.0	0.291886522358297	0.277987164150759	0.09485599924429407	0.09266238805025302	0.25869817975716564	0.0	0.09033904689932767	0.09033904689932767	0.17246545317144377
15693	0.0	0.0	0.0	0.0	0.0	0.0	0.0	0.0	0.0	0.0
7429	0.0	0.0	0.0	0.0	0.0	0.0	0.2772588722239781	0.0	0.0	0.0
5258	0.0	0.3008154793552549	0.0	0.15040773967762744	0.15040773967762744	0.15040773967762744	0.4512232190328822	0.0	0.0	0.0
16715	0.0	0.0	0.0	0.0	0.0	0.0	0.0	0.0	0.0	0.0
62254	0.0	0.0	0.0	0.0	0.0	0.0	0.0	0.0	0.0	0.0
5268	0.0	0.0	0.0	0.17896613835648115	0.0	0.0	0.0	0.0	0.0	0.0
26228	0.0	0.0	0.0	0.0	0.0	0.0	0.0	0.0	0.0	0.0
5276	0.0	0.0	0.0	0.0	0.0	0.0	0.0	0.0	0.0	0.0
5281	0.0	0.0	0.40235947810852507	0.2772588722239781	0.0	0.0	0.23104906018664842	0.0	0.0	0.0
7342	0.0	0.50430556952189	0.10134436694520323	0.5038338143699167	0.10134436694520323	0.20268873389040645	0.10134436694520323	0.10134436694520323	0.2533609173630081	0.3547052843082113
7343	0.0	0.0	0.0	0.0	0.0	0.0	0.0	0.0	0.0	0.0
62544	0.0	0.0	0.0	0.0	0.0	0.0	0.0	0.0	0.0	0.0
27192	0.0	0.0	0.0	0.0	0.0	0.0	0.0	0.0	0.0	0.0
7315	0.0	0.0	0.0	0.0	0.0	0.0	0.0	0.0	0.0	0.0
7320	0.0	0.0	0.0	0.0	0.0	0.0	0.0	0.0	0.0	0.0
62537	0.0	0.0	0.0	0.0	0.0	0.0	0.0	0.0	0.0	0.0
14896	0.0	0.0	0.0	0.0	0.0	0.0	0.0	0.0	0.0	0.0
7360	0.0	0.6582048560006314	0.6126846622724034	0.3257773178989809	0.13665323054594358	0.10368210195934113	0.08578747411617682	0.10711507967186745	0.07717800045563186	0.0
59291	0.0	0.0	0.0	0.0	0.0	0.0	0.0	0.0	0.0	0.0
24104	0.0	0.0	0.0	0.0	0.0	0.0	0.0	0.0	0.0	0.0
13344	0.0	0.0	0.1351550360360548	0.0	0.0	0.1351550360360548	0.1351550360360548	0.0	0.20273255405408222	0.0
13364	0.0	0.0	0.0	0.0	0.0	0.0	0.0	0.0	0.0	0.0
62515	0.0	0.0	0.0	0.0	0.0	0.0	0.0	0.0	0.0	0.0
6252	0.0	0.0	0.0	0.0	0.0	0.0	0.0	0.0	0.0	0.0
6244	0.0	0.25584278811044947	0.7324081924454064	0.24413606414846883	0.0	0.10986122886681099	0.3295836866004329	0.21972245773362198	0.10986122886681099	0.0
6246	0.0	0.0	0.277987164150759	0.2162122387839237	0.2162122387839237	0.2162122387839237	0.2162122387839237	0.6486367163517711	0.4112557749013882	0.0
13325	0.0	0.33769376979097426	0.0	0.0	0.0	0.0	0.16665960847389508	0.0	0.0	0.0
13323	0.0	0.0	0.0	0.0	0.0	0.0	0.0	0.0	0.0	0.0
6233	0.0	0.0	0.0	0.0	0.0	0.0	0.0	0.0	0.0	0.0
13320	0.0	0.0	0.0	0.0	0.0	0.0	0.0	0.0	0.0	0.0
36964	0.0	0.0	0.0	0.0	0.0	0.0	0.0	0.0	0.0	0.0
28642	0.0	0.0	0.17328679513998632	0.0	0.0	0.0	0.34657359027997264	0.34657359027997264	0.0	0.0
36943	0.0	0.0	0.0	0.0	0.0	0.0	0.0	0.0	0.0	0.0
30876	0.0	0.0	0.0	0.0	0.0	0.0	0.0	0.0	0.0	0.0
65857	0.0	0.0	0.0	0.0	0.0	0.0	0.0	0.0	0.0	0.0
13410	0.0	0.0	0.0	0.0	0.0	0.0	0.0	0.0	0.0	0.0
4076	0.0	0.0	0.0	0.0	0.0	0.0	0.0	0.0	0.0	0.0
28691	0.0	0.25993019270997947	0.0	0.0	0.0	0.0	0.0	0.0	0.25993019270997947	0.0
4084	0.0	0.0	0.0	0.0	0.0	0.0	0.0	0.0	0.0	0.0
36982	0.0	0.0	0.0	0.0	0.0	0.0	0.0	0.0	0.0	0.0
14913	0.0	0.0	0.0	0.0	0.0	0.0	0.0	0.0	0.0	0.0
27125	0.0	0.0	0.0	0.0	0.0	0.0	0.0	0.0	0.0	0.0
57024	0.0	0.0	0.0	0.0	0.0	0.0	0.0	0.0	0.0	0.0
5142	0.0	0.0	0.0	0.0	0.0	0.0	0.0	0.0	0.0	0.0
27117	0.0	0.3611918412977808	0.0	0.24413606414846883	0.3295836866004329	0.0	0.10986122886681099	0.24413606414846883	0.21972245773362198	0.0
29373	0.0	0.4272236113405537	0.18082100362433354	0.2166084939249829	0.04332169878499657	0.0	0.08021140836895954	0.04812261911646363	0.0519648305397703	0.07976336242685614
29376	0.0	0.09902102579427789	0.17328679513998632	0.0	0.0	0.0	0.0	0.0	0.0	0.0
29354	0.0	0.0	0.0	0.0	0.0	0.0	0.0	0.0	0.0	0.0
15576	0.0	0.0	0.0	0.0	0.0	0.0	0.0	0.0	0.0	0.0
7309	0.0	0.0	0.0	0.0	0.0	0.0	0.0	0.0	0.0	0.0
64756	0.0	0.0	0.0	0.0	0.0	0.0	0.0	0.0	0.0	0.0
5190	0.0	0.0	0.0	0.34657359027997264	0.0	0.0	0.0	0.0	0.0	0.0
59344	0.0	0.0	0.0	0.0	0.0	0.0	0.0	0.0	0.0	0.0
7215	0.0	0.0	0.0	0.0	0.0	0.0	0.0	0.0	0.0	0.0
7200	0.0	0.5654924856226855	0.7753087222817269	0.5833350234553258	0.42371867248539186	0.3758822150734856	0.6239730766060894	0.43163293030875716	0.47421564475406597	0.036100084890452515
7231	0.0	0.0	0.0	0.0	0.0	0.0	0.0	0.0	0.0	0.0
62466	0.0	0.0	0.0	0.0	0.0	0.0	0.0	0.0	0.25993019270997947	0.0
62482	0.0	0.0	0.0	0.0	0.0	0.0	0.0	0.0	0.0	0.0
7261	0.0	0.0	0.0	0.0	0.0	0.0	0.0	0.0	0.0	0.0
73742	0.0	0.0	0.0	0.0	0.0	0.0	0.0	0.0	0.0	0.0
24210	0.0	0.0	0.0	0.0	0.0	0.0	0.0	0.0	0.0	0.0
6177	0.0	0.0	0.0	0.0	0.0	0.0	0.0	0.0	0.0	0.0
6108	0.0	0.0	0.0	0.0	0.0	0.0	0.0	0.0	0.0	0.0
6139	0.0	0.0	0.0	0.0	0.0	0.0	0.0	0.0	0.0	0.0
6134	0.0	0.0	0.0	0.0	0.0	0.0	0.34657359027997264	0.0	0.0	0.0
30996	0.0	0.0	0.0	0.0	0.0	0.0	0.0	0.0	0.0	0.0
38981	0.0	0.34657359027997264	0.0	0.0	0.0	0.34657359027997264	0.0	0.0	0.0	0.0
6104	0.0	0.0	0.0	0.0	0.0	0.0	0.0	0.0	0.0	0.0
63581	0.0	0.0	0.0	0.0	0.0	0.0	0.0	0.0	0.0	0.0
28559	0.0	0.0	0.34657359027997264	0.0	0.34657359027997264	0.0	0.0	0.0	0.0	0.0
63594	0.0	0.0	0.0	0.0	0.0	0.0	0.0	0.0	0.0	0.0
26459	0.0	0.19804205158855578	0.0	0.0	0.39608410317711157	0.0	0.0	0.0	0.0	0.0
30946	0.0	0.7540163798900739	0.17896613835648115	0.0963663821919514	0.0	0.0	0.0	0.0	0.0	0.0
5046	0.0	0.0	0.0	0.0	0.0	0.23104906018664842	0.23104906018664842	0.0	0.23104906018664842	0.0
30942	0.0	0.0	0.0	0.0	0.0	0.0	0.0	0.0	0.0	0.0
5038	0.0	0.19908438546978388	0.09954219273489194	0.19908438546978388	0.19908438546978388	0.0	0.0	0.2986265782046758	0.0	0.0
57144	0.0	0.0	0.0	0.0	0.0	0.0	0.0	0.0	0.0	0.0
30927	0.0	0.0	0.0	0.0	0.0	0.0	0.0	0.0	0.0	0.0
14858	0.0	0.0	0.5972531564093516	0.0	0.15694461266687282	0.2986265782046758	0.0	0.0	0.21972245773362198	0.0
15444	0.0	0.0	0.0	0.0	0.0	0.0	0.0	0.0	0.0	0.0
15440	0.0	0.0	0.0	0.0	0.0	0.0	0.0	0.0	0.0	0.0
36806	0.0	0.0	0.0	0.0	0.0	0.0	0.0	0.0	0.0	0.0
14846	0.0	0.0	0.0	0.0	0.0	0.0	0.0	0.0	0.0	0.0
16981	0.0	0.0	0.0	0.0	0.0	0.0	0.0	0.0	0.0	0.0
15454	0.0	0.15497709929440232	0.46493129788320686	0.11811663492093281	0.23623326984186563	0.0	0.11811663492093281	0.0	0.0	0.11811663492093281
6491	0.0	0.0	0.0	0.0	0.0	0.0	0.0	0.0	0.0	0.0
29905	0.0	0.0	0.0	0.0	0.0	0.0	0.0	0.0	0.0	0.0
75985	0.0	0.0	0.0	0.0	0.0	0.0	0.0	0.0	0.0	0.0
6469	0.0	0.0	0.0	0.0	0.0	0.0	0.0	0.0	0.0	0.0
6474	0.0	0.0	0.0	0.0	0.0	0.0	0.0	0.0	0.0	0.0
6471	0.0	0.0	0.0	0.0	0.0	0.0	0.0	0.0	0.0	0.0
36671	0.0	0.0	0.0	0.0	0.0	0.0	0.0	0.0	0.0	0.0
71515	0.0	0.0	0.0	0.0	0.0	0.0	0.0	0.0	0.0	0.0
14243	0.0	0.0	0.0	0.0	0.0	0.0	0.0	0.0	0.0	0.0
30251	0.0	0.0	0.0	0.0	0.0	0.0	0.0	0.0	0.0	0.0
13119	0.0	0.0	0.0	0.0	0.0	0.0	0.0	0.0	0.0	0.0
30249	0.0	0.0	0.0	0.0	0.0	0.0	0.0	0.0	0.0	0.0
30244	0.0	0.0	0.0	0.0	0.0	0.0	0.0	0.0	0.0	0.0
58336	0.0	0.0	0.0	0.0	0.0	0.0	0.0	0.0	0.0	0.0
14262	0.0	0.0	0.0	0.0	0.0	0.0	0.0	0.0	0.0	0.0
29990	0.0	0.0	0.0	0.0	0.0	0.0	0.0	0.0	0.0	0.0
37747	0.0	0.0	0.0	0.0	0.0	0.0	0.0	0.0	0.0	0.0
29969	0.0	0.0	0.0	0.0	0.0	0.0	0.0	0.0	0.0	0.0
66265	0.0	0.0	0.0	0.0	0.0	0.0	0.0	0.0	0.0	0.0
13185	0.0	0.0	0.34657359027997264	0.0	0.0	0.0	0.0	0.0	0.0	0.0
59466	0.0	0.0	0.0	0.0	0.0	0.0	0.0	0.0	0.0	0.0
37815	0.0	0.0	0.24413606414846883	0.0	0.0	0.0	0.0	0.0	0.0	0.0
25423	0.0	0.0	0.0	0.0	0.0	0.0	0.0	0.0	0.0	0.0
66198	0.0	0.0	0.0	0.0	0.0	0.0	0.0	0.0	0.0	0.0
60991	0.0	0.0	0.0	0.0	0.0	0.0	0.0	0.0	0.0	0.0
7934	0.0	0.0	0.0	0.0	0.0	0.0	0.0	0.0	0.0	0.0
63474	0.0	0.0	0.0	0.0	0.0	0.0	0.0	0.0	0.0	0.0
51031	0.0	0.0	0.0	0.0	0.0	0.0	0.0	0.0	0.0	0.0
25492	0.0	0.14050192969810527	0.3622600299436739	0.09056500748591848	0.09056500748591848	0.14050192969810527	0.07748854964720116	0.23246564894160343	0.30995419858880463	0.23246564894160343
58421	0.0	0.0	0.0	0.0	0.0	0.0	0.0	0.0	0.0	0.0
52450	0.0	0.0	0.0	0.0	0.0	0.0	0.0	0.0	0.0	0.0
36720	0.0	0.0	0.0	0.0	0.0	0.0	0.0	0.0	0.0	0.0
51045	0.0	0.0	1.3862943611198906	0.5545177444479562	0.22907268296853875	0.22907268296853875	0.0	0.0	0.30543024395805163	0.0
6352	0.0	0.5826737878905655	0.1865908334992978	0.44638108498510776	0.5863618791881443	0.11702058412222506	0.22036400635561287	0.2752014885599595	0.0	0.027036630976428867
26706	0.0	0.0	0.0	0.0	0.0	0.0	0.0	0.0	0.0	0.0
70426	0.0	0.0	0.0	0.0	0.0	0.0	0.0	0.0	0.0	0.0
36537	0.0	0.0	0.0	0.0	0.0	0.0	0.0	0.0	0.0	0.0
13015	0.0	0.0	0.0	0.0	0.0	0.0	0.0	0.0	0.0	0.0
14117	0.0	0.0	0.0	0.0	0.0	0.0	0.0	0.0	0.0	0.0
14119	0.0	0.0	0.0	0.0	0.0	0.0	0.0	0.0	0.0	0.0
29879	0.0	0.08047189562170502	0.41179189530822585	0.18934563675695298	0.24141568686511503	0.16094379124341004	0.0	0.3218875824868201	0.0	0.08470725854916317
37667	0.0	0.0	0.0	0.10899523967265322	0.0	0.0	0.10425631620862481	0.0	0.0	0.0
13084	0.0	0.0	0.0	0.0	0.0	0.0	0.0	0.0	0.0	0.0
60943	0.0	0.0	0.0	0.0	0.0	0.0	0.0	0.0	0.0	0.0
67876	0.0	0.0	0.0	0.0	0.0	0.0	0.0	0.0	0.0	0.0
31888	0.0	0.0	0.0	0.0	0.0	0.0	0.0	0.0	0.0	0.0
25526	0.0	0.0	0.0	0.0	0.0	0.0	0.0	0.0	0.0	0.0
25567	0.0	0.0	0.0	0.0	0.0	0.0	0.0	0.0	0.0	0.0
25583	0.0	0.0	0.0	0.0	0.0	0.0	0.0	0.0	0.0	0.0
7861	0.0	0.14398478283858396	0.18718021769015913	0.0	0.0	0.31196702948359856	0.358351893845611	0.22396993365350687	0.26823965207235	0.0
7808	0.0	0.0	0.0	0.0	1.1945063128187032	0.0	0.1351550360360548	0.0675775180180274	0.0	0.0
7801	0.0	0.23025850929940456	0.6907755278982136	0.24079456086518725	0.3611918412977808	0.12039728043259362	0.4815891217303745	0.0	0.0916290731874155	0.10181008131935054
7829	0.0	0.0	0.0	0.0	0.0	0.0	0.0	0.0	0.0	0.0
26670	0.0	0.0	0.0	0.0	0.0	0.0	0.0	0.0	0.0	0.0
14479	0.0	0.0	0.0	0.0	0.0	0.0	0.0	0.0	0.0	0.0
52622	0.0	0.0	0.0	0.0	0.0	0.0	0.0	0.0	0.0	0.0
36445	0.0	0.0	0.0	0.0	0.0	0.0	0.0	0.0	0.0	0.0
52633	0.0	0.0	0.0	0.0	0.0	0.0	0.0	0.0	0.0	0.0
26840	0.0	0.0	0.0	0.0	0.0	0.0	0.0	0.0	0.0	0.0
52679	0.0	0.0	0.0	0.0	0.0	0.0	0.0	0.0	0.0	0.0
59696	0.0	0.0	0.0	0.0	0.0	0.0	0.0	0.0	0.0	0.0
31546	0.0	0.0	0.0	0.0	0.0	0.0	0.0	0.0	0.0	0.0
14405	0.0	0.0	0.0	0.0	0.0	0.0	0.0	0.0	0.0	0.0
14428	0.0	0.0	0.0	0.0	0.0	0.0	0.0	0.0	0.0	0.0
29742	0.0	0.0	0.0	0.0	0.0	0.0	0.0	0.0	0.0	0.0
72832	0.0	0.0	0.0	0.0	0.0	0.0	0.0	0.0	0.0	0.0
53736	0.0	0.0	0.0	0.0	0.0	0.0	0.0	0.0	0.0	0.0
7751	0.0	0.0	0.0	0.0	0.0	0.0	0.0	0.0	0.0	0.0
6621	0.0	0.2986265782046758	0.2986265782046758	0.0	0.0	0.0	0.0	0.0	0.0	0.0
7744	0.0	0.0	0.0	0.0	0.0	0.0	0.0	0.0	0.0	0.0
6609	0.0	0.29706307738283366	0.0	0.0	0.0	0.0	0.0	0.24323876863191418	0.0	0.0
7723	0.0	0.0	0.0	0.0	0.0	0.0	0.0	0.0	0.0	0.0
7763	0.0	0.0	0.0	0.0	0.277987164150759	0.0	0.0	0.0	0.277987164150759	0.555974328301518
7760	0.0	0.0	0.0	0.0	0.0	0.0	0.0	0.0	0.0	0.0
52693	0.0	0.0	0.0	0.268653736072302	0.0	0.0	0.0	0.18053668007348067	0.0	0.0
6689	0.0	0.0	0.0	0.0	0.0	0.0	0.0	0.0	0.0	0.0
26731	0.0	0.0	0.0	0.0	0.0	0.0	0.0	0.0	0.0	0.0
6682	0.0	0.277987164150759	0.277987164150759	0.277987164150759	0.277987164150759	0.555974328301518	0.17896613835648115	0.8948306917824058	0.05607870610353548	0.0
6680	0.0	0.0	0.0	0.0	0.0	0.0	0.0	0.0	0.0	0.0
30401	0.0	0.0	0.0	0.07192051811294523	0.07192051811294523	0.0	0.0	0.0	0.0	0.0
7709	0.0	0.4770439217063623	0.37786610710443114	0.3046340228810869	0.10892462181667646	0.44369736155924827	0.2555838447627015	0.06023861661073775	0.05297738729494667	0.11523909264662872
28219	0.0	0.0	0.0	0.0	0.0	0.0	0.0	0.0	0.0	0.0
36513	0.0	0.0	0.0	0.0	0.0	0.0	0.0	0.0	0.0	0.0
25247	0.0	0.555974328301518	0.0	0.17896613835648115	0.0	0.17896613835648115	0.17896613835648115	0.0	0.0	0.0
28207	0.0	0.0	0.0	0.0	0.0	0.0	0.0	0.0	0.0	0.0
52749	0.0	0.0	0.0	0.0	0.0	0.0	0.0	0.0	0.0	0.0
52745	0.0	0.0	0.0	0.0	0.0	0.0	0.0	0.0	0.0	0.0
52733	0.0	0.0	0.0	0.0	0.0	0.0	0.34657359027997264	0.0	0.0	0.0
14365	0.0	0.0	0.0	0.0	0.0	0.0	0.0	0.0	0.0	0.0
67675	0.0	0.0	0.0	0.0	0.0	0.0	0.0	0.0	0.0	0.0
26935	0.0	0.0	0.0	0.0	0.0	0.0	0.0	0.0	0.0	0.0
28158	0.0	0.0	0.0	0.0	0.0	0.0	0.0	0.0	0.0	0.0
14391	0.0	0.6931471805599453	0.0	0.0	0.0	0.0	0.0	0.0	0.0	0.0
7682	0.0	0.0	0.0	0.0	0.0	0.0	0.0	0.0	0.0	0.0
53864	0.0	0.0	0.0	0.0	0.0	0.0	0.0	0.0	0.0	0.0
59798	0.0	0.0	0.0	0.0	0.0	0.0	0.0	0.0	0.0	0.0
52713	0.0	0.0	0.0	0.0	0.0	0.0	0.0	0.0	0.0	0.0
37899	0.0	0.4605170185988091	0.23025850929940456	0.4605170185988091	0.17882643471490003	0.16094379124341004	0.17882643471490003	0.3218875824868201	0.16094379124341004	0.0
1973	0.0	0.0	0.0	0.0	0.0	0.0	0.0	0.0	0.0	0.0
72623	0.0	0.0	0.0	0.0	0.0	0.0	0.0	0.0	0.0	0.0
1995	0.0	0.0	0.0	0.0	0.0	0.0	0.0	0.0	0.0	0.0
1996	0.0	0.0	0.0	0.0	0.0	0.0	0.0	0.0	0.0	0.0
1997	0.0	0.0	0.0	0.0	0.0	0.0	0.0	0.0	0.0	0.0
1992	0.0	0.23025850929940456	0.3837641821656742	0.0	0.0	0.0	0.1791759469228055	0.0	0.2162122387839237	0.1791759469228055
1993	0.0	0.0	0.0	0.0	0.0	0.0	0.0	0.0	0.0	0.0
1999	0.0	0.0	0.0	0.0	0.0	0.0	0.0	0.0	0.0	0.0
37961	0.0	0.0	0.549774439124493	0.4086604990127926	0.0	0.044628710262841945	0.0	0.044628710262841945	0.0	0.0
59856	0.0	0.0	0.0	0.0	0.0	0.0	0.0	0.0	0.0	0.0
31604	0.0	0.34657359027997264	0.34657359027997264	0.0	0.34657359027997264	0.34657359027997264	0.34657359027997264	0.34657359027997264	0.0	0.0
7645	0.0	0.0	0.1389935820753795	0.0	0.0	0.0	0.0	0.0	0.0	0.0
25316	0.0	0.0	0.0	0.0	0.0	0.0	0.0	0.0	0.0	0.0
1900	0.0	0.0	0.0	0.0	0.0	0.0	0.0	0.0	0.0	0.0
30525	0.0	0.31859414130614233	0.13375413521851692	0.5035449796461814	0.0	0.18086487286704067	0.09646126552908836	0.0	0.0851128813491956	0.16925313756888813
63166	0.0	0.0	0.0	0.0	0.0	0.0	0.0	0.0	0.0	0.0
70580	0.0	0.0	0.0	0.0	0.0	0.0	0.0	0.0	0.0	0.0
15872	0.0	0.0	0.0	0.0	0.0	0.0	0.0	0.0	0.0	0.0
1950	0.0	0.0	0.0	0.0	0.0	0.0	0.0	0.0	0.0	0.0
6543	0.0	0.0	0.0	0.0	0.0	0.0	0.0	0.0	0.0	0.0
