1	0.0	1.5071075811902028	1.040801396751435	1.2556624338220352	0.9965953771301238
10967	0.0	0.029989287836537034	0.03566293688669269	0.20300440997040453	0.045500988441642395
39673	0.0	0.1902496273898867	0.07689937111226822	0.06593815034112512	0.19345942429898866
24754	0.0	1.7454433695450853	1.150811348831052	1.3160969324275322	1.1752535813096645
22492	0.0	0.703425299449786	0.5968705623711869	0.48647953207599204	0.42639337717720105
34184	0.0	0.0	0.13086395462961958	0.46242196498163146	0.0
10910	0.0	0.6094032461084523	0.37385255027810665	0.5005738197490118	0.4611037921646231
31486	0.0	0.3066302940512582	0.18605835226334475	0.2346376572668922	0.12015975196224327
31489	0.0	0.46544236257449745	0.0	0.22893060577121335	0.06277129513081656
37454	0.0	1.0962433182152815	1.5464920510416993	0.7844198290758385	1.113380780370463
34129	0.0	1.9292515311709646	1.41138057155026	1.294041089758931	1.0227341321242127
10898	0.0	0.30931884254576186	0.12167418844880337	0.24748515973103064	0.18971159635909957
25647	0.0	0.6873565137667215	0.1594999384434168	0.24473258481015803	0.20347418804947948
34347	0.0	0.5821117455273969	0.5036561038351859	0.17266623356637065	0.3493177966101447
10885	0.0	0.0	0.0	0.06190145817054232	0.0
23559	0.0	0.2675076023269115	0.49362025159102085	0.1301438165384953	0.06501642137668065
35817	0.0	3.244518050427686	3.154712020689086	3.423494053180747	3.120656408240826
39733	0.0	1.225662871197042	0.9823037271069266	1.002374819664665	1.1144005221433644
10843	0.0	1.5988978595766485	1.91256058492722	2.202650235930009	2.141216517445855
22478	0.0	0.3637586159726386	0.0	0.06941219146249296	0.25584278811044947
38703	0.0	0.0	0.0	0.31534913615985505	0.0
35880	0.0	0.44852216015125507	0.7646982923702619	0.07475369335854251	0.0
-1	0.0	6.171637163397837	6.182346441369681	6.154715251755299	6.072493389874763
38	0.0	0.29906770906123853	0.42938592607818354	0.3293193948020091	0.08781136989457641
22	0.0	0.8291977533352209	0.9009352027394814	0.9060489460916447	0.6633004823029658
25	0.0	0.7051781849990943	0.29300705153418594	0.13377703410573089	0.1264404611192152
28	0.0	0.839461725752088	0.5243362163708265	0.3388202379328647	0.4408718376754118
78	0.0	0.04127342636815514	0.10419848624091627	0.0	0.3726390312383437
77	0.0	0.5168311991470679	0.12299174866380651	0.058881584536995775	0.17815575853179583
86	0.0	0.12263186946096075	0.057638741470530254	0.0196216992240103	0.09351985769459578
11904	0.0	0.0	0.07701635339554948	0.04715156497968565	0.2632126277962567
58	0.0	1.1317979089823207	1.2541096643336833	0.7410908202735758	1.157569368241644
61	0.0	0.27518042094725204	0.33588198439149886	0.036957888250197274	0.17489543351809947
48	0.0	4.4910344263943935	4.278289674746968	4.3552789133365275	4.346639444846925
45	0.0	3.858622586045152	3.770143433416683	3.6023813423498523	4.038572692798679
34285	0.0	0.2152838504845528	0.29025336302985094	0.11188931310210387	0.14292957415623592
10812	0.0	0.4929512029418646	0.4292413197378373	0.32044458467889225	0.25264142921736
10815	0.0	1.2865852041215622	1.2720785335285274	0.8730690758471032	0.4294492241028549
10801	0.0	0.8207153189104962	0.9138706745812816	0.947657126181971	1.2579048830418282
93	0.0	1.1011346072060866	0.848701744923692	0.8264121746255809	0.9312895545345358
88	0.0	0.2518628775677831	0.07126447897637395	0.046209812037329684	0.0
34268	0.0	0.1429597180782307	0.1743037600842507	0.390840114814501	0.4755241804780722
10716	0.0	0.6364296752128599	0.7145346210983899	0.2499836028764892	0.026843075303630427
10726	0.0	0.7564889449317391	0.46791413290721373	0.6178087036220787	0.07946608094242001
10771	0.0	1.6695570891466966	1.3937720341967774	1.4937230300627535	0.8726070433779564
10789	0.0	0.2792492547488812	0.2795246002869758	0.5062131640744296	0.046621453322048485
10798	0.0	2.1679707795963266	1.679235045845503	1.9824237034525727	1.8042283307487093
35545	0.0	0.17769515397303023	0.044240974548840864	0.20284069462959115	0.05119312769223014
24452	0.0	0.0	0.06734591659972948	0.0	0.0
24443	0.0	0.3172699838768041	0.37549517419783174	0.27053219567937353	0.30452367636727307
39444	0.0	0.9204876716877396	0.951644247371555	0.7501851055629969	1.4818036080279908
12808	0.0	0.38039963314500924	0.8279160172022476	0.5314248584490694	0.5164818788441228
23818	0.0	0.3633504601391904	0.3471500451275322	0.26034709309080384	0.09942189009493418
22367	0.0	1.3483973077639566	0.6757120271042771	0.6894619844117054	0.578495022675716
31225	0.0	0.8258920750080551	0.22991970177630003	0.05997857567307407	0.13195286648076296
22283	0.0	1.9753293433046022	1.821569493043349	1.4552855660754433	1.3431776690009418
24549	0.0	0.19556914837238634	0.0	0.0	0.0
24518	0.0	1.7669636435686387	1.9666367948054397	2.033410802703908	2.1651047128081244
31298	0.0	0.0	0.0	0.0	0.0
34361	0.0	0.7121568003757928	0.24095964528358127	0.33298081461557505	0.21475987780336642
30111	0.0	0.3765311449773825	0.47612064882859845	0.31670100124746314	0.4188504517565209
10615	0.0	0.0	0.0	0.0	0.16413263239291928
10629	0.0	2.5313454820933052	2.0735317893990746	2.13091174886382	2.0996049798442886
31093	0.0	0.0	0.028480380428847898	0.0	0.10150220498520227
25899	0.0	0.24514250662535536	0.0	0.1399071599894764	0.592024806049312
10639	0.0	1.1138918999113525	1.2280961195444524	1.5123788948437957	1.6061019574694415
10646	0.0	0.12846480825541598	0.048136995543850224	0.08440950251566962	0.17398693375678836
10695	0.0	1.1851255200237738	1.0154298119815126	1.1079505308941948	1.1460149616086004
23711	0.0	0.17631802623080808	0.08075634789197317	0.0	0.0
10693	0.0	0.22986245711807365	0.20983886372019075	0.3204751956391026	0.26124320980987475
40893	0.0	0.0	0.0	0.11777755916665764	0.0
10678	0.0	0.03270896525665312	0.0	0.0	0.06119741886728649
10677	0.0	0.0	0.0	0.0	0.0
23721	0.0	0.5115260632144113	0.8376644976271919	0.4975568620348149	0.5066284087081042
23722	0.0	0.03125668741871699	0.038826666402937506	0.0	0.0
10683	0.0	0.6129040955088008	0.43621313800394984	0.28588451477840165	0.28941469573466205
22221	0.0	0.0	0.0	0.0	0.08597423601533867
22216	0.0	1.1939399254291674	0.1305557461473137	0.9675887222362483	0.09088558053134436
22244	0.0	0.3150669002545206	0.0	0.11552453009332421	0.06111641981438357
38937	0.0	0.2558974362567289	0.5307996099348266	0.0	0.06125835254294773
34506	0.0	0.7526587610961186	0.7089014780406058	0.47532129287118097	0.7411725326469285
22134	0.0	0.0	0.1844534825229516	0.05848525055605782	0.0
22153	0.0	1.370186301396685	1.046144021929626	1.2870344781450294	0.950747337081194
25927	0.0	0.11680217557135526	0.07701635339554948	0.05436448474979963	0.06765605417163162
31131	0.0	0.0	0.1666102255087602	0.0	0.24849066497880004
31143	0.0	0.8472178852947689	0.9701334337992059	1.2154537792014752	1.0143243612944213
29022	0.0	0.26566880323763264	0.46333476924362116	0.07992053646451719	0.18533390769744848
13716	0.0	0.2583632786510236	0.12745947479294925	0.10415577696546963	0.1607974435731854
13726	0.0	3.0097799279747695	2.9882372953721847	2.994607304308613	2.8816067262549017
13753	0.0	0.1025449095223665	0.27928181019780174	0.40917231842190477	0.33208729294937467
33095	0.0	1.3800602865025142	1.511244971962809	0.6302123677230865	0.6489737065072766
40783	0.0	0.19925386466243933	0.18869894819342775	0.06833373205510362	0.10275213295467875
12659	0.0	1.1651860939912058	0.0	0.033850627513777626	0.27309049077918884
12685	0.0	1.2077572427087813	1.10812589422059	1.4583553061748724	1.3594860108938773
12675	0.0	0.9520153378972751	0.8385877273169653	0.5358497773963543	0.5328221128351679
38199	0.0	0.07255812370386558	0.08365524850563326	0.1987312058084834	0.10456906063204156
38163	0.0	0.0	0.0	0.12821170541492366	0.09063482118500761
7067	0.0	0.4233043497598006	0.09751672989773648	0.14641009576039693	0.2452435320990151
7075	0.0	0.42093874082349847	0.4196237848007738	0.3158738187212347	0.4128123622460728
38118	0.0	0.0	0.04760292157393148	0.1190073039348287	0.0
23108	0.0	0.9439525690715695	0.799961192626389	0.6722808402562567	0.5811712309990409
31008	0.0	1.5536085512997264	1.8715307335996432	1.20484599600891	1.5292708697495472
7056	0.0	0.5346286574640042	0.35126740084941716	0.522205636652722	0.234106561356211
23164	0.0	0.42384539350260986	0.25471104128296745	0.28281099618175176	0.36137602898946214
31066	0.0	0.0	0.42749155957692275	0.0	0.03437093457322043
7083	0.0	3.0845095454191442	2.983977688202341	3.046116241485624	2.9146535905096593
7091	0.0	0.20913812126408315	0.06348835824088238	0.06708203889602667	0.1588116765420849
35235	0.0	0.3356436515740278	0.0	0.12286955102263518	0.1456263372823471
35232	0.0	0.3150029998878076	0.5598882324850954	0.3532965598960031	0.38919102125359534
13685	0.0	0.15332002280939833	0.0	0.07926170975912114	0.0621856012453647
35214	0.0	0.8366731219430428	1.0793831900842215	0.4032159418745975	0.8335959211091869
7027	0.0	0.12407104734006365	0.08528067223088977	0.03150512454879103	0.16500294202638005
7033	0.0	1.1818192466232573	0.9657841649347533	1.1764876937976285	1.0201649958129406
37059	0.0	3.8847842625446227	4.132844363919526	3.7193994898046316	3.558549135221459
35264	0.0	0.3443646694394483	0.3605490394390418	0.45495916141198034	0.46192847443013724
35258	0.0	0.7583341542292595	0.46863480621212183	0.5618025729207949	0.6515668380332014
33108	0.0	0.0	0.0	0.09403510873719101	0.19982460606653088
33140	0.0	0.0	0.0	0.0	0.0
12729	0.0	0.0	0.0	0.0	0.0
29131	0.0	0.15785804026926598	0.3243267887641063	0.0	0.25584278811044947
12716	0.0	0.058874443603913404	0.24736006282782583	0.2722943016680995	1.3545162135153528
12704	0.0	0.4926169294696584	0.4427728887632302	0.5037380462562331	0.6976561685239624
29150	0.0	0.0	0.0	0.0	0.24435724035161116
22000	0.0	0.46209812037329684	0.0	0.0	0.0
13823	0.0	0.15940981826682107	0.0610340160371172	0.12676295638478188	0.11452880343714282
33193	0.0	1.3817790925927997	0.979253600127994	0.5881995830130576	0.7668514756957067
40645	0.0	0.3419932476615382	0.13575402241756174	0.13032386152085929	0.09347217148082193
29107	0.0	0.23885980252515548	0.05954503219052692	0.11502825414600609	0.03589921836242714
12739	0.0	0.0	0.0	0.022913956382146952	0.0
7174	0.0	0.0	0.0	0.0	0.0
7180	0.0	1.7086585836946049	1.610078231382059	1.5566103364523887	1.677801941661183
23067	0.0	0.5686926497044018	0.25953245927314267	0.415902517440062	0.4225276633810256
13797	0.0	1.0758460421140756	0.1610723565900129	0.27116038846374657	0.3117866509246735
7136	0.0	1.2932106287006924	0.7470105010324831	0.7253862574216341	0.5245174087403759
35383	0.0	0.719337429862764	0.5978250126319299	0.8236239592605543	0.585510181571382
13993	0.0	0.5318124508375028	0.5846209483795393	0.6321300038164537	0.5409307623641048
13999	0.0	0.0	0.0	0.0	0.0
13987	0.0	0.9464663252147547	0.6822523886309834	0.4870710401530351	0.4138329688561179
13972	0.0	1.1845266695212318	0.9771188398052895	0.8093959524581474	0.9846383637145342
12400	0.0	1.679740469864043	1.7689588453639473	1.357974410886689	1.317329833142247
13924	0.0	0.0	0.7271388949954005	0.0	0.0
12416	0.0	0.11604912708450962	0.0	0.07551062215360907	0.0
12448	0.0	0.8643475050337281	0.7977759652465356	0.4985285665270197	0.3293834074322152
12338	0.0	1.0099150415697788	0.42306181990872027	0.4576795696542075	0.3438884713201096
38326	0.0	0.0	0.0	0.15767011966073635	0.0
23356	0.0	0.4960314224077905	0.38037351126034946	0.4312304815392611	0.3556766722672734
24919	0.0	1.6294864603978885	0.14583943084616924	0.21381885471920126	0.3345728119412118
23345	0.0	0.0	0.5138592330216639	0.15811053323743507	0.10075315784617604
24960	0.0	0.3611885134837661	0.16196178007915024	0.09026834003674034	0.0
35013	0.0	1.150054470574819	0.8189481424400348	0.5370538297803653	1.1224885105076041
24957	0.0	0.8000643240150829	0.773730499198605	0.946440748137889	0.6822153057958049
23306	0.0	0.06475014002715704	0.05685378148725985	0.041625090017458094	0.09271042776615668
23300	0.0	1.6324441956001112	1.5643578562719627	1.1808391807763314	1.4727628655081473
12518	0.0	0.1550081107664491	0.2851110746010703	0.05482905280789814	0.13593678767490236
12506	0.0	1.7738910191489545	1.7428604499164462	1.7045282896751341	1.2392254651921142
41994	0.0	0.0	0.0	0.0	0.0615915944360047
41992	0.0	0.0	0.0	0.0	0.0
12553	0.0	0.7859131833616817	0.450708978246875	0.26589724299929723	0.3265630938116394
34100	0.0	1.535528311187022	1.1404633566893698	0.6797637424681469	1.0150873443132953
12478	0.0	1.0268465178249513	0.6080267730282207	0.7224126555977823	0.6999742395883588
38434	0.0	0.0	0.0	0.0	0.0
34013	0.0	0.7441325279819844	0.7519114313450522	0.3772212316013601	0.487193020691154
24812	0.0	0.1447423628422837	0.10725498750428389	0.13985213687397757	0.3067111896023228
35184	0.0	0.07783640596221254	0.06827754908966012	0.0	0.0
34087	0.0	0.5104873294858061	0.33481834847370945	0.16611864970148305	0.14531764625365057
40488	0.0	0.09388098236814169	0.29865411774334044	0.1658272894251188	0.13168637689641785
38409	0.0	0.3467921553344622	0.19908438546978388	0.19269145052641098	0.0
3281	0.0	1.000146844605625	0.1545698677682286	0.3105971638576267	0.12301415522870673
3299	0.0	0.8692682860036633	0.6543883550109844	0.8639686896000451	0.5593941785033573
2101	0.0	2.591315814219624	2.0986045363691996	2.051443264932159	1.8646240830296854
10064	0.0	0.22396387256636782	0.0	0.052955031739035326	0.04019864379396346
10057	0.0	1.2235225971564463	1.3753653295302932	1.1018472420179686	1.1962805216931547
3250	0.0	0.09158904115324117	0.2220340391593725	0.09901517962512559	0.0
10056	0.0	0.7412326125032703	0.27348409473301655	0.33322153766373264	0.26097252265414855
3251	0.0	1.8253741757474342	0.791782194345864	1.284060700993931	1.1819904670792116
2120	0.0	0.2552513872183434	0.09221271702133653	0.146070883478351	0.12967923792605687
3253	0.0	0.5981571483391831	0.0	0.0	0.0
3245	0.0	1.176383445709097	0.9459185133408629	1.1198689417677066	1.2095424326532036
2115	0.0	1.3034928736925038	1.3103359666820027	0.8846737777557947	1.248012958539097
2117	0.0	0.0	0.08805666318976979	0.0	0.0
2131	0.0	0.06971270708802771	0.0	0.0	0.35553480614894134
3260	0.0	1.5296539100515103	0.4866853011502973	0.22204875050632067	0.2866212876394142
8202	0.0	0.7305603830639085	0.23552716550633743	1.8501970069259421	0.0
3256	0.0	1.9594726517809462	1.4515145788626247	1.832527722157335	1.8688215411976101
2123	0.0	0.16264252733115905	0.1575649099697577	0.12317614913893969	0.08778752249640548
10034	0.0	2.161451153554411	1.222088513902588	1.409971539114446	1.158763920147331
3273	0.0	0.4379934028678059	0.5944034270264522	0.4608785309859741	0.40769803065196836
11150	0.0	0.03968041662246401	0.3146860689544015	0.20586922302424845	0.0
19871	0.0	0.6830579186019436	0.4241603351054384	0.17259114174600615	0.3335272959262303
2153	0.0	0.08958554902654713	0.03367295154034669	0.34838824621434994	0.0
3203	0.0	0.21412169064949133	0.13995112282035654	0.0	0.6239574716365776
2156	0.0	0.0	0.04039622970164992	0.10466295877245661	0.0
3204	0.0	0.186573783998532	0.2020577588900897	0.09497581063248273	0.10328074820091238
41469	0.0	1.079481971792313	0.7407664424322413	0.8056393177395639	0.47503790447794814
2162	0.0	0.09553983554226868	0.4511603345051577	0.24396368350573316	0.18028163563633415
41450	0.0	0.0	0.0	0.0	0.09452007007635617
3220	0.0	0.48861600941768146	0.06745746057276705	0.09941099452828828	0.299987311355351
2176	0.0	0.0	0.0	0.0	0.0
9770	0.0	2.9999738760416585	3.048341508924429	2.515877398938817	2.3453244180096497
19846	0.0	0.05159945980464291	0.06005838764146961	0.06601011975008372	0.043032308221502884
11126	0.0	0.0	0.5037657892308802	0.13889775419027678	0.0
2181	0.0	0.700039082144497	0.765787175091834	0.6097560020032171	0.2858202762519132
32046	0.0	1.0571996994889832	0.9545176106158411	0.48700673989091936	0.24106674700793823
8263	0.0	1.3742243473233395	1.5169397793680772	0.8935380004134995	0.7377520273559071
11184	0.0	0.0	0.0	0.10118619085915057	0.0
8258	0.0	1.194027770353365	1.0366344393845304	1.204361966967972	0.8629538958707731
48818	0.0	0.18034832333821238	0.09167018099309662	0.23815345989959125	0.04062684367699313
11167	0.0	0.9400037141204132	0.9357337412892422	0.8207149823596115	0.47844731894514025
43026	0.0	0.6825608922165972	0.23625631116441886	0.40331315873667656	0.2231232847536417
17675	0.0	0.19301535709181972	0.3068449266587904	0.04532936416550312	0.0
11224	0.0	0.0	0.11945063128187033	0.0	0.0
17642	0.0	0.6083657181095558	0.40527807427578094	0.3921989657330187	0.09069531653279395
41428	0.0	0.45425527633374124	0.0	0.38613237673843437	0.057451801899572476
9711	0.0	1.314503237064309	0.1724433703478904	0.3115866729520801	0.2935098133941892
10139	0.0	0.07697737660950683	0.05173839724985264	0.03867314541908177	0.13806869036730193
10118	0.0	2.370545564291617	2.29037309715873	2.234768934339351	1.7148418931324612
10126	0.0	2.337222114645501	0.161831401943223	0.12676295638478188	0.16479184330021646
8127	0.0	0.38168541258539307	0.5120185549790642	0.45449571466907007	0.489364451212213
2221	0.0	0.04782789810204776	0.19395140891967538	0.12137573085156209	0.11334336276635415
11086	0.0	2.069995077714305	1.5246821326554616	1.5365408090222918	1.6299800075025543
11087	0.0	1.019372125084208	0.760364968404267	0.563309043300337	0.5348613694457085
11080	0.0	0.0	0.0	1.0127923818284477	0.08563911688565609
2253	0.0	1.5962839496850811	1.3908609816707356	1.239570016809449	1.3130629708038979
3380	0.0	0.09355487840258529	0.5315427141560853	0.08709706155358748	0.0
2232	0.0	0.4279513129089866	0.21112615639002047	0.0	0.2069403235031055
3356	0.0	1.6176142987054576	1.5675423209667685	1.5091770841792131	1.2404149346673012
2240	0.0	0.0	0.0	0.0	0.0
3373	0.0	0.0	0.0	0.023345260354329395	0.09425204748625923
2234	0.0	0.21960624978172655	0.13469183319945896	0.0	0.0
19975	0.0	0.0	0.0774931281436094	0.09173658818764786	0.09256123639375566
2291	0.0	0.6274437681515767	0.6646820482755592	0.740616809145055	0.6261004001720645
3347	0.0	0.17708765360945744	0.18017474487647914	0.3973395487400613	0.290575936590008
11007	0.0	0.19167536504017274	0.09826714493730215	0.0	0.0
32166	0.0	0.0	0.17537918474606334	0.0	0.21031706994046004
8197	0.0	0.7697172690004316	0.13201413665071973	0.060498366230371546	0.1337086264609661
8199	0.0	1.6336284748215846	1.3471443427939611	1.350186427033161	1.5700271666640186
3318	0.0	0.21031706994046	0.0	0.13884185459063347	0.04831826247667727
3320	0.0	0.556473969580665	0.28360841577729945	0.16883527923972647	0.3226877894024771
2277	0.0	0.851228713126464	0.8025550141657602	0.5804261776325174	0.664316645078621
3329	0.0	1.259163516313714	1.6880811036629184	1.2264659348874063	1.4587335206387317
11059	0.0	0.9613647923487071	0.4129905880518274	0.16008744882756365	0.5209158013177244
33640	0.0	0.3753919141074783	0.5322444694528781	0.5227383769113123	0.33361095810230523
3302	0.0	0.19448777183634958	0.46452792201863335	0.0736801357659064	0.5441285254419508
9684	0.0	0.525825247450641	0.661456301489291	0.814689040675827	0.7692219109096939
11049	0.0	0.56934119816312	0.24504090385531857	0.05412662628193735	0.0
11060	0.0	0.0	0.0	0.1425224643604159	0.03167165874675909
8132	0.0	2.0222985902995743	2.1418365421801666	1.9891998079853719	2.0308699686897933
17751	0.0	0.0	0.06223202954037961	0.10788792674478058	0.6279857239381259
8093	0.0	0.783916573664098	0.435266490578578	0.5843664250765315	0.6086694351306932
11101	0.0	0.5859211732368261	0.8936913194232599	0.5737037918672148	0.6158980716693528
8090	0.0	0.40293375718985047	0.49910330170263906	0.0	0.2357611632223151
17724	0.0	0.6492553110284008	0.6813873958564044	0.5345239581952308	0.5946888904953179
10027	0.0	3.2865537858632825	2.998150962848463	2.835951971162551	2.779288962438052
3489	0.0	2.7532633313315515	2.517490435715782	2.682341657403021	2.2908875426674764
3497	0.0	1.726842053412996	0.8556460212094006	0.6851974431119614	0.5920415003286419
8443	0.0	0.2750539290880958	0.2885403750166061	0.43302007601896386	0.36383536879468387
9597	0.0	0.020925948355583045	0.0	0.15694461266687282	0.0
9595	0.0	1.5965085173326088	1.5679354260695948	0.852402160305367	1.1082983500452124
33300	0.0	0.0	0.37446653419424886	0.950272907892072	0.09452007007635617
8455	0.0	0.3919375151156739	0.45902830603594835	0.18087154308196163	0.2514635083502825
8454	0.0	0.0	0.0	0.04663544286293703	0.22383239837106744
33323	0.0	1.381694654474868	0.346617131621364	0.1454672634217419	0.32864636725746693
32212	0.0	0.0	0.0	0.0	0.0
8493	0.0	0.4253126310684071	0.1806482348685103	0.03524843607190445	0.1421840370379375
32224	0.0	0.6806206389029781	0.42844522569639354	0.25615490477084835	0.036635576035005286
9539	0.0	0.0	0.13817625349338894	0.14930924837757856	0.08148855975251143
3417	0.0	0.10396780187905648	0.48772109194965163	0.26163110914832344	0.26940611009928916
3431	0.0	2.267819093718032	2.00127413223511	1.6845617041466032	1.668055723865269
9503	0.0	2.127295796212095	1.9520717846030524	2.0628047504700886	2.117751880667965
9531	0.0	0.27628169720262163	0.0	0.15976210058674406	0.14081210661584262
3459	0.0	1.4525272943197427	1.2065429924459354	0.9125665164976916	0.828256171897657
3454	0.0	1.0298591057177462	1.0342389772621807	0.7131651821646627	0.5134157604813161
17896	0.0	0.08201562739121544	0.360868760521348	0.13138425747136456	0.1134150901480888
11430	0.0	0.19028621342263202	0.23199328534520108	0.14393308263739435	0.19459101490553135
3505	0.0	1.7679340862082291	1.4016687133788568	1.5092211847073391	1.364548342139758
11410	0.0	1.3293624635560706	0.5609903985770629	0.8030689991859907	0.3730866915709443
11414	0.0	0.1305134780240698	0.04666845577830374	0.17239466873328618	0.0
18970	0.0	0.9219293817444423	0.08570826689550871	0.33017184432979624	0.026656303411716622
17856	0.0	0.0	0.34544856434458676	0.059075365438359194	0.04114074845271583
40100	0.0	1.1850630899666996	0.6739429946737674	0.3993342091355116	0.21577947920482538
8403	0.0	2.0468569537083114	1.8066758530083955	1.6766731345728199	1.7108823927119128
33288	0.0	2.6887724549113243	2.171377917781061	2.3783808848511434	2.4732881992072606
2004	0.0	0.2150757396499822	0.1243044198146055	0.09053794830471905	0.03167471853196688
8321	0.0	0.10806870241081253	0.0	0.26276106889965134	0.22154083994216567
2012	0.0	0.8266129079217058	0.3174492519785017	0.49710461377837956	0.4304651749584434
33492	0.0	0.13998807624561957	0.2549559381748077	0.027483782326183405	0.37446653419424886
8305	0.0	0.21151197272340364	0.027026529847990463	0.053312606823433244	0.03474839551884488
33499	0.0	1.9807510009691796	1.2176625642093823	0.7675860871759405	1.0174153948250022
9492	0.0	1.1258700854283261	0.896437364162015	0.7133563788362731	0.9512814692548353
8342	0.0	0.29616520013154296	0.0	0.06005838764146961	0.1549616790249616
9474	0.0	0.0	0.0	0.07195578415606392	0.0
9461	0.0	2.1831266159536624	1.1189693878533868	1.0870288611552288	1.1693700654849664
8334	0.0	0.44307705731976865	0.21085898001056505	0.2515357760942813	0.17909347257912828
8396	0.0	0.9653420125470742	0.8500438689700125	0.8065579684413127	0.7858027647290319
33417	0.0	2.8323066135397745	2.9035933140644663	2.7156688603096386	2.7325351034728054
9440	0.0	0.0	0.30142496921640066	0.08305932485074152	0.07739545020694437
8385	0.0	0.7742011295187406	0.8293386602146549	0.686053315125219	0.8393608655206675
3515	0.0	0.2003506573563326	0.20801434370329613	0.0	0.0
8374	0.0	0.8154906815660293	0.4608176948854511	0.5936744767058018	0.4328499137087166
2084	0.0	1.202520817450753	0.7488514539162434	0.0	0.3881125521178006
2086	0.0	0.0	0.08502993454155389	0.14702004610307454	0.0
40098	0.0	0.3063770473317899	0.442142447794238	0.4370385158420955	0.12983964306513884
3528	0.0	4.182010445330529	3.9861841553552977	4.173032613530029	4.053286024924207
38029	0.0	0.41415110829800006	0.0	0.0	0.15212482936295604
3582	0.0	0.0	0.0	0.05505300520298798	0.0
41572	0.0	1.0798407986628504	0.5763550284024659	0.3393699041690151	0.3385553696667466
2064	0.0	0.09814796597221469	0.0	0.22674649211081035	0.07522361669728361
11247	0.0	2.658730000936766	2.4568453456611414	2.39750601891428	2.2850672991129914
9400	0.0	0.43297028938687043	0.46400181254749545	0.2663205669651305	0.08132130978119856
9404	0.0	1.726248132357408	1.68978108086031	1.6824479929014682	1.0061304936951043
9401	0.0	0.3756984775304578	0.26437500435765976	0.39813869939364593	0.08470725854916317
11241	0.0	0.4771742120841427	0.7267903497631092	0.6701464751517687	0.42782439252052046
11340	0.0	0.32403374446335487	0.5933109811713785	0.28376345982842555	0.4476533107266092
11348	0.0	0.11060574316879689	0.3950386734988237	0.0	0.2648378191956621
11350	0.0	0.6210565706260719	0.597210216636507	0.507521104496116	0.5681353999831387
41550	0.0	0.15629288758784235	0.05037449755300157	0.08374760218186512	0.06528979341292679
38071	0.0	0.6955614052610735	0.1671357830762076	0.085260289919159	0.10164534680944501
38084	0.0	0.46885580261890897	0.06672759518574994	0.14437425140189533	0.1631626813788543
11318	0.0	0.0588542297500773	0.21263463651640832	0.07012418863838998	0.11364954710359755
17903	0.0	0.08248347760373397	0.2280809360353545	0.21624098040890688	0.42756739308124764
17925	0.0	0.0	0.0	0.25956039015856724	0.02756201462986633
17929	0.0	0.31165170637150547	0.2230354775877349	0.14650893111051927	0.46733292195802506
17931	0.0	0.4247320298697452	0.563878501469798	0.5820208810807288	0.380274076318206
17970	0.0	1.372896334411426	1.0594648509860478	0.26961690900167734	0.42019471103416517
43464	0.0	0.33835999379173193	0.5364793041447	0.17008795675774546	0.08528092937014983
9304	0.0	0.7873014342726763	0.5682959359899102	0.8875644469221733	0.903466741993487
9307	0.0	2.1629496373925745	1.9848221365238023	2.1807966600624407	2.2575147739621517
9327	0.0	1.1109874372971098	0.6621212875396438	0.3821664221741382	0.38696860615778833
17231	0.0	3.8221373262819403	3.267334798188559	3.5158428975696876	2.9985435210862557
9332	0.0	1.9062890888672852	1.809810599160693	1.283223209984643	1.477266098144013
9356	0.0	0.5686346201028624	0.4791857440522328	0.5233509187425414	0.2987694247554585
9364	0.0	0.0	0.046129127844294286	0.1323705407705836	0.06477707314305155
9376	0.0	0.5480725554027517	0.08985241229480771	0.2607250862656674	0.26431293266488187
32430	0.0	0.0	0.0	0.0	0.0
41056	0.0	0.7430844690804563	0.3326955057852491	0.27196477294811927	0.2521202215371214
9388	0.0	0.3419786094086754	0.41653347286768483	0.174265692016551	0.0
39284	0.0	0.2402007233477993	0.23481274700471838	0.23230917015840413	0.31430064197901736
3657	0.0	2.6614186236393	2.492849308368755	2.2631930866428545	2.2868166120164397
3670	0.0	0.5122951379285963	0.29562162705741946	0.1974603962437262	0.2628815477959269
3668	0.0	0.0	0.0	0.0	0.0
18788	0.0	0.0	0.0	0.0	0.0
18782	0.0	0.15593292356180594	0.02063810097726441	0.04174305401283824	0.06252531769134022
39207	0.0	1.1668959529227385	1.1776727665144437	0.9736844774014564	0.7889366038390474
48354	0.0	0.827805983020856	0.22846340371259283	0.5140543683599088	0.1951548375163909
11604	0.0	1.7605879623831537	1.9587067603602795	1.606798835467117	1.3740877730759133
10559	0.0	0.0833051127543801	0.07089796830160008	0.10849645453276283	0.03114209822593648
22979	0.0	1.3327106023128352	1.5075452283492323	1.340163587523317	1.1919840843469554
11669	0.0	0.6565422034047252	1.0993027604140837	0.6699209643303936	0.40302870001050556
10509	0.0	0.29045742585893713	0.1720653263632907	0.2370699355505934	0.2194488602302294
20815	0.0	2.965256959212734	2.9120933210701683	2.4885028115538628	2.739131563888255
11492	0.0	0.7199236081760693	0.5533313842897878	0.3865264340509099	0.5589850996255763
161	0.0	0.1220680320742344	0.05315865912910208	0.07210766896135672	0.07164862752183324
11495	0.0	2.3947491729614163	1.5857920802197687	1.5871129885481823	1.5122840952528689
160	0.0	0.5826080001868368	0.09673919079600837	0.05861252241140577	0.06585406197635711
173	0.0	0.0	0.23031296262027495	0.3110067114074183	0.027621822145388764
20859	0.0	0.7570517271055076	0.7617921267939332	0.2819391437339173	0.37940334552374794
120	0.0	0.0	0.047200814386671036	0.8358222479319027	0.3025843761863069
134	0.0	0.3061178027260431	0.0	0.09725661307526812	0.13864240587325455
137	0.0	1.1539248358676235	0.37303160724519646	0.5640556111986657	0.46292688336664684
32588	0.0	1.8362774802943458	1.5575824800898022	1.6877650840637384	1.5966251386392296
9249	0.0	0.22070370181062948	0.3331026526311426	0.09530699041551537	0.09039460127350249
9254	0.0	0.0	0.04287267467973111	0.0	0.032551475219795845
3796	0.0	0.20564854199940055	0.2561774089124483	0.15808003394202327	0.07034227294338485
9238	0.0	1.088304103116246	1.4450788706442235	1.5208362840676695	1.1669090027568871
9287	0.0	0.08140783768498519	0.27043959637723897	0.0610340160371172	0.03970887790366662
3791	0.0	0.43518977257046143	0.0	0.06134247873263418	0.1651905338495494
32500	0.0	0.6267206285601044	0.3839365626046929	0.6024276710544941	0.16215530343532486
3758	0.0	0.44045077116142617	0.13292450396529942	0.21898915115976145	0.2214097356909634
9278	0.0	4.663820638628605	4.606806317683168	4.683899656491304	4.450625669976526
3770	0.0	1.1221367428904905	0.9795815340167199	0.8804040967449767	0.5854764322087267
23929	0.0	0.4190405381859047	0.7674195450350094	0.3122762824801615	0.12632971193550505
10472	0.0	2.424724086716904	1.9157329878873408	1.6872893825514215	1.7377744690716632
23932	0.0	0.8992726322126369	0.49273337475525114	0.7611076804533667	0.5259533964703473
23935	0.0	0.6186823035128756	0.4893427610126779	0.45317100121217674	0.3082431869211609
3836	0.0	0.19222716108279703	0.23890126256374067	0.10832200804408841	0.0
9186	0.0	0.0	0.0	0.0	0.0
34721	0.0	0.10038729972084641	0.0	0.3809443391701115	0.10986879048081168
3813	0.0	0.6462973736030645	0.6963480660785621	0.4723695448074003	0.5136919748873949
10432	0.0	0.9399742158960206	0.8568212246174285	0.36803387589734765	0.2990789029952912
11509	0.0	0.033370576344372745	0.15289791343239875	0.10830630230358029	0.2557872245893067
23950	0.0	0.6845536847313985	0.4076153076409586	0.0	0.04332169878499658
11535	0.0	0.0	0.0	0.0	0.0
34799	0.0	0.9123914089487459	0.09821040121688461	0.23413549121489632	0.13838738353288288
22857	0.0	0.2171902710926842	0.09378507086730346	0.01446619393770171	0.04339858181310513
108	0.0	0.27932184844526076	0.0	0.08659942191040151	0.19094929683024184
103	0.0	0.9049087495878814	0.40211687610662217	0.7326133372703674	0.48171533779768455
101	0.0	0.14540456761783804	0.03543910608606806	0.06297772694292697	0.03835916095614642
10413	0.0	0.22460218293762405	0.0	0.2020881199847992	0.0
11571	0.0	1.6146865410074893	1.136485343009143	0.9423564216256817	0.3176563266052692
22812	0.0	0.4652352910632228	0.41458600062860085	0.27573300771493203	0.26870496792856297
11594	0.0	0.2886053066379711	0.2644209960495835	0.41940073700609015	0.15713179112295322
18822	0.0	0.12873074354774564	0.16503966806852932	0.10637414382796909	0.16547089039906301
11590	0.0	0.20471076089752754	0.3642787134317407	0.4494706129700394	0.2302904290197969
8013	0.0	0.1382571789609961	0.4103891415577743	0.0	0.09256123639375566
43283	0.0	0.5247421220535586	0.7803209248209799	0.48538342191722894	0.42508519518586124
8009	0.0	0.0	0.0	0.0	0.0
8021	0.0	2.5532040689670574	2.398309871919158	2.2549888116262253	2.3861866267209924
17490	0.0	0.23695247549247142	0.09319379500540631	0.03358862410331425	0.08068447960683191
4974	0.0	0.0	0.19425042008147111	0.10782155311178981	0.05575976864046819
4979	0.0	0.6982105009287631	0.5516873262969204	0.5226815365741946	0.4825219655644614
4990	0.0	0.9906703074409396	0.8483420831423444	0.8780949197770508	0.75647541864508
8085	0.0	0.0	0.04206341398809201	0.0	0.033083584035577984
4997	0.0	1.3337374843814984	1.5185934098418445	1.4175908631409515	0.6535887360810418
10293	0.0	0.30340921578319746	0.18386497583334555	0.18382262317580145	0.1292688124268539
9140	0.0	1.761592372606702	1.603491753370852	1.6653380204258303	1.7332534686744652
9149	0.0	0.5239241088485811	0.37711983374138086	0.47810499024997744	0.4138146632420835
3887	0.0	0.2447137953310222	0.30970656585858936	0.30552598425087507	0.2823028393347213
3002	0.0	0.8353335434825144	0.2526446424069641	0.6448939450176611	0.3800741335620616
9159	0.0	0.0	0.0	0.07455824589621621	0.0
3025	0.0	0.0	0.0	0.0364830766324208	0.0
10276	0.0	0.938885521302755	0.05276845614538034	0.0	0.10896974400216217
9166	0.0	0.17381107505723212	0.0	0.0	0.5999351276135978
9170	0.0	1.251104224650931	1.4375074022148766	1.8168417917195385	1.7754077000498243
10288	0.0	0.5672484399420933	0.3225935292716881	0.34496877691545186	0.20350289363669047
3053	0.0	0.7181886119825753	0.47242837569414753	0.677745333793514	0.6444045022991851
3039	0.0	1.2534535312332942	1.3181236067234634	0.5976722842903075	0.9091415390763019
32659	0.0	0.461109931764242	0.0	0.39836605769762556	0.2504015219813646
41286	0.0	0.0	0.0	0.0	0.08107958954397139
8002	0.0	1.1717576215790864	0.4049384270585137	0.2414978265993309	0.2721219272731297
3926	0.0	0.64059648155296	0.5219791948061908	0.6038790568285957	0.2319887078554948
3925	0.0	2.844835194034283	2.242973203074662	2.405655744783117	2.5246044297223165
11864	0.0	0.12938586373414776	0.2647669055091756	0.26807948690949	0.16650036006983238
3091	0.0	1.47645594892862	1.231731799371716	1.3428252611717586	1.1597753898040049
3914	0.0	1.3281884191414832	0.7484735138202803	1.2613677193167367	1.232542147778614
10320	0.0	0.1819291431540494	0.11697256806349021	0.0	0.017482841014757992
3947	0.0	0.29871097494645726	0.43150504727795247	0.20613607773243603	0.23920862056645326
9071	0.0	1.3937402741887204	1.5388783559079475	1.47441620309773	1.3879040063778934
9077	0.0	0.1957742874232286	0.16352320021357838	0.0	0.11474162302675038
9076	0.0	0.9326822907767358	0.043082834849729794	0.04353531511871804	0.24145325025672745
10380	0.0	2.2246003417281885	1.9993152415767848	1.6880394372224292	1.6039707490278325
11825	0.0	0.0	0.0	0.0	0.09005958135608659
3950	0.0	3.0199839899425514	2.4561178014110614	2.459936733284193	2.327735053601235
10364	0.0	0.31002517632259036	0.2581380189673222	0.3729178094110477	0.5255271549834662
9092	0.0	0.19205311625596955	0.2654921968013343	0.31930761305422906	0.5129756720442374
10361	0.0	0.27557845051843133	0.08104211690245532	0.20410745122067797	0.10029815559637814
9083	0.0	0.0	0.0	0.0	0.0
9082	0.0	2.338295659280478	2.052093212918551	1.6055185225560624	1.5589358427610132
35955	0.0	1.0333085176953372	0.2492393276950231	0.05066897399905907	0.23737723678711642
10303	0.0	0.1416606672028108	0.257564849459656	0.0	0.0
22758	0.0	0.0	0.3206186696826921	0.0	0.0
33896	0.0	0.0	0.5546386632280748	0.398238186150095	0.17132104985590413
3110	0.0	0.9870429457992695	0.8170071008414583	0.62844799504119	0.7167335399571175
3156	0.0	0.8037896697939404	0.5505298330841424	0.7206527707181652	0.5423866145656848
10157	0.0	0.1308152839100829	0.22674649211081038	0.14417037081209777	0.025382070012404143
10163	0.0	0.059517586837411214	0.0	0.0	0.0
32759	0.0	0.7763186728908039	0.8291894407871334	0.8619535717896177	0.5196066611386356
9052	0.0	2.5724635956233293	2.298937912791938	1.495351646154673	1.8026732749844983
9029	0.0	0.35048734844032847	0.1655512545643175	0.20455082604127647	0.11872035245013615
9020	0.0	0.40927368031998584	0.3971825805356344	0.16534482544210843	0.3079377212965688
3113	0.0	0.0	0.05848525055605782	0.0575747607240978	0.04822820865849751
3116	0.0	0.0	0.0	0.0	0.0
3121	0.0	0.5580190814271113	0.4332169878499658	0.022329889357291608	0.04796791047121901
18678	0.0	0.44000403092109763	1.4600942386620408	0.154843410920943	0.02139414291615588
3198	0.0	0.3574386938840296	0.0	0.0	0.029118819366690432
3190	0.0	0.0	0.0	0.020356740932234416	0.09192425355843664
9005	0.0	1.3141053545101276	0.9427217129632592	0.19594917739729492	0.21858181010358935
3179	0.0	0.0	0.15580517123722218	0.015473412516452251	0.1433407575382444
10206	0.0	2.359090107556718	2.1352093473425278	2.027308313252148	1.7624760572726934
39115	0.0	0.3838794297522105	0.311902036673671	0.0	0.02069096061372971
39101	0.0	0.9498890837972906	0.8357099265936268	0.6236120938801382	0.3771446187172812
10220	0.0	2.122472251340606	0.25103306637474837	0.11240858997314869	0.11268724687931879
18668	0.0	0.08845046132069607	0.0	0.0	0.0
10217	0.0	0.060335121074471885	0.0	0.20519594859692294	0.19428681879294274
22663	0.0	0.39608131695975785	0.0	0.38889425963565005	0.3139648226316675
10213	0.0	0.0	0.0	0.0	0.10150220498520227
10260	0.0	1.829208213804007	1.5652515330470478	1.2842861816641087	1.0912054214650844
17533	0.0	0.2300454847838455	0.047741389814189274	0.642621788756072	0.20092893834171938
17558	0.0	0.9006824101827482	0.4518882780313204	0.01166944836018259	0.7255417663450877
11786	0.0	1.2504146586491816	0.8304722724403479	0.7051078014108721	0.47361430519352754
11784	0.0	0.0	0.04993692221218681	0.21724489225719187	0.3565531532568705
530	0.0	1.4072374958117182	2.1385244131918144	0.9577658812813136	1.2680526657486157
533	0.0	1.7663729029971087	1.7904588625437445	1.6795387359256442	1.9859964468055427
1820	0.0	0.8807155398128085	0.8394511936970247	0.646875875656332	1.0017713511896613
536	0.0	0.10151259347871114	0.12958442281076024	0.0	0.1493037914993542
20441	0.0	1.2661201230676857	0.9376265380117688	0.8083517348539027	0.8923818268035745
1810	0.0	0.43671488139596276	0.27920926194906814	0.263607340464625	0.11715881798427777
1812	0.0	0.701721346189943	0.8982931541596696	0.6230308517222607	0.7414253233790344
1813	0.0	0.5687514411733126	0.39500913629646617	0.061614768045527575	0.08759784004225483
1815	0.0	0.7373689405309237	0.46152735753941493	0.38812114503556333	0.5258051229021907
1840	0.0	2.5469912721156427	2.3657102167196884	2.6703666774511796	2.754369626810161
1847	0.0	0.23258404329234936	0.16291319940967466	0.0927639363061534	0.060569697066941694
1848	0.0	0.05559743283015181	0.2882829850452316	0.10089904476583109	0.043728317956299174
1831	0.0	0.0	0.12380291634108465	0.134119826036175	0.0
523	0.0	0.16370146156453477	0.2872103113361672	0.16802673644121052	0.21265631553420355
526	0.0	0.5431468922593569	0.38878800414315146	0.26352750904866495	0.1405446020991512
2992	0.0	0.15060040301745456	0.054632930647913754	0.07313303956032877	0.18828017736560204
2991	0.0	0.9403447028609678	0.7310161384944519	0.9754692122573011	0.5084112654212796
584	0.0	1.024942056306399	1.1145243421387718	0.7825675231540548	0.9356057603090471
20418	0.0	0.616880217217344	0.18617793118018777	0.15820506778892046	0.1992903304705104
1806	0.0	0.16430787661422425	0.13153346593244256	0.04976793049978473	0.08146045524444882
1804	0.0	1.052037725687935	0.9059682339959969	0.7603973377970596	0.7176445364695857
1803	0.0	3.0451568393629436	2.987823851763445	3.2195832817940007	3.172516662991991
8918	0.0	0.0	0.0	0.0	0.0
564	0.0	0.7098738773660269	0.1765986985433985	0.25496995605850203	0.3588602798128663
21963	0.0	0.7986376250026359	0.3291228221688457	0.18319658137620531	0.21387275008788195
1895	0.0	0.10497326438327037	0.6062643599543975	0.0	0.04729332633479405
8934	0.0	1.6870069018011482	1.5809622191105976	1.360336788769144	1.4354859226116428
19152	0.0	4.068281810708447	3.835882102950472	4.010706454595087	4.080471437359786
6800	0.0	0.4587204416456376	0.4579919589274384	0.7241360444619205	0.670532887015447
8950	0.0	2.448298009795425	2.62760170062961	2.5727937936313117	2.8394747466624413
8964	0.0	0.1629048269010741	0.09050268161170784	0.0	0.09510261185885685
2914	0.0	0.5042387080746239	0.3625990904893784	0.14373297280660044	0.15767456807992752
8966	0.0	0.0	0.0	0.0	0.0
1860	0.0	0.0	0.0	0.0	0.0
6827	0.0	0.09130780546754572	0.0	0.0	0.29087208965643613
8975	0.0	1.130965544171584	0.6215661928610391	0.26319986635006015	0.5930730459297667
1858	0.0	0.0	0.25121047650272443	0.20553584441132003	0.0
4703	0.0	1.7403712847751935	1.8452589864119844	1.913097520060153	1.835828250516327
1883	0.0	0.2548741468038213	0.16700859947076271	0.11192545982794655	0.22468514668566655
4718	0.0	1.179917776530762	1.440051220428709	0.999691525318432	0.5046869512960779
1877	0.0	0.4953008847691436	0.29120774770505403	0.22529372907209627	0.06430844168888859
6856	0.0	0.0	0.09457429866279649	0.0	0.16494108310095368
32986	0.0	3.0286086449394696	2.6061986564101165	2.5248179212335717	2.596690448191705
32988	0.0	0.44604167239927955	0.3260529507291816	0.23912795445187135	0.19632484731584363
18496	0.0	0.7879660479420582	0.2734136386055273	0.37205186161410475	0.13508558798438802
4605	0.0	2.772727221769326	2.5651353553377736	2.6445770176067245	2.4046555458198076
4634	0.0	0.8449717074153114	1.0276256045796694	0.6081578150339891	0.227860226347751
21934	0.0	0.33810285583669	1.0757628424936374	0.3658204983514448	0.22328231185468986
21938	0.0	0.34605071960317824	0.8365524010004702	0.05075549986360427	0.10876178542200912
21955	0.0	0.0	0.0	0.2676762708333128	0.12620501435780898
18433	0.0	0.2834799279295758	0.09008737243823957	0.047119409270897215	0.16502601136469208
4694	0.0	1.1107340582900485	0.8506842627794686	1.0860205272943233	0.5784432102029163
592	0.0	0.33331921694779015	0.0	0.386347274189484	0.0
16033	0.0	0.08453014397072504	0.036869530880848156	0.08664339756999316	0.11559391578276572
16013	0.0	0.2799566128958338	0.0971969572503649	0.09958393773469107	0.08409310297596136
1726	0.0	0.4827361926371349	0.3232071925276686	0.06827384860400368	0.24903399465787135
6767	0.0	3.2166539088391937	3.037420227089579	2.9450808114964375	3.123059784257901
1723	0.0	0.8578944576543036	0.2708442957333973	0.24436797672340582	0.03653737269290349
20589	0.0	0.0	0.0	0.0	0.0
6779	0.0	1.5318882661407554	1.0941868444087604	0.7406892037302383	0.6925823114661591
402	0.0	0.34526122719929436	0.08715746446377041	0.15134360174370015	0.08517661299868473
6751	0.0	0.2199566413006997	0.39945319922956857	0.19483392738758037	0.31037505610007377
413	0.0	1.092426693103184	0.5974678871848574	0.8143408693945271	0.6555455675255126
411	0.0	0.0	0.5724761693189244	0.1178627407421315	0.0
431	0.0	2.4360810864423774	2.370765989856518	2.2060893173389005	2.0255106748161493
448	0.0	0.0	0.1973125263218821	0.0	0.36879726436106164
6793	0.0	1.4122953877812565	1.153682419611468	1.4783956593560006	1.5587417918950546
2874	0.0	3.330820222568782	3.1018149088748075	3.014909137762208	2.979074358531623
20521	0.0	0.7329333551836708	0.2913911519906331	0.22985811303087525	0.23039727394414694
2869	0.0	1.1031256504207825	0.6145874518783548	0.5116530164152578	0.6978473971849304
1797	0.0	1.4242969833939738	1.1558300034269238	1.1144429793414004	1.0541052432615805
1786	0.0	0.5283010337292472	0.5349674801410099	0.0	0.05578610098024758
1787	0.0	0.9545624829605843	0.9937408073907761	1.0146726212839368	1.0560052102129427
1777	0.0	0.4951051289713895	0.04256544080024611	0.0	0.16845046784778248
1775	0.0	0.2939219071454347	0.0	0.31388922533374564	0.0
1770	0.0	1.9183383894620425	1.5367048294446295	1.6554893926124439	1.6361386484887492
1755	0.0	0.15370331058808068	0.0	0.08480182653135486	0.16865294656704713
6738	0.0	3.041411500184155	2.088925594762349	1.739545158737478	1.5528447847018882
6704	0.0	0.0	0.08412682797618402	0.17096364162243466	0.0
1740	0.0	0.0	0.3054623791382183	0.0	0.0
1746	0.0	0.17631802623080806	0.08102965201008869	0.06353802747056148	0.10701514460219677
6708	0.0	0.6718477157411308	0.639049929299508	0.38027631277826124	0.6047370606891214
19061	0.0	0.47573099295996296	0.11066499554526384	0.405858390969842	0.050510909823821136
19062	0.0	0.0	0.0	0.0	0.0
1737	0.0	1.1454338272447866	0.36319985735492216	0.5850165878262611	0.3225218078858433
4559	0.0	0.7724579714409838	0.4814706454469511	0.42388100425245423	0.6056728101796367
18316	0.0	0.852057865631711	0.5270362426343185	0.5437159577378345	0.34050262223085104
43893	0.0	0.0	0.6811659036659264	0.08955288526542189	0.43493177681763184
18330	0.0	0.36307709457901893	0.18904014015271234	0.08698635536352636	0.0
479	0.0	0.0	0.10627315813818672	0.0	0.050606265780088915
2783	0.0	3.3303634590766342	3.1451421916612547	3.2426831927297557	2.9233005769577614
4578	0.0	0.6299303507820948	0.4054715526021999	0.5103261502033083	0.3141689433099985
4575	0.0	0.1928190340068235	0.17460413566686653	0.3079377212965688	0.2767728599791815
42346	0.0	0.4903581230777057	0.0	0.0521775101239317	0.0
51353	0.0	0.5656360095784585	0.3893568556203179	0.4709815505971896	0.13169847295583895
20642	0.0	0.5513106059163246	0.1980276310379801	0.0	0.06371555512276923
16208	0.0	1.0447089553818918	0.47160080917436825	0.5981331512837246	0.25100890895831074
20648	0.0	0.5930144119538577	0.3875526834030113	0.2734465284172592	0.12592312100163075
19324	0.0	0.920486700739867	0.9398601707193125	0.8672960625039187	0.7631003404909883
20657	0.0	0.3308576594626768	0.046885031128075474	0.1654288297313384	0.0
326	0.0	0.33599855732693845	0.3559641398792409	0.2607807011678248	0.23690031471843964
301	0.0	3.0846272963649093	2.71167426399954	2.5575749329839033	2.688391530185806
306	0.0	0.07783640596221254	0.0	0.0	0.0
1605	0.0	1.4107019073947538	1.2483713460179986	1.4446120814617525	0.9893643125140135
1606	0.0	0.3212268093666367	0.300022051111534	0.2180817007698341	0.17457592228016802
4925	0.0	0.0	0.0	0.0	0.14641009576039693
4924	0.0	0.2408437977777706	0.2441913456115995	0.09172842837339362	0.2734743854635068
1616	0.0	0.38845470943480437	0.4230432329213175	0.19432310024372906	0.24118328190743885
1619	0.0	0.3886579696155842	0.27101744377064313	0.17023822617833378	0.502709704119632
4935	0.0	0.0	0.10896974400216217	0.08585494981988534	0.0
1645	0.0	0.8578137426915186	0.9706695808650082	1.1557804365835795	0.876208747343255
1639	0.0	1.584025946354316	1.446124949799342	1.060931263036707	0.842189490494927
4959	0.0	0.970450863664635	0.5361382695736328	0.7761445192415842	0.24563274428680262
4955	0.0	1.2768015960604213	1.3318701104421087	1.0928331961454933	1.1703221508674861
1661	0.0	1.0497276975179572	1.4853474922905567	1.3757866049407657	1.3367711922492143
19393	0.0	0.44758508429507526	0.4669925730058013	0.40534254425198823	0.1067968453420881
1660	0.0	0.26416998956930937	0.0	0.0	0.0
1653	0.0	0.07701635339554948	0.0	0.12322616543287916	0.11090354888959125
1654	0.0	0.4560381419118953	0.3015253086249641	0.4081217234169343	0.34316492355259354
1681	0.0	0.8439776933755192	0.4662889181782816	0.2504740691139243	0.34381509006741195
53301	0.0	0.0	0.0	0.0	0.0
1672	0.0	0.1646849254205125	0.3021450310667881	0.0804279222083267	0.0
4917	0.0	0.9172842837339362	0.15074491422736297	0.03791339509503162	0.05140154452342868
1584	0.0	2.489282787719072	2.518781480961037	2.4308877227846595	2.161036489908556
1592	0.0	1.74358428995565	1.3386346218466063	1.6453123997829886	1.260406303848897
1598	0.0	0.0	0.0	0.0	0.0
4840	0.0	0.0	0.0	0.0	0.0
4883	0.0	0.29472740978731676	0.17818536604099602	0.06397413378472032	0.11458899342621442
4881	0.0	0.5120102368476932	0.17050719508165263	0.1397151073367195	0.3695400803640967
17182	0.0	0.13652430877582045	0.0	0.20339335797214064	0.0
18232	0.0	0.0	0.1036218351719356	0.05230383192541279	0.28910017589801773
14029	0.0	1.1779806306066736	0.5094209279599107	0.542491259773156	0.6053276236298392
17170	0.0	0.6056043804332272	0.5121864954874891	0.8493616950037475	0.7432320423024255
5944	0.0	0.543016089670247	0.0	0.0	0.0
17166	0.0	0.6237318298524774	0.1871332649219204	0.0	0.0313549421592915
42461	0.0	0.6158582625792922	0.04051385014703826	0.20083769004919047	0.18116409527339716
5969	0.0	0.5705994904634324	0.7498454064756745	0.19811457382242195	0.1268654725309915
395	0.0	0.1241682372877669	0.08176521990638179	0.4701500144616953	0.0
5957	0.0	0.0	0.0	0.0	0.0
5989	0.0	2.247121189958767	2.268572699393306	1.9741776677482767	2.371075487626995
388	0.0	2.3253188675084617	2.333915226573556	2.3032837650658275	2.2399945849867855
385	0.0	2.6955874131541813	2.7206686140851835	2.9070867519326686	2.7614655265028807
371	0.0	0.8348785249170387	0.7530256037535114	0.6569082864646556	0.628888530351975
5977	0.0	0.0	0.0	0.1778192275194612	0.0
375	0.0	0.42501211420098195	0.5597181691150307	0.5940202477993802	0.16180071586425807
367	0.0	0.1000740000105062	0.49928871225899846	0.0	0.39816877093956776
14037	0.0	0.0	0.0	0.0	0.11808128682020745
355	0.0	0.12449789800677452	0.0	0.0	0.0
14033	0.0	0.0	0.0	0.0	0.1221404455934065
200	0.0	0.2604673258662724	0.1836151471681974	0.20739836898644032	0.23739427185467332
216	0.0	2.459051491710686	2.748892705018828	2.796496107445971	2.7248608280692257
223	0.0	2.24950162241126	1.9720403873257226	1.8658054926087693	1.699195565142172
20765	0.0	0.5031689613418937	0.7531393312480285	0.20437656113639868	0.0
42527	0.0	0.22567085009185084	0.0	0.0	0.1349149211455341
5922	0.0	3.186445398277684	2.97192625556308	2.7330077913415303	3.039043907846884
5920	0.0	0.2799404231952896	0.24554323669798298	0.2962628297341538	0.13058868418810352
6990	0.0	0.05925580102482356	0.0	0.12052027327082758	0.020360903059409716
20792	0.0	0.6551767432819466	0.19028265235771394	0.20994652876654074	0.12710136525207988
51157	0.0	0.12460857522076528	0.13914624232985456	0.12256567141124884	0.05718338725884434
4822	0.0	0.6467917486026138	0.7202795155623204	0.7899120275775143	0.5765619377704426
4823	0.0	1.052350248483479	1.2056830949188695	1.5418044472437915	1.1620454206591657
1529	0.0	0.0	0.12811929205583203	0.10221630801000153	0.13847184274210514
1501	0.0	1.36289566450786	1.1663174302885866	0.8871504543072579	0.8621670550208493
4818	0.0	0.0	0.0	0.3218875824868201	0.1950833833253455
1562	0.0	0.5369048533737028	0.21161388363094952	0.26617148045488237	0.2295137789115802
1565	0.0	1.5479751750535455	1.3206481997295225	1.3026367581280383	1.3404332620862958
1561	0.0	3.7576775555371142	3.61290683783695	3.9577524738498564	3.893773958814753
21875	0.0	1.539555163805861	1.5042722465354132	0.8708851240470421	0.6383623478514792
21844	0.0	0.19730379672781054	0.0	0.0	0.0
6905	0.0	0.14727166971067954	0.35783513395288	0.2940891821777357	0.39102989695422574
1545	0.0	0.0	0.0	0.0	0.0403786068584202
1539	0.0	0.9853695507569067	0.27376728006612006	0.1886764464271789	0.10046446917085969
1531	0.0	0.29616520013154296	0.06271815426319725	0.04791318438266885	0.7000268366745561
1532	0.0	0.0	0.6035174958733027	0.03886286905244753	0.0
6913	0.0	1.072741142920337	1.1139673753006103	1.0257605704672947	0.9145116011532688
1489	0.0	0.0	0.0	0.1654288297313384	0.03155760612615883
1494	0.0	0.2811481654464365	0.08017371023777319	0.0999376903284323	0.27833330981676596
1466	0.0	2.779352554716578	2.895058509495562	2.771617002419557	2.952853330784234
1465	0.0	0.498337928811728	0.4923978971787578	0.46931769653178423	0.15988150620818875
5898	0.0	1.7491230646526563	1.5593841343060062	1.3961610167087493	1.236607855681747
1464	0.0	0.142632157522379	0.3079153377693066	0.4809772429389168	0.06827754908966012
1463	0.0	4.024006176672466	3.7159204123759904	3.7745103225944967	3.816374241551606
1470	0.0	0.6317290759533678	0.5972864002697401	0.702232690575057	0.11642554465155538
18111	0.0	0.0	0.2044429200663906	0.0	0.0
4733	0.0	2.2935483683046183	2.2403025998197688	2.247335334057768	2.2390145430637753
4721	0.0	2.337626053952731	2.063921974359958	2.1768940729028485	2.257032961169263
18131	0.0	0.37131059894401597	0.4655648629840826	0.6142484353774634	0.5819885564844062
282	0.0	1.5576183339138798	1.1402857059008025	1.3597835125778597	1.345991602362798
5848	0.0	0.7382699374231942	0.2975339560739883	0.5292913280243756	0.6300125691188464
5847	0.0	0.4894730604170616	0.2679426892230194	0.3417030182175498	0.37619682633495094
5845	0.0	0.12854602267121565	0.15264840192206858	0.13690658065016953	0.2289726028831029
274	0.0	1.6060138372063577	1.4830791948709514	0.8731338379267202	0.9213207278618826
16160	0.0	1.3075823617441105	0.9709498445703727	0.962110874766473	0.7190434001894428
27916	0.0	0.9769001700002226	0.46319136515519793	0.6466352478084226	0.5201973709579966
292	0.0	0.1754343563873236	0.09760277768076736	0.3061178027260431	0.9098151950362217
16151	0.0	0.28685405756687593	0.0	0.0	0.0
5818	0.0	0.16930228864235303	0.0	0.0	0.0
5890	0.0	1.0309849434437612	0.32027997237876116	0.15039281878206537	0.05317210682114298
5894	0.0	1.0086958525506433	0.7863703536152367	0.8577414342167561	0.8182948686327184
5893	0.0	0.32676317607754723	0.3329631272217757	0.19182966443448285	0.415748451732474
247	0.0	1.1523096994713597	0.8937669868781885	1.073832404118331	0.8979915547707437
5880	0.0	3.681077939397198	3.4101513209523957	3.2660329127123706	3.439573399117081
234	0.0	0.25902275615280573	0.0	0.0	0.0
17012	0.0	0.0	0.0	0.0	0.04829753833372368
5857	0.0	0.3633889086861036	0.1312271529121319	0.046609770293239636	0.08280146089614043
1415	0.0	0.37824177156200556	0.6516141636611129	0.42480203300386427	0.47684695566497176
942	0.0	1.0879918727700837	0.8914116549140768	1.016434263905736	1.055370877462657
1426	0.0	1.341116947985477	0.9684651100883341	1.0644628468702337	0.4487973204570666
931	0.0	0.0	0.08853791700175676	0.0	0.131777364839824
1435	0.0	4.71062116412063	4.446118863753281	4.272936959641748	4.35795992094179
1439	0.0	0.954041790368572	0.7510967554747423	0.732427679753625	1.0356857929118586
919	0.0	2.4389835346377677	2.482135492615084	2.4149510695031293	2.3826617370158476
1440	0.0	0.8447973768232497	0.9630432153967838	0.8564934211271017	0.9833636096305789
914	0.0	1.298384745033353	1.4783751143423438	1.133044660473156	1.370560924782629
15322	0.0	0.7544575381766765	0.8258558369885739	0.5886497413712062	0.3275025685400399
907	0.0	0.19671945359386148	0.32403480210394386	0.2825913356669496	0.05265837931863042
1450	0.0	0.3194115201150719	0.3330601614246834	0.19425042008147111	0.0
984	0.0	4.462818552170048	4.4615318810744	4.359551787887793	4.1753692315864415
975	0.0	0.0	0.10893571903832694	0.19971548490359942	0.06442434996890303
8517	0.0	5.003341145683927	4.796347062954172	4.813851320239063	4.901882838722095
15377	0.0	0.3837641821656742	0.0	0.0	0.040364254997571944
1409	0.0	0.699839280131801	0.5549335841597643	0.6624706891464995	0.7544461068604391
8505	0.0	1.0329859261335224	0.7470288586553416	1.1717306279714448	0.9197176316425522
1401	0.0	0.32361075636843134	0.1826862804446278	0.10791594625421051	0.14043779883927515
1403	0.0	0.9987925341767694	0.9785082806791638	0.97357361657297	1.1236968271820067
27704	0.0	0.9728756477695693	0.9991001600330799	0.8882947161106535	0.9697767450680476
21568	0.0	0.36423572019135064	0.36643712076482676	0.3491651073029278	0.05319435269757829
19540	0.0	0.0	0.0	0.17882643471490003	0.19269145052641098
21565	0.0	0.5568145848416088	1.0028159008663082	0.36214518294887793	0.6179580900285246
995	0.0	0.10781037963687229	0.10497326438327037	0.13726740225382586	0.13849047605057307
993	0.0	0.2690613960898129	0.23229540037161045	0.3248851928328352	0.17014507290506542
19590	0.0	0.42693948529924336	0.0	0.11077378078984343	0.07675283643313485
2503	0.0	2.3663789978351732	2.8220737049881954	2.5139561440707725	1.9911963575352907
28888	0.0	0.0	0.12566833729983326	0.0	0.0
2519	0.0	0.46177964769107877	0.24367038468133978	0.45224760081657245	0.6834708665013588
19561	0.0	0.15580517123722218	0.0	0.0	0.0
2435	0.0	0.9375109050451417	0.6812248075408226	0.6232190043774322	0.6859729071026873
2433	0.0	0.5603618750290015	0.3560807846731712	0.3969493480799609	0.35772525670340605
18092	0.0	0.18794291356381534	0.19216452432867664	0.0404743643737194	0.09393747810588836
5745	0.0	1.8784884694270043	1.639703613314094	1.5303233986030833	1.7082813669089445
18074	0.0	0.1349149211455341	0.5063409246211329	0.09754169166267275	0.07266349311510215
18079	0.0	0.7260218506495317	0.6100825379097826	0.3057303039764848	0.7370502426310732
5763	0.0	0.753887773397566	0.9108298166908028	0.7234561712818948	0.7058997212799003
2442	0.0	0.2444656792575343	0.0	0.0	0.07751350805726698
2449	0.0	0.1423086528625169	0.07373906176169631	0.07921682063542232	0.1434097614951611
4254	0.0	0.17493954026481684	0.14466154291129088	0.22124706562903307	0.0
18053	0.0	0.03205866548185977	0.2626812896484854	0.32719950114109586	0.169689192282384
19511	0.0	0.23541139484058857	0.050051724720084304	0.10844540356018265	0.27807971015544525
4268	0.0	1.0904977200261492	1.0908833976587897	1.106654479465937	1.1738979833347032
4271	0.0	2.67623265178598	2.4374899972579156	2.8285376910526234	2.724810414818103
4276	0.0	0.457927121813119	0.34845860828017544	0.3733795941721196	0.421476630208237
2489	0.0	0.9215692835254502	0.8700291214590478	0.34415089946502636	0.3807880228045156
5724	0.0	1.2778194216738987	1.441100707577596	1.3098550169007537	1.4686902769478904
4287	0.0	0.2494369385243917	0.1985145956776061	0.2951103563291149	0.05747992544407501
1395	0.0	1.110157915409686	0.6979730703867455	0.09402444808917558	0.15072726913857448
1387	0.0	1.3496257440138606	0.0	0.0	0.0
1376	0.0	1.2308308640940908	1.1163293321366812	1.1244007446374167	0.8790175695985231
8561	0.0	1.32186409557128	0.5188306439722705	1.0740330491484604	0.9180217823137504
8558	0.0	1.275228006796264	0.9512578936681855	0.6159445910290845	0.30022825437551903
1352	0.0	1.4183446929034151	0.36312874206416335	0.22175133085086626	0.2747499408174687
8576	0.0	0.6488884001827483	0.07240214528936627	0.05012456212340742	0.2833127424366506
1349	0.0	0.4655556115307098	0.24853933196250355	0.43348630828639334	0.19617954327365286
5778	0.0	1.2554966797911637	1.4264767841048616	1.0917529422858268	1.0043959384497145
5792	0.0	0.3530553520623196	0.10004927312229195	0.2003194449226591	0.33945234462462803
5787	0.0	2.1367002242678277	1.0116571985103382	0.7407117661253502	0.7112205543562254
5799	0.0	0.8817591028139785	0.8983303329411624	0.5018913229634833	0.44419018756811396
1369	0.0	0.28481055696778046	0.03067785987392593	0.41079064099931145	0.13252835465536003
1361	0.0	0.6927071484990089	0.3158169829567956	0.1632770880370052	0.21749653205904565
804	0.0	0.10462974177791522	0.0	0.0	0.0
15213	0.0	0.41531566220387167	0.6177365583601212	0.6407870884737497	0.8876359268818929
1330	0.0	0.27750662729957615	0.24657595264456922	0.164034871885757	0.38652413855922396
19488	0.0	1.8471492060378012	1.8619850566170355	1.9492917030793933	1.5440398430860685
822	0.0	0.6978510204490062	1.1639902237094328	0.9369431758584621	0.8247848959092827
829	0.0	0.12006146790096475	0.2963862461992101	0.15841426628802774	0.09646477173216049
816	0.0	0.47418460671856316	0.15202206788984696	0.13893407529005883	0.14855783564917008
1301	0.0	0.0	0.0	0.0	0.0
21603	0.0	2.1058396014175496	1.9609500125462276	1.5874809740295623	1.6342809471269462
843	0.0	1.4058135401264287	0.9719649854275498	0.8051856795692881	1.016427678607563
847	0.0	0.3625623331577591	0.020094997947760047	0.14950678473133475	0.28387364189493935
846	0.0	3.472865037807568	3.431019476940356	3.4316970666270996	3.5600658974108117
8639	0.0	1.1082690784270555	1.2199591168228947	1.2544229425105549	0.8160381696692298
20142	0.0	0.4249335853527867	0.18718171246357773	0.38750684187414386	0.06728107706964573
20148	0.0	1.8329101523566527	1.8329771034603473	1.4728906427350912	1.6487190248509325
28708	0.0	1.1620414631277611	1.2420490796351806	1.1099554645912053	1.005689908219703
21655	0.0	0.39863957914809706	0.44962488888932695	0.15453170270868677	0.08861304815753879
859	0.0	0.31061333122350004	0.08874666606385716	0.0	0.06715963918345948
20115	0.0	0.0	0.0	0.1770758340035135	0.0
19413	0.0	0.12642160644034886	0.1429053745170815	0.0	0.13862943611198905
19410	0.0	1.2372735448178267	1.1649170832578997	1.2389308934035752	0.768869224371857
887	0.0	0.8475919901994879	0.693437404912656	0.8389773871616107	0.661877207756827
16339	0.0	0.6624186896626476	0.24822902195522972	0.40162886476492865	0.19687935345166627
877	0.0	0.09520584314786296	0.0	0.0	0.0
19432	0.0	0.2878537280029507	0.3588491920908265	0.25589391066952566	0.33569484167912056
4183	0.0	0.5350760962297225	0.2074703723394471	0.0	0.0
892	0.0	0.787117425167815	0.17236890185768602	0.10850491739931947	0.13122232937938316
2408	0.0	0.9402611835838843	1.2110366385533786	1.3991538478590058	1.2465692578487169
44998	0.0	0.0	0.048989351828748556	0.0	0.0
2413	0.0	3.494163421934902	3.548997373227682	3.2485964735648505	3.336259262884753
2411	0.0	0.7532972229802787	0.5918763894845046	0.552417963518871	0.10241632363449017
2417	0.0	1.0476455930407693	0.936753557921206	1.0261386189370605	0.7520868086732017
16328	0.0	0.7460240031040828	0.7841284381004069	0.6037543613699687	0.6466739235440054
19478	0.0	0.0932497638418984	0.0	0.0	0.032252654404231716
16315	0.0	0.0	0.26878630029202744	0.0	0.060608675556045405
4113	0.0	0.6686619566002002	0.6597948412332448	0.4325832123795092	0.5552828945984478
12019	0.0	1.0839964894263008	0.8787690570816844	0.7366343291168213	0.9122610447826642
2329	0.0	0.8426480899075217	0.5830267962262543	0.6612642234036696	0.6050843417593685
2321	0.0	2.211055857898873	2.368680650501344	1.948799162006821	1.8359297800444203
4117	0.0	1.5428690591618748	1.2079889135258153	1.4841414769233396	1.2921523403888393
2331	0.0	1.9327877245189073	1.34305356554006	1.2847512070626734	1.664845998263525
2318	0.0	1.6887119308155458	1.089366346117184	1.5843004821190596	1.3677893669164773
2315	0.0	0.6091441999409745	0.5055899194566345	0.43468013374515413	0.3358860855844264
2307	0.0	0.35497973729869825	0.3924524670363657	0.277987164150759	0.06926265932045696
2304	0.0	1.0114289142401753	0.5931704171270691	0.7422762995096468	0.7706948442270696
5623	0.0	0.13276126671107652	0.13955682730480148	0.21728759094869698	0.12786386985382142
2302	0.0	2.349027893285196	1.6095536919166367	1.4323918805169595	1.6271283232769889
2379	0.0	0.168454464695718	0.0	0.12506467833469975	0.10251786549509502
2376	0.0	0.0	0.0	0.0	0.0
4156	0.0	0.0	0.39124950712566137	0.0	0.0
2367	0.0	0.6814867800217521	0.6087547010107784	0.4671103809048076	0.4580799671674535
5609	0.0	0.11535340878091878	0.12487527005237428	0.0	0.0
4164	0.0	0.26080153369520975	0.128755032994728	0.2799022456407131	0.08958554902654713
2359	0.0	1.0516329600621155	1.1745638494472255	1.370131161716911	1.3325987027968829
2358	0.0	0.23142856873471765	0.47614692011901427	0.5028279514535151	0.4300434285792231
4126	0.0	0.0	0.0	0.07997143423076543	0.10515853497023002
4134	0.0	0.18565090409810633	0.0	0.0	0.0
4135	0.0	0.2658163134257543	0.3469287446602611	0.30022343604346635	0.2491317771686681
2348	0.0	0.2529044101700756	0.20792519389737774	0.24803917948301843	0.0
2349	0.0	0.11244013956008035	0.06770125502755525	0.09069859684432414	0.09192425355843664
1299	0.0	0.0	0.0	0.13818390293905072	0.08176160010678919
2352	0.0	0.0	0.0	0.0	0.0
1293	0.0	3.387422396582088	3.1341706002911462	3.143560426382251	2.872935945869201
1294	0.0	0.366952188136466	0.40929593078315685	0.3892917515128492	0.3603415147110766
12096	0.0	1.2014693085742147	1.9621924671054312	1.6106506425013793	1.0204498466408032
12097	0.0	1.659621503411864	1.6866113241402048	1.585431791731319	1.5811299092999016
1276	0.0	0.352611058743864	0.3184638962171837	0.5568203671922483	0.46135435964626487
8653	0.0	0.1806482348685103	0.0	0.0	0.0
1268	0.0	0.0	0.0	0.0	0.0
1260	0.0	0.1825844431114117	0.2824936738087063	0.07062341845217658	0.1513358966832355
1246	0.0	0.7215792431601421	0.6418773586491824	0.5087675632867619	0.4283668037697748
5694	0.0	1.3908294635762268	1.4270424068321002	1.3941976527834983	1.4444576924381274
1241	0.0	0.40854818556266803	0.49461144302560806	0.2925040418019555	0.10643681721174794
1233	0.0	2.628285181986551	2.6415362054861387	2.5289050901225942	2.2203756009775204
8695	0.0	0.19458969726363137	0.0446798367355037	0.1127333032112803	0.028159351034454133
8696	0.0	0.3503378757555454	0.11047286682241753	0.2160026135263372	0.23305444271810136
5657	0.0	0.0	0.31014566855138576	0.09091607284745404	0.2455319876031804
1222	0.0	1.2706440557231173	1.0304482553122802	1.2081499996936818	1.011364593981619
1215	0.0	0.09717706804749016	0.032086767751529764	0.0	0.0
1210	0.0	1.6295300439183675	1.8060637527426004	1.26504311958998	1.5265207739001956
906	0.0	0.6668745795019172	0.11953764490224277	0.2591260057113608	0.06334158255919375
1219	0.0	0.3791439336002475	0.16688674408792523	0.10684778696154307	0.1813174566620125
8757	0.0	0.0	0.0	0.11680668253777228	0.0
721	0.0	0.425199153485098	0.4326584243173656	0.32962137631550736	0.2676693916694014
21307	0.0	0.8348581988202692	0.9556348696202746	1.369310351485916	1.0659177822291916
711	0.0	0.0	0.20575305532047228	0.23203887251449062	0.1762240046341351
710	0.0	0.15365531566763452	0.07901217163200655	0.1768367650811575	0.2480539313372101
704	0.0	0.0	0.0	0.0	0.0
27557	0.0	1.1830893189688125	0.364790064346155	0.14707216105759635	0.20255847636568952
8721	0.0	0.7363062625227214	0.21917164998245178	0.3438022627991868	0.4440746331144613
8711	0.0	0.05857542588239288	0.0	0.20158972521902058	0.2649464960021413
1205	0.0	0.6158601351270728	0.7496845337024391	0.52131594351823	0.6453975970316126
1200	0.0	0.11677329157506242	0.21919520546369387	0.09453075984647909	0.04165193475025459
16687	0.0	0.31282046181981027	0.4316116267480641	0.17543411714145324	0.13874054903017818
27515	0.0	0.7646699096433534	0.8711606815820254	0.38151694110724305	0.3969300990061353
2768	0.0	0.0	0.0	0.0	0.0
42869	0.0	0.37446653419424886	0.0	0.0	0.0
21383	0.0	0.20116496581964247	0.2761332760629874	0.278516796547176	0.24104638236024062
794	0.0	0.09453075984647909	0.0	0.07425664482252252	0.0
792	0.0	1.5227850693496168	1.2448557138697347	1.257844296465111	1.0483656663353396
54805	0.0	0.10131880992301376	0.21492572089677497	0.047610128046753956	0.16248875227866805
9825	0.0	0.8164197123921991	0.6359711264463204	0.45414894789076693	0.4946124099707274
42840	0.0	1.5812856354560114	1.4749815224244471	1.327843135863736	1.5396802635001636
21337	0.0	0.17668457543684882	0.19343642248184517	0.08557861887444865	0.08154672712469944
20205	0.0	1.2329217989226864	0.7120404464102805	0.6085102614518765	0.11811935363278173
773	0.0	0.653368025408911	0.5883688293468663	0.6768823728992239	0.2210013912084011
2711	0.0	1.472107312875169	1.0112890054040538	1.1297677616742383	0.8040614028635797
2722	0.0	0.9086589564540009	0.04793009205490637	0.038686431444317285	0.0
766	0.0	0.06548519328998859	0.2825595925593733	0.0	0.04324244775678474
19770	0.0	0.06656430536276889	0.085922205501897	0.0	0.0836988609067404
9837	0.0	0.4564957909681141	0.20661100972440988	0.11238437329970766	0.30931707974169353
9835	0.0	0.11385198303572666	0.0421136161739295	0.17109050289132027	0.13517427657795233
9834	0.0	1.958170817732116	1.3351385784885412	1.2649742976254548	1.0661658062088313
757	0.0	0.5503465012196974	0.19721492773068297	0.05361496464465239	0.29637283399486763
21343	0.0	0.7695662013829588	0.4829471599016568	0.07835833574361588	0.5345832648770069
1192	0.0	0.45947792562441786	0.3276959195249285	0.0	0.11561487031584661
4491	0.0	2.203252735762334	2.7503174809746422	2.548653385323679	2.4782720488856094
19749	0.0	0.12142309312115822	0.2695056931869297	0.08036409233189824	0.05090775840658566
9867	0.0	0.4048618467693472	0.28336811178978133	0.12649658032223723	0.08688940315264092
9884	0.0	1.725638635440332	1.4056761696847668	1.6444074014674188	1.3235501492614767
9883	0.0	0.3349397015882802	0.18520873020464834	0.20202298571569097	0.36288186751077967
9878	0.0	0.0	0.04848196406522634	0.08534526394115116	0.3038186121577315
19710	0.0	0.42828528399525556	0.0	0.2290566539203631	0.08308033559238256
12169	0.0	0.0	0.10729586082894002	0.0	0.17882643471490003
2662	0.0	0.4146379870174609	0.18276932375284557	0.1025988491403702	0.0
12145	0.0	0.26171864443039816	0.17127823377131218	0.4027713075361847	0.0462158627133644
4487	0.0	1.7303840028517117	1.7306080382728628	1.7020901955253254	1.8520267318919843
4479	0.0	0.9886669112083318	1.156873746852622	1.0471527456797012	1.0225628017082178
1102	0.0	0.3629684047463318	0.06115228558226242	0.09074210118658295	0.17252543611545057
5535	0.0	4.035975707909736	3.653072278142011	3.528826563065371	3.205340298693221
4418	0.0	0.7070252154325231	0.37371580583393743	0.0	0.0
4428	0.0	0.47401656251594504	0.21708914277735175	0.5134173945568108	0.46020212306231356
1131	0.0	0.7172009432183503	0.7203035056385889	0.5838908845151369	0.1186422446017768
5567	0.0	1.1461647731851299	0.255167259348395	0.3179997203737214	0.24417515144042543
4442	0.0	0.22332788521211455	0.1169616068852523	0.12143433894643853	0.11279056649891872
5586	0.0	1.2427618693634508	0.32244287175104297	0.5747894670344679	0.060366017085811685
5584	0.0	0.34627580534684993	0.07425896742842437	0.10466496375220426	0.25408001977256306
1135	0.0	0.14383000990500686	0.0	0.0	0.03300520227293842
15197	0.0	1.3907044965761473	1.0496257169790717	1.144401003884184	1.2515965300012575
8784	0.0	0.0	0.20016024521518358	0.13862943611198905	0.057762265046662105
8788	0.0	1.5995022999046546	1.528895002931933	1.8200364670351727	1.316757260725828
5596	0.0	0.4292484005606433	0.6325765902998953	0.08401784006787216	0.0
5592	0.0	0.7046956408858319	0.3543242023031302	0.3331676447833723	0.4640214135405985
1167	0.0	0.43287706826454264	0.18240715277893296	0.12290975252218558	0.07661213227446073
1172	0.0	1.0001319822806436	1.1541560618952869	1.1727703174710604	1.021942536767974
1176	0.0	0.2054340724132648	0.06864485954771866	0.11962102678298661	0.5638785503551964
1156	0.0	0.10190759615520653	0.04656226648413805	0.1522812469582607	0.0
1164	0.0	0.0	0.07080231201263185	0.2298106338960916	0.09629114433717932
15016	0.0	0.27041858058086565	0.18721286347906085	0.47997264607749346	0.08571066038724315
20381	0.0	0.18747080312920583	0.46645215518068833	0.3445935133287471	0.15229039993059454
15008	0.0	1.7784462482729366	1.4003582479831993	1.2379904900136256	1.2608290409817218
26003	0.0	0.0	0.0	0.0	0.0
21416	0.0	2.625593746953549	2.3527487368994384	2.4914329116841722	2.2658929824886758
21415	0.0	0.07485757732251629	0.17971718554808364	0.06648510241305886	0.0
623	0.0	0.46303238050883777	0.33777388357391797	0.1646849254205125	0.08169846920833339
629	0.0	0.8786373136067799	0.8118322477972677	1.0628186658874412	0.5186963243049855
28922	0.0	1.607225644166757	0.8012484617748729	0.703528004979367	0.5136334036756955
21408	0.0	0.6930227378265269	0.46226611542017504	0.40590304976250513	0.6491542717336171
613	0.0	2.1948455720360585	1.8810425298571403	1.8807647062140054	2.0396465835254527
16507	0.0	0.331154854748379	0.44445428742012466	0.3798524314533413	0.25278100643232326
8834	0.0	0.0	0.17492419339423979	0.3692795728775741	0.31859414130614233
8831	0.0	0.0	0.11294301139888423	0.0	0.1636716521119424
26012	0.0	1.438361338504345	0.6157225252981361	0.30799382640358863	0.4406240970412595
20397	0.0	0.44950389441025346	0.19033764154972618	0.367794627050629	0.6503202752948977
684	0.0	0.27535951643025075	0.12447739504827404	0.1436277635172393	0.09441100537887466
677	0.0	0.2665950694461328	0.0	0.03771984349208142	0.0
2657	0.0	1.0986122886681098	0.2205468301781644	0.03080654135821979	0.06576686070975139
671	0.0	3.5250027236952053	3.3910778862543927	3.464774745451586	3.34230114015933
2661	0.0	0.3171933323489141	0.49074930816603546	0.42203497055588635	0.5622865290614006
2621	0.0	1.5583713217502955	1.2873174895662323	1.1316607045653404	1.488182902151024
2623	0.0	0.1924164220636404	0.17766494541074984	0.0	0.08226499204170132
2629	0.0	2.492212561745369	2.3943451894016015	2.3826047407687256	2.2463195962020435
2626	0.0	0.7159901925197975	0.36011778303349995	0.051607072958142944	0.06601073979832715
9900	0.0	0.26518227657506094	0.13183347464017317	0.04846818920594602	0.13040076684760488
699	0.0	0.056303549948369044	0.06434691422670748	0.206798813191821	0.0455790642439178
16556	0.0	1.314498597772061	0.9671736822619397	1.1919856866231808	0.7064246580627637
2608	0.0	1.312277354287259	1.3096417938091356	1.4213660084866306	1.447818689608513
2604	0.0	1.7881873557848669	1.0918554888615704	1.2876613011559956	0.9808590517768546
2600	0.0	2.2116473950662416	1.4494702865412172	1.363079980105133	1.6424209875478448
19656	0.0	0.7977187174352742	0.4704562782885844	0.23902214138855496	0.1827671872488026
12303	0.0	0.7816191342561455	1.0389150260767368	0.6700622773296525	1.1149560190690775
2619	0.0	0.26608467423362475	0.3824953950061957	0.5937650712175795	0.38669616078634966
2617	0.0	0.709333544352439	0.1688366851520653	0.1541629024017034	0.20882678389380824
2611	0.0	0.7760981482158333	0.5865182777260716	0.5316298262071115	0.32758468687414566
20333	0.0	0.599217197736599	0.39313574481663227	0.5448238620733475	0.5256142648175998
12324	0.0	0.4582075208236538	0.26103837414445463	0.5691533527589564	0.43733461050840705
658	0.0	1.3465951894904087	1.4272227980268049	1.5722609284373978	1.306935784496729
20310	0.0	0.23166852602078639	0.2353163058385383	0.056993210554678916	0.10795552909512936
12313	0.0	1.0861962101316593	0.7872860846819045	0.30313217997719877	0.21330875173061475
64299	0.0	0.704959038140248	0.6179305537924983	0.1554226263956126	0.684270529840669
4392	0.0	3.8938165191078404	3.6386670396282974	3.6546544834763983	3.7338266950516577
1094	0.0	0.0850809199219799	0.08337563613229752	0.0	0.11860194515282792
1082	0.0	0.5253186127958223	0.0	0.06276425130849755	0.23035815639820909
1078	0.0	0.12197884531072876	0.07610482050475958	0.21873835827195798	0.15609032747659757
4370	0.0	1.3269675585778111	1.3524346543889059	1.403868105684752	1.1545339143545819
2598	0.0	1.595663950568215	1.6505017032683884	1.6082760076293734	1.6413983456174233
4381	0.0	1.1210020645136627	0.6737824513696775	0.5290786451520858	0.5337339926361943
1059	0.0	0.5276252298249472	0.4854456233924665	0.5575721622335986	0.45583488836416547
2578	0.0	0.5724761693189244	0.13195286648076296	0.6346756974967662	0.04755058251559025
2563	0.0	0.6593263491229714	1.3616539000933507	1.0707046004808485	0.5247694889627592
2565	0.0	0.17337835617632658	0.35087692036326035	0.16489547928850817	0.13027038692446416
2566	0.0	0.12666543347762363	0.24144980336625352	0.3621890336553166	0.2797870384952669
2561	0.0	4.364037668351901	4.267699482736647	4.2890786061286015	3.974420993527679
12279	0.0	0.4589032376430442	0.4754936891088898	0.24805973996592812	0.31048602530707153
2555	0.0	0.2881528821151861	0.24931150291026716	0.08415654371538893	0.0
2541	0.0	1.8924384767899207	0.8694729054234214	0.9068867038794515	1.1716995886855657
1004	0.0	1.7608946283610647	0.26157435444478805	0.2744586094762102	0.0779928095127807
15088	0.0	0.427548728195854	0.3077334465416998	0.4437832558463064	0.4355471716236422
5448	0.0	0.0	0.0	0.05406024510222672	0.09557333268415387
26064	0.0	0.5476794065173962	0.2654473059234913	0.305447370343418	0.3049420971340781
1047	0.0	0.32859037617210596	0.5183846120920099	0.43098578519311137	0.39975493119361055
1039	0.0	0.3674338458260107	0.3133432797587521	0.2252300503084547	0.3650317218544147
1043	0.0	0.6112936410277192	0.2807684782014968	0.0644788074939484	0.08075501132737227
8888	0.0	0.5776226504666211	0.0	0.0	0.0
5464	0.0	1.7923084199785826	1.2442307229439629	1.291070767826939	1.2998438731021804
8897	0.0	2.024657645504641	2.309394565894375	2.2739814903370026	2.187904037241425
5473	0.0	0.9804748689148436	0.8513774685512209	1.0967454579788665	0.8565376326621637
6095	0.0	0.9832574007776117	1.010760765194996	1.027928852330777	0.7969355707922607
14678	0.0	1.7121747118567483	1.3511107010644676	1.1552365848434107	0.8774897245875877
6085	0.0	0.0	0.0	0.0	0.2674148649426529
36225	0.0	0.5509346175954491	0.334787994240101	0.43070551032590615	0.3188731592663461
6079	0.0	0.89115560411555	0.7431057889436885	0.660953361602625	0.48477613688792576
5336	0.0	0.5854767438564635	0.2673423490939746	0.14522362755631973	0.0
5337	0.0	0.0	0.0	0.08664339756999315	0.0
14631	0.0	1.777714719130205	1.2318302398247158	1.1515197408964455	1.4855963317550767
5308	0.0	1.4125198552124383	0.6832200498332552	0.6447412272291128	0.4167934906651478
26177	0.0	0.24414126670440392	0.07154140009344054	0.1334896900313066	0.0990425425713529
7561	0.0	0.48825509616693985	0.48264436316053116	0.1589445907375311	0.3316826531530924
13550	0.0	0.0	0.0	0.0	0.0
13543	0.0	2.253870829618233	2.416843230358882	2.0881912429872704	2.3050634796489584
13571	0.0	0.8831587806628834	0.39290602759904686	0.5792684747490119	0.10498319390313078
13568	0.0	0.0	0.0	0.0	0.08252382370454019
28493	0.0	0.2300104380482073	0.3113161744507096	0.39487447147661425	0.2856096120508323
13597	0.0	0.3912523780958822	0.4029192416464303	0.3956894303962149	0.10601677341952936
28482	0.0	0.0	0.0	0.0	0.0
21081	0.0	2.26636761902617	2.1915480843018345	2.165569638822082	2.108202358518363
21089	0.0	0.9166428178436921	0.5799219687527231	0.634570787592034	0.5339976859770348
15827	0.0	0.4763232059029634	0.18159359002854183	0.18821924744170118	0.3995492614755184
15821	0.0	0.0	0.13138053444982567	0.0	0.11805055600234234
21108	0.0	0.47546108186546554	0.14197796194593762	0.1460578966785443	0.07321977259436042
30619	0.0	0.554046327001572	0.3745999048707829	0.38385855768760513	0.35788557725296843
28446	0.0	1.310271176570464	0.6789462232596497	0.13312927903430882	0.3198870181719527
25001	0.0	0.8492032753340975	0.22652974174758783	0.16558525246032235	0.06621638604929492
25070	0.0	1.115403409455683	0.8829961503314812	0.8048704644373009	0.924294818655891
21157	0.0	0.6802029949827377	0.3849551880307494	0.4203464840813537	0.165497119102887
13632	0.0	1.1396111781526173	0.3523752159004504	0.3101776183501591	0.19725110378642777
13647	0.0	4.825632885698732	4.652057987910696	4.790724222094079	4.484764988189541
28400	0.0	0.9863600580360591	0.9692065964971966	0.6689403426211717	0.5534380134446683
30639	0.0	0.8218569340760656	0.5291512895463903	0.40229309546226866	0.35087915662032015
13658	0.0	1.2735710977494874	1.8023426341434439	1.3642147064868504	1.2313631817972137
7537	0.0	0.19974768884874725	0.0	0.0	0.0
16850	0.0	0.7179459137834496	0.4344945178659049	0.07309793946012842	0.18176076801690774
16854	0.0	0.5532667433234808	0.2538797063533322	0.13407183496810626	0.03138700170197639
26157	0.0	0.10396780187905648	0.0	0.07522745651342133	0.0
7534	0.0	0.7646147762365102	0.5057038126309032	0.47825864629519366	0.6674665432478528
5380	0.0	1.2436849005999187	0.7578855233627616	1.2378134475513296	0.5212190659488718
16830	0.0	0.7357264888971906	0.7169181227846481	0.30260604253769663	0.26132502869713853
27347	0.0	0.12211872153765488	0.0	0.04413929694132104	0.155896240260836
5391	0.0	2.2414548857011503	2.5853500039225747	2.5361520516255687	2.4371812778009647
7493	0.0	1.1374444690158496	0.8736858881244307	0.9420093131548001	0.3246499158412226
7485	0.0	2.515960524551447	1.989796896361928	2.305364034145878	2.303748533298412
5221	0.0	4.664474860447758	4.5840830315289915	4.520785234934288	4.709137824075289
24088	0.0	0.2419500631817432	0.2310490601866484	0.033441311342804377	0.12065212508787647
5257	0.0	1.661070415662853	1.3994203572459567	1.1939150737480442	1.5608604527086511
14556	0.0	0.0	0.06970668373782003	0.0	0.13064559233038123
27296	0.0	3.0908446080352285	2.911751826822305	2.788378597026976	2.56458796520242
14542	0.0	0.9170943935475976	0.9782846069692555	1.127901396578065	0.8688401270919411
7451	0.0	0.3538273071526886	0.25263273433902256	0.3134440984383254	0.0
24045	0.0	0.517614181761742	0.2103157477697228	0.19525205759597264	0.16038606322234505
5205	0.0	0.0	0.0	0.2772588722239781	0.0
7469	0.0	1.5957165491699643	0.281959175271018	0.17567500941045294	0.2838391539696994
24052	0.0	0.0	0.15530666561175002	0.0	0.07997852083383984
24051	0.0	0.0	0.16739570428890443	0.13417838969117166	0.0
7467	0.0	0.257218147738538	0.265298991945754	0.1221404455934065	0.2676762708333128
36178	0.0	1.0237894974919384	0.7143252115688123	0.5356082104629057	0.591447892027132
13446	0.0	0.0	0.0	0.2520535202036165	0.0
21193	0.0	0.0	0.391292763219324	0.16675290444626634	0.43395349486412177
13433	0.0	0.0	0.0	0.0	0.0
13422	0.0	2.7919600581616564	2.8723447821575228	2.817802678054926	2.617957024777865
13496	0.0	0.6707654097267398	0.865639833774226	0.43004447617928304	0.617465216002323
13483	0.0	0.6704244401924724	0.3699315654771509	0.29876062693316974	0.04932945255689278
28362	0.0	0.243104422675139	0.0	0.06851129350852488	0.08080336503385031
15709	0.0	0.12211872153765488	0.14090621715883256	0.12597027339489464	0.043473717923076895
13470	0.0	1.6958654450774615	0.09026834003674034	0.049237276383676545	0.06943718464364641
15623	0.0	1.7520584734642664	0.3445906948463629	0.6164003178790829	0.40016962814334184
28311	0.0	1.1353323589077526	0.6568590278315005	0.6869130894860412	0.6004476779428917
21223	0.0	0.19598000391361736	0.683484808690818	0.4764737816520993	0.1380503694326667
26202	0.0	0.12996509635498973	0.0	0.0	0.0
30745	0.0	0.2425148370129719	0.1878728488745542	0.5700898574416636	0.07266349311510215
15666	0.0	0.7512483125287919	0.5857553108032806	0.18087941753000275	0.20938466823018873
21242	0.0	0.6407864341939837	0.7131900700518586	0.5607599323843695	0.5592769794892104
25170	0.0	0.0	0.05246691377881881	0.0	0.0
30776	0.0	1.2909595910662983	0.6932636190900336	0.7985750406565332	0.7540318008029819
25188	0.0	0.3822446640773334	0.6436473678449717	0.32066278635256174	0.23911472740023162
15651	0.0	1.1530809872683212	1.088870064822658	1.2607623470917673	1.3340638496349662
26266	0.0	0.8582310044231788	0.802181970498314	0.9788687060464195	0.6153953577386224
16754	0.0	0.1808733995062089	0.10746812211206219	0.12054860183432915	0.1655201694814971
26257	0.0	0.20199924732265567	0.1835820833239998	0.2463663777440188	0.14529299200288287
27213	0.0	0.7176618464784252	0.6158868814282089	0.6735327890805639	0.637697690752975
7414	0.0	0.0	0.257564849459656	0.26586467199559544	0.0
16732	0.0	2.3446422766930035	2.249168512008441	2.2619302305639386	2.1804643355437294
15693	0.0	0.5884155857648479	0.7083320270639828	0.12275736286876732	0.16761662187992993
7429	0.0	0.8523995818264151	0.7366168063824157	0.4412240578127273	0.3474854489424223
5258	0.0	1.0638524786694723	0.7393068632415626	0.4435644079224558	0.5726113374623079
16715	0.0	1.5196244263358516	0.43985020673127434	0.36284013081666977	0.3710360818542756
5268	0.0	0.295893754561958	0.12520272542439423	0.09390204406829566	0.07382623655538943
26228	0.0	0.8711184680163219	0.37992752265449853	0.4143576734324085	0.3177601552911521
5276	0.0	0.5024424281299824	0.3471294574544051	0.053778420785434926	0.2401417203604117
16728	0.0	0.20296816251489486	0.16023802303807488	0.0	0.10971604456974694
5281	0.0	0.2734321613894175	0.28267766321655946	0.2782763758382105	0.2507324101381619
26232	0.0	0.0	0.0915510240556758	0.0	0.0
7355	0.0	0.2441360641484688	0.19387275682378408	0.10631731825820416	0.0
7342	0.0	3.6831212602957306	3.642102577021694	3.428311967833885	3.4388484022299726
7343	0.0	0.0	0.0	0.03695411430637146	0.0
7330	0.0	0.0	0.5493061443340549	0.04446725781378716	0.04332169878499658
7315	0.0	0.4752423989570501	0.31682826597136676	0.23004928095193497	0.24600054679721495
7320	0.0	1.060142807461296	0.8240810629584668	0.8393346650514653	0.49078805400235576
14896	0.0	2.0441426361230293	1.552358841749851	1.3512917392967696	0.8679182296627977
5119	0.0	0.33850627513777626	0.0	0.09225825568858857	0.0
7382	0.0	0.9490802003165426	0.5989129360331423	0.41745257444502903	0.20946755456481864
7381	0.0	0.16142506565523818	0.24192908554344594	0.47126903101725937	0.0
7360	0.0	1.4955651355632769	1.5006503687943467	1.2706812602139894	1.5142609669175673
36016	0.0	0.29175063474711194	0.17009953726129956	0.05775696702197595	0.1614725834898455
4020	0.0	0.0	0.18510650969362138	0.0	0.23540544574550482
13376	0.0	0.3905729428167534	0.6591657933900295	0.48342865563723153	0.7280576977623918
6246	0.0	2.077104657202863	1.8567046283773425	1.5337498553852045	1.5058387273607772
13325	0.0	0.6827799674279068	0.29617675043268776	0.14366121270954738	0.037562794148826614
13323	0.0	0.485236029064736	0.26289005089479467	0.30267371076696925	0.39708842844085973
24126	0.0	0.10010344944016861	0.0	0.0	0.0
6233	0.0	1.4277605585037374	1.5398022166860292	1.3780255458286221	1.354993055176721
13320	0.0	0.4121194679730109	0.22841266717088718	0.21942004247911998	0.25072215278604554
6209	0.0	0.25662644010097585	0.09459483721327845	0.15448148994920718	0.14551159698441452
28642	0.0	1.157279245620587	0.8014041050313068	0.8622576953561307	1.13993613071871
13409	0.0	0.47568083910016273	0.33756325454423564	0.15417211146351933	0.3892896915852372
4099	0.0	1.4134496408133437	0.36594794773797584	0.23889028302764	0.2785238483847762
30876	0.0	0.0	0.0	0.03155760612615883	0.0
13410	0.0	0.0	0.06161308271643958	0.0	0.0
4076	0.0	0.6920781888944693	0.6375303636193799	0.4395492505229687	0.18177560264284237
28691	0.0	1.0766051771731333	0.6651146582673039	0.9905750929324748	0.7004566903154354
4084	0.0	1.012704162247676	1.1245243527853281	0.6255652360022584	0.5602941583235308
26313	0.0	0.34587604537946337	0.0	0.065888682419912	0.15265716859127423
4053	0.0	0.0	0.21313399385206577	0.08295603369907696	0.0
30831	0.0	0.0	0.0	0.0	0.0
36982	0.0	0.0	0.0	0.0	0.0
14913	0.0	1.1410592708507472	0.17899147131493404	0.2764634476962181	0.30031618767375357
5142	0.0	0.30620793191785317	0.4006869416702862	0.0753906410264081	0.28362551093906563
5144	0.0	0.06436923792856422	0.17311904459714247	0.12996509635498973	0.0
29373	0.0	2.512248059989822	2.060268166354515	2.2734696397381016	2.0943297298661694
29354	0.0	0.5979678960011506	0.5089591039253161	0.6057012150895082	0.6249662615284933
15561	0.0	0.06027366787477785	0.0	0.0	0.0
15571	0.0	0.052698277915913375	0.0	0.0	0.0
29328	0.0	0.7424732919172227	0.8967826873222948	0.7509397515545517	1.0384648131229741
14987	0.0	1.3557550217433898	0.808988222606166	0.6682535219167851	0.41514778285978626
7231	0.0	0.5272122290616836	1.1073747288028757	0.859931204804958	0.3129598390321887
7243	0.0	0.24203937926053287	0.0	0.3630590688907993	0.0
5000	0.0	0.19561635299559116	0.5026971723103375	0.09901517962512559	0.3833054750613508
7261	0.0	0.4329832982432601	0.49361951893689354	0.16091759372127717	0.341441570057309
13269	0.0	0.0	0.05452664776234149	0.08660919427919965	0.06543197731480979
7290	0.0	0.0	0.3359458088495517	0.0	0.0
6164	0.0	0.05848525055605782	0.29973690909979633	0.17127823377131218	0.0
7297	0.0	0.0	0.0	0.0	0.11323963534441348
13250	0.0	0.0	0.0	0.0	0.04544063339885706
24210	0.0	1.0610762002930667	0.9035950580810795	0.7929439858164531	0.36587300998969746
13227	0.0	0.0	0.0	0.0	0.0
6177	0.0	3.3671188671212504	3.543715565164378	2.8966091756970376	2.966009421500812
6125	0.0	1.401242662734219	1.4928234309491872	1.265881468408795	1.4271013426591213
13215	0.0	0.4189524721815045	0.26270047756791665	0.3278512497903676	0.1116972166469392
24243	0.0	1.447215836967815	1.1675890412038683	0.8469612788801992	0.6313040714323385
24257	0.0	0.0	0.5356040192568883	0.5891644211825772	1.5577107523776248
6139	0.0	0.20141317043669857	0.1425266958501751	0.2209660825838073	0.0
6134	0.0	0.10569149751295634	0.16708218325615767	0.4777665301849699	0.3398870194356388
38981	0.0	0.6198537216549677	0.42950235808314374	0.4759732495944785	0.2779120562484964
21033	0.0	0.0	0.0	0.0	0.0
6104	0.0	0.47178384187470307	0.4257492751306098	0.54494310568703	0.20474155842252725
29296	0.0	0.12341498185834088	0.0	0.14487845696413928	0.19387275682378408
36883	0.0	0.0	0.0	0.0	0.0
30924	0.0	0.08939720582637886	0.0	0.0	0.1838150335953538
26459	0.0	0.932558188795786	0.5320003491803796	0.6301957295069593	0.3330619496779269
30946	0.0	1.1005436763725458	1.2857481921065992	0.6932909379390966	0.7105599141297742
5046	0.0	0.4477773837225053	0.36504725651696773	0.37987075436880235	0.5720307497204893
30942	0.0	0.8315681917491038	0.3460161357681535	0.39774153290132713	0.12270898112104736
5038	0.0	2.1222737408484464	2.006743168330986	1.7592120767485606	1.6403751828581283
5058	0.0	0.5198603854199589	0.0	0.0	0.0
5049	0.0	0.5681469158586615	0.2543825273465367	0.11995694334534562	0.14332330413132824
15468	0.0	0.45400769004970654	0.0	0.0	0.0
5075	0.0	0.9625966615753649	0.4685767125883132	0.3083641054533838	0.48087885954460413
5086	0.0	0.0	0.0	0.11495985088815001	0.02380146078696574
15444	0.0	0.44801182966192243	0.22258528054398	0.12958860671956657	0.33837025087886824
36806	0.0	0.9620731981618327	1.316781058730277	0.9062895791447636	0.8192301506864361
16981	0.0	0.7772423180154068	0.588143122715043	0.6630893447412726	0.5579751733810684
15454	0.0	1.3383095874590967	1.0719173490469578	0.7639059410985036	1.044073649091375
6491	0.0	0.8974884696168534	0.5627523255349964	0.6720538817629128	0.4876904652597205
6490	0.0	0.0	0.11950813457930091	0.0	0.0
30211	0.0	0.24047483707625808	0.0	0.0	0.0
6468	0.0	0.7996627679909802	0.7269170134645532	0.29341484825585706	0.27043248645068557
30207	0.0	0.0621331109739474	0.050742040628723714	0.16914013542907905	0.08011901151903744
36671	0.0	0.11192975823727166	0.10567966286912442	0.11448630144155145	0.21135932573824884
29958	0.0	0.9219030399121261	0.44666512298095246	0.43282507977456286	0.378846770636639
30251	0.0	1.2979432383739422	1.0151434932471168	0.8766356428101423	0.5082441973124544
30249	0.0	0.35417064917543933	0.33453132930365614	0.7064691229529776	0.5482596785809921
30244	0.0	0.6784362780611862	0.5866391484902251	0.18679030150196085	0.20693991610624055
14262	0.0	0.13608299766289023	0.054295741491759246	0.128513172131383	0.0
29997	0.0	0.3125005027354377	0.218937594341653	0.11647523031283227	0.0
29990	0.0	0.0	0.25777031850230125	0.1683647914993237	0.1033011128811721
13185	0.0	0.7326443826096132	0.4595966348141136	0.10407616185188319	0.4954834462761837
37815	0.0	1.2073730163136585	0.8072355144091835	0.7245953874382461	0.4061859707704787
25423	0.0	0.2706962007030946	0.5971239721391792	0.043053131413445	0.1400152762257386
7945	0.0	0.0	0.0	0.0	0.0
7934	0.0	0.09234372943749675	0.05868396466752725	0.18824729277108224	0.10773051270153314
25492	0.0	3.1465020612205454	3.126275849391833	2.723336138011602	2.7753319735875617
7918	0.0	1.6144966228478304	0.9161293926313546	0.6449043541432832	0.5482011879303574
7904	0.0	1.1458735236942323	0.3806272760761742	0.21433774405354256	0.1266081332432568
6438	0.0	0.13084161773718767	0.2681889335804317	0.31995033677957774	0.11523815633596234
6352	0.0	4.241659711047559	3.8718132328510193	3.4291868203535474	3.58041783757707
26706	0.0	2.482191690262469	2.02534350206089	1.6241145190223911	1.9402315919854343
13008	0.0	2.7076855090617293	2.1441245240076157	2.235221694037717	2.2050575238075227
36537	0.0	2.11229982671621	0.5037066934521225	0.4970079883324193	0.5257433645123767
13015	0.0	0.5867830443028196	0.358384603165467	0.04906236492654898	0.34572934574617564
14117	0.0	0.11845969567476475	0.34694780367540723	0.09017081312556721	0.04029925468371775
14119	0.0	1.6667064867587278	0.8750043506932953	1.0031210968555508	1.0328088838066602
29879	0.0	1.6094663871448718	1.9090361081503904	1.4691153824049445	1.4030623793917048
31888	0.0	0.6730276181593262	0.5956494049312866	0.6199701353183614	0.3068958565086694
25567	0.0	0.7062507570009275	0.0	0.40600881994080906	0.07324081924454065
25583	0.0	0.11552453009332421	0.0	0.08664339756999316	0.0
7861	0.0	1.9720957603719464	1.6619572699525658	1.4795748910305118	1.759732452292412
7809	0.0	0.0	0.04479771671533791	0.09659507666744736	0.0
26670	0.0	0.4223404745500067	0.25074545174397034	0.2769558012772492	0.19112239179049845
6307	0.0	0.3164869142030938	0.131498270928627	0.07187826189006478	0.0
6343	0.0	0.0	0.0708782121721361	0.0	0.0
14193	0.0	0.0	0.0	0.0	0.0
28233	0.0	0.11119486566030362	0.11446530288560668	0.0	0.2833213344056216
26840	0.0	1.4839829577952697	1.4634086068139658	1.753870310393729	1.0911798654097606
31551	0.0	0.23462558715015958	0.10489428483531767	0.0	0.12154417131711412
31546	0.0	0.0436050946366943	0.08502993454155389	0.0	0.0
14405	0.0	0.33905706435695004	0.034991088127756795	0.15491200180832132	0.043358522245263854
29768	0.0	0.7388172831168383	0.13767236014764345	0.0976935094985341	0.1030259397838624
14439	0.0	0.0	0.0	0.0	0.0
29742	0.0	0.1698136103211323	0.25263284332719227	0.08043802594158898	0.17593856342990316
7752	0.0	1.0161507423978533	0.5298388511153842	0.2650403494656675	0.3933327205710837
6621	0.0	0.56371704749725	0.40298433379867477	0.4972072324381672	0.07813204978159018
7744	0.0	1.691835310289257	0.5150635134845699	0.37610323450680827	0.0750292301581764
6609	0.0	1.2403408598485195	1.3748401484225388	1.674905983048279	1.6181127934965078
7725	0.0	0.20979045368798882	0.23310050409776534	0.15202206788984696	0.0
7723	0.0	0.4655259800484567	0.17661783520102875	0.12474603683392693	0.2653014723953218
25218	0.0	0.0	0.0	0.1831020481113516	0.0
7783	0.0	2.779812376202702	2.64040623754665	2.7916233160817283	2.6543052443966064
7768	0.0	1.1249146112795934	0.8443071671230029	0.9228815750805089	0.8413687359753014
7763	0.0	1.5540370100724954	1.3336676929459563	1.2446286001728366	1.3889360585423298
7760	0.0	0.2472068295892021	0.07894402930403974	0.07894402930403974	0.11119486566030362
6689	0.0	1.452080315429109	1.3485069562168428	1.1379997380119555	1.2117935682000254
6682	0.0	1.237817169881519	0.8693110666939278	1.0417325891333549	0.9613868438434044
6680	0.0	0.5784571020204705	0.0	0.0	0.0
30401	0.0	0.663988179589154	0.4599984918326905	0.43488139628961076	0.2593845413181488
7709	0.0	4.101091753885072	4.046152306385901	3.9360665485551007	3.7841119716459715
28219	0.0	0.0905074487932704	0.03603537313065395	0.03723960510587686	0.03978552169690741
36513	0.0	0.08065002106058106	0.3615002482695301	0.0	0.15082601341199575
25247	0.0	1.2931554212661256	1.4192325705003757	1.4078566368304637	1.3082956812804731
26789	0.0	0.42749155957692275	0.1709966238307691	0.0	0.12824746787307684
15941	0.0	0.023668204594619123	0.17882643471490003	0.06190145817054232	0.0
28162	0.0	0.4692011260003469	0.8214965819243321	0.08935516210072308	0.0
26935	0.0	0.8804340961135325	0.21042551764942796	0.23688409123329385	0.2661083440294149
28158	0.0	0.38395575894854544	0.25573547680725206	0.1676099516214089	0.38326961748608734
14391	0.0	0.46850198897114204	0.3478942357158032	0.32110761329769666	0.03219507099857819
26959	0.0	0.0	0.0	0.15701833292040004	0.048716530421683266
36382	0.0	0.0	0.07657333362314098	0.128782424729828	0.0708303336014054
14337	0.0	1.019453316176738	0.671987743129978	0.7550057367475888	0.4692328611181049
14345	0.0	0.0	0.0	0.0	0.08457353265839451
29626	0.0	0.3816507795459496	0.06008925863927808	0.3082563988640363	0.06261458101925736
1973	0.0	1.1293196971147226	0.438158815792597	0.7361611304224918	0.5314042859205839
1982	0.0	0.0	0.0	0.0	0.0
1995	0.0	0.4754374238979424	0.26542619421330627	0.32833803306173515	0.2905946360896696
1996	0.0	0.3487418255377281	0.2880875499933123	0.4457906199475407	0.21447497307253033
1998	0.0	0.0	0.0	0.14050192969810527	0.0
1992	0.0	2.727873220139851	2.8627142069332425	2.870515279230968	2.9396839011415152
1993	0.0	1.9844753162236501	1.972894618758791	1.6601044217613379	2.0218838677223046
1999	0.0	0.20324999819118603	0.5142202351291913	0.3504379521356204	0.3336377492948069
37961	0.0	0.37324448942615307	0.32755786281574806	0.4380462809701552	0.2191401309491266
7622	0.0	0.1991190930750475	0.18886315889533495	0.21163008729551797	0.10669542093437753
1900	0.0	0.6759282735894819	0.43053109896968844	0.22157455711491403	0.3234155323431228
1909	0.0	1.3433992686019132	1.2290336200947272	0.7810282212226615	1.2982289172816448
26863	0.0	0.0	0.0	0.09798419424778593	0.18444083623112645
6554	0.0	0.0	0.0	0.0	0.0
1928	0.0	0.5533484267222063	0.6893669215365789	0.2427166541947837	0.09609403155053206
15882	0.0	0.7408581972340176	0.06418029449629123	0.2410946714991114	0.06931471805599453
1936	0.0	2.051205595316231	2.0036613337471745	1.611870483796768	1.6678846465261274
15872	0.0	0.17410339031045613	0.23699674223285608	0.09077976586527245	0.22967733194200643
1938	0.0	0.0	0.0	0.12649658393623142	0.04443251157435547
1930	0.0	0.6570561839452884	0.534285498648382	0.44685589316376356	0.38579966408998256
6521	0.0	0.4172601395101001	0.0	0.043530283183757935	0.0
1945	0.0	0.0	0.0	0.27677476706576576	0.0
1950	0.0	0.0	0.0	0.10126818492422657	0.07598064850598618
