50996	0.0	1.0364395250917355	1.1086250364815728	0.8439854935027337	0.9281752364557461
942	0.0	1.0879918727700837	0.8914116549140768	1.016434263905736	1.055370877462657
13993	0.0	1.2841582228096435	0.7643405046309334	0.7208187154907377	0.6529590361775323
16801	0.0	1.3393542898522839	0.9759284071574187	0.9342758588695146	1.141296166161665
6352	0.0	4.627535608828457	4.07934570593399	4.241790163755893	4.31733485140104
530	0.0	2.1850810686647093	1.391607162468525	1.5447985038389958	1.4471027977081705
6491	0.0	1.1115594312092372	1.0858445643899302	0.8183006700867487	0.7604824573620952
151	0.0	1.3059558719189395	1.1837463996183186	1.1697802749392743	0.8190311920662837
15213	0.0	0.4718856100321743	0.6574827914301559	0.707425156553588	0.6924928086785248
6767	0.0	3.48554562819337	3.4106694885875766	3.5144112741129705	3.440285236795654
46792	0.0	0.685313778314074	0.7014644288454401	0.703569669336455	0.9099631233898325
20815	0.0	4.1176831220429	3.707558757304763	3.627748434145402	3.5885272017513277
8021	0.0	2.5532040689670574	2.398309871919158	2.2549888116262253	2.3861866267209924
56397	0.0	1.0629256034223373	1.311975234852255	0.8050410186501255	0.690924394887965
7485	0.0	2.1728846259366654	2.311807274284947	2.4477152993780464	2.434146526900885
6095	0.0	2.105060303440881	1.8702341749651517	1.7101194521788305	2.2954919929099478
14678	0.0	1.8503693039807851	1.365614142528348	1.004739937505099	1.292224404925607
15008	0.0	2.2156306677688327	1.6786737673553047	1.8398999328801797	1.9730651296072448
11492	0.0	0.8500613921713467	0.7363690762160413	0.4035032167023775	0.8351650485869205
342	0.0	0.7088405599959258	0.42296647953933886	0.6594002743782544	0.35347032370729614
1324	0.0	0.3235076368364262	0.651869738568182	0.5886963520549642	0.6105134328311439
33884	0.0	2.9609194366930103	3.131349751076475	2.887597584447192	3.051804650220095
3489	0.0	2.7532633313315515	2.517490435715782	2.682341657403021	2.2908875426674764
20441	0.0	1.511974035954088	1.2449505931461011	1.0987546282461444	1.099915227422135
10629	0.0	2.6815302632701665	2.3247987187938874	1.975331880512331	1.8729221517004428
1	0.0	1.492764774932326	1.0636315306629043	1.175300061333384	0.8670628237703484
36241	0.0	3.8894544506502955	3.718250396078693	3.7566206697942337	3.731587144750464
11495	0.0	2.933355210998504	1.7939361669068554	2.217773553561892	2.2478334521487806
2943	0.0	1.3957573686331242	1.2521387896004017	1.6372844621228217	1.5509372305565614
51168	0.0	1.9222808648519365	1.6537123607648745	1.2486756699062038	1.293567150116208
33499	0.0	2.053087888635151	2.0973471574835685	2.02575373796189	1.5164753587915971
2948	0.0	1.1887910503504888	0.8488247722234132	1.0532398207349802	0.918783874125735
69928	0.0	1.3412452022030315	1.2781419364798143	1.1691320059315646	0.9599239562760027
1812	0.0	0.8221934810160396	0.8575524553600966	1.0922535479349962	0.3825385994561042
7200	0.0	5.880906072439663	5.929954348155555	5.901911197423627	5.9030769299191475
75985	0.0	0.8619463503813038	0.7218268068123199	0.6970648022614461	0.4673412669671118
6779	0.0	2.04795782594167	1.597193000602463	1.4571509029629437	1.1969572710888359
11086	0.0	2.599312565682393	1.872066260848484	2.16548185264296	1.8534075234538967
25640	0.0	1.2560932363317832	1.3033601273224111	1.159428458760348	0.9759731545771352
11087	0.0	1.1934392987864242	1.0905974948169874	0.8991409567604484	0.8477823375051796
6080	0.0	1.0954346536738817	0.8362244242614696	0.9437613296006656	1.0546230817709836
1436	0.0	1.8435025445809565	1.945509862515345	1.8313516971346444	1.880433542552052
52749	0.0	1.7065274278851101	1.4699418334891772	1.3109031804603828	0.9978850982031902
1435	0.0	5.047365300241648	4.885946606238643	5.067183945184582	5.043563327332945
822	0.0	2.07702074518173	1.387569127787658	1.7911845191622502	1.4885146246198877
5257	0.0	1.838398091954302	1.6315136994322952	1.848343913742329	1.8517667499734998
216	0.0	2.959952835035755	3.155743665542252	3.108110506246613	3.056570421697687
52745	0.0	0.9903107544738461	1.0083050311631423	0.4914648032624358	0.6377428854793469
1439	0.0	1.132739623332256	0.7310184498643391	1.2010502474269582	0.5253139248055431
43464	0.0	1.575979998168868	1.4188320693228438	1.7725406716554102	1.2426728727925773
1840	0.0	2.6397493556385183	2.449592797192698	2.9004902813504314	2.7828659618348337
626	0.0	0.7981551565799406	0.805089348106638	0.8835523648403497	0.8656261423831838
1440	0.0	1.9269742206794107	1.9851915948200636	1.9640724564353575	2.113819569674525
413	0.0	1.092426693103184	0.5974678871848574	0.8143408693945271	0.6555455675255126
629	0.0	1.5676535329763985	1.6004265598743723	0.7443615235655099	0.7535899738937926
28922	0.0	1.4801778564755095	1.3010098201937694	1.4399179157674185	1.4181765719075052
8851	0.0	1.146156102769625	1.2246485995896799	1.217295877470955	1.0125038464811267
68794	0.0	1.544276728591618	1.3924326483447953	1.0254168924488043	1.3119148005559937
8047	0.0	1.9765953047030949	1.809994636336067	1.5566685042961097	1.7669490203895166
914	0.0	1.401247881424949	1.543636897226357	1.3384563874189532	1.3068076300731584
40672	0.0	0.7825684614624137	0.9242388454672861	0.9704466743885825	0.9735025348834215
6079	0.0	1.2051429612503899	0.8263923783613981	0.8167336960717344	0.3715508825915294
7320	0.0	1.3419362728901651	0.9183485791184115	0.7767018758684476	0.6598899741927015
181	0.0	0.9797143891694271	0.9677103595047473	1.11012232006296	1.1099113255872939
27296	0.0	3.6412556137912917	3.7741976311567007	3.7589692666371253	3.7290290114102933
22913	0.0	2.1117541224282865	2.366286240962622	2.1242536109774104	2.3131103866234186
17272	0.0	0.4192800796152027	0.34229231441309316	0.35093115927428387	0.3808141350993987
808	0.0	1.6714833232093276	1.6766512441080716	1.5937763809546184	1.7153996243654994
14896	0.0	2.609486339930314	1.7948906870456154	1.3648160291687026	0.9337084432981723
422	0.0	2.1141077055989994	2.0534435351547202	1.9914545222876423	1.8639342645722767
33479	0.0	1.5661747667986212	1.3298915773528148	1.4266410112087258	1.380139716627269
843	0.0	1.659969719796532	1.0948819024454242	0.9988290726326717	1.1642943641622903
3110	0.0	1.1460490079275791	0.8367797613407839	0.7343165386076796	0.6498596794458963
35817	0.0	4.052814428289903	4.123104929154226	3.963464314227291	3.9236675688752354
14542	0.0	2.4279029822989573	2.255698658311398	1.8735913584537713	1.619885434810106
26840	0.0	1.773144435539192	1.7940635709553794	1.693218764324668	1.1829240276638562
846	0.0	3.6466554617333142	3.552417476270512	3.673417917038917	3.630417962530348
43104	0.0	0.7585017246390693	0.8048644730519684	1.0589181507004846	0.7220201433832174
47357	0.0	2.4058821490851248	2.1208730754675544	2.4074792732514636	2.191533242739978
984	0.0	4.74003998402726	4.810244335482401	4.722275053011017	4.744628400179968
61919	0.0	0.42238677718677087	0.9030674664648966	0.5306419831962627	0.5297591123475162
71515	0.0	0.8992266844984146	0.8248429614488395	0.433192338566486	0.7721939908237624
7449	0.0	1.0799202091885753	1.1857846023408432	0.9791461458249725	0.7728890151599456
431	0.0	2.6238882143207434	2.485376358433413	2.399976462352328	2.53465168391321
32465	0.0	1.4308914523279836	1.1209772049749933	1.0714461732010965	1.1202425027983132
9595	0.0	1.661578692936691	1.897551633575955	1.0896855962826557	1.57649020998019
9492	0.0	1.1824347690215515	0.8339934255038384	0.9195092775411645	1.2687923199346707
62466	0.0	1.3335718836930601	1.1495391432888988	0.9479949890163195	1.22873179595364
3235	0.0	2.2678963585496916	2.511498407392407	1.970023823787777	2.37102963503548
2101	0.0	2.940405666717265	2.3750248974374935	2.1767114808859276	2.232400407720986
20148	0.0	2.6097309135456648	1.8612384785937666	2.3171511669851563	2.3779392958372854
706	0.0	2.4705869392441207	1.7971196256630564	1.6513086025822366	1.6446656699554512
46213	0.0	0.5055212933178793	0.6157116723675292	0.7663006869726855	0.6995944585472577
10057	0.0	2.1731842011699243	1.6978067405373245	1.8702260673547175	1.9438614619941659
67675	0.0	0.6660473100481122	0.6247893555425064	0.8720366935849142	0.6138109180996879
10056	0.0	0.723945490922028	0.5585795699531669	0.4413937387926435	0.17829352259487613
26935	0.0	0.9788105758011342	0.988433412507099	0.43200830691229153	0.3628274721004659
13287	0.0	1.217810078456717	1.08487060400512	0.9868124733503995	1.1172917471760868
9307	0.0	2.690762160211169	2.5994187293648587	2.8013381026938022	2.835784252867592
2991	0.0	0.9403447028609678	0.7310161384944519	0.9754692122573011	0.5084112654212796
33706	0.0	1.4330163741631736	1.2067466888747196	1.1085149560534322	1.2889677137369773
301	0.0	3.0846272963649093	2.71167426399954	2.5575749329839033	2.688391530185806
123	0.0	1.1157202101540045	0.576289144835766	0.6884269028285112	0.7037709012861092
58656	0.0	1.6385297983874079	1.1973875606145659	1.6149848983262958	1.6072032861064922
14631	0.0	2.061068183420023	1.8619743221222542	2.2437639792097013	1.897148530232017
39733	0.0	1.3866713216373252	1.433394080045158	1.371865771424657	1.6511369154517586
46122	0.0	1.0280166364311585	0.9172897621460435	0.7813583588040685	0.8710497673568109
46760	0.0	1.6837723038047196	1.1814119526042322	1.0288007016136849	1.216734449748464
51913	0.0	2.0153263393938032	1.3163519341242933	1.1640963558044977	1.199260373084086
57393	0.0	0.9759786758012552	0.7973194746806281	0.6072938864950748	0.8132525825160712
68579	0.0	1.843214832223525	1.363941024296563	1.182206056724507	1.0759585041960986
4979	0.0	0.6982105009287631	0.5516873262969204	0.5226815365741946	0.4825219655644614
584	0.0	1.2031480626426312	1.1169252691702116	0.8588443570273588	1.0053937184721775
2115	0.0	1.6568380336047117	1.2721433632673211	1.553814130072077	1.4450734254180284
28708	0.0	1.8104631170276277	1.8852788081726146	1.8797572800069717	1.6939403884644268
1602	0.0	1.3704426269402772	0.8843329224438912	0.5940808020290055	0.6247165247428024
8517	0.0	5.335928549400902	5.157754722758226	5.358503569338466	5.2320438826250815
13972	0.0	1.6457746132518993	1.4973884391041923	1.3536327747663897	1.5224647954429484
966	0.0	1.595227801395052	1.3152515337518922	1.177592795479154	1.1757874196525864
137	0.0	0.9337345359084934	0.8145809648164116	0.6066611410132274	0.8646829684985725
4990	0.0	1.2386673452018135	1.0722714449003627	0.8147748340681723	0.9543491209568035
1605	0.0	1.4107019073947538	1.2483713460179986	1.4446120814617525	0.9893643125140135
2231	0.0	1.4380813606759233	1.2232133312630022	1.6565215626913687	1.2782525238133293
2224	0.0	3.5165733885724104	3.497281604173942	3.557280009129529	3.324040069805888
3356	0.0	2.6175043662816324	2.1251663156712914	1.6451900764747938	1.7140046816373318
9470	0.0	1.5765517796470814	1.3782560030162943	1.0167022223552136	0.8449294670777813
2874	0.0	4.020047911086165	3.7935645481944174	3.6143141813160007	3.748353123151708
29107	0.0	0.75202369189416	0.9257510320476728	0.6651986546388323	0.8627730710515008
1804	0.0	1.052037725687935	0.9059682339959969	0.7603973377970596	0.7176445364695857
20025	0.0	1.5450657657121207	1.5930289781872045	1.4460583035790813	1.7244818005970786
14119	0.0	1.9201029539053767	1.0101733818836711	1.1325785275640599	1.0620839806915146
24051	0.0	0.6886822926273496	0.8907022632947768	0.9219489050379542	0.7311075692892932
41103	0.0	1.0175259348176042	0.9680474408881257	0.6543725331573329	0.7078326677989997
10639	0.0	2.2769295458724965	2.49676579860913	1.663066524032279	1.8855031710015697
2123	0.0	0.47358921107414464	0.33237040067022405	0.2736097753094773	0.4344682695848293
32588	0.0	2.0736784421867456	2.0427070115944153	2.2232923221322958	1.1629557097992038
10771	0.0	1.8617512725454715	1.8964018813872214	1.3403481222318498	1.2717159308804342
8506	0.0	1.1290136014998193	0.6206172317208374	0.865041120035505	1.085645829441842
958	0.0	0.9326226376772715	0.2708923638816524	0.19276758136583	0.20248137671022534
10843	0.0	1.8194338535103551	2.2511601329462776	2.5891085147131876	2.51707223977543
3273	0.0	0.8300801843858849	0.6075807082759185	0.6800252193470009	0.47745459362840514
10034	0.0	2.1384396949892013	1.271855673502697	1.6597057409632394	1.2286287098438908
1401	0.0	0.7520232975394632	1.1291246235625745	0.40804014541368505	0.6124403046889261
52804	0.0	1.5557704496259182	0.7723545573424311	0.9604214228316121	0.8393334551150522
9461	0.0	2.4500678006535077	1.0414403616805474	1.176946762009797	1.0595827568562854
17231	0.0	4.28985049192528	3.858605758503507	4.109804939343213	3.961920712907381
33339	0.0	0.944970189214146	1.6337565055769705	0.8536029331343499	0.9084247362161375
7360	0.0	2.878865397929742	2.934868765732985	2.8546166458488034	2.9365793226405827
46381	0.0	1.2681754282413367	1.1196815899908807	1.3432758856611178	0.998608219935712
10789	0.0	0.5766086622927801	0.393956898681315	0.30720673307097635	0.3733123275527425
2869	0.0	1.997266493960597	2.2195842738176315	2.1665549499611703	2.2794037101111595
26183	0.0	1.1809784864787636	0.9082666031354653	1.1461876759011813	0.8583960101348682
50647	0.0	0.9852977157364721	1.0982550266503643	0.8200155357085247	0.8060181576047426
564	0.0	0.9106753843485019	0.5788112592088475	0.8442906550558417	0.822144929753581
10798	0.0	2.1650985397656886	1.547913641572227	1.8154388616136352	1.696852512353684
19410	0.0	1.3309862449408678	1.334211579056948	1.090577051791097	1.5177195735782725
36178	0.0	2.0185155400107866	2.0730451687079667	2.008745136565212	1.9366231318926324
10695	0.0	1.2375387414021428	1.0677201348327403	1.2951098515466222	1.1852753047841866
10693	0.0	0.6149457671784213	0.691818172768403	0.6898824908012654	0.38979714143062705
9140	0.0	2.3110893924316565	2.2350423620875053	1.9951480100224985	2.272408099555581
20305	0.0	2.0159419238059417	1.884965147868865	1.0819575190078485	1.1282042777172385
6965	0.0	1.4658480873669926	2.0047708842721685	1.563174344409602	1.7282405283709388
53160	0.0	1.021316359239495	1.0877483018210874	0.8011684342519519	0.7167083899243532
4823	0.0	1.288668505364762	1.2865453768056252	1.4091427219211528	1.1824508213839062
9751	0.0	0.9352032925387258	0.9701015608065383	0.7812834750064936	0.40835601598205357
9149	0.0	0.6917033957007183	0.5447706816247526	0.6317510831651113	0.5162678626165556
59696	0.0	2.2827366524313337	2.1810346312644593	2.058224614799882	1.8715436220469168
8396	0.0	1.2706805356636763	1.202836865504448	1.1261482472432733	0.9126300975612295
9637	0.0	1.0378208392220671	0.4479930960365442	0.705809758677014	0.42853359866345936
68346	0.0	1.875987155195508	1.5131031347744444	1.387444448593974	1.3418198506344474
33417	0.0	4.4267111045239576	4.460411706494119	4.450854994245186	4.290252676345891
671	0.0	3.79735159900432	3.9149951802896705	3.6880377177561523	3.6423195574065805
3550	0.0	1.0819793686578836	1.0770721863808075	0.8569422292076881	0.8411327091510572
1797	0.0	1.4242969833939738	1.1558300034269238	1.1144429793414004	1.0541052432615805
54725	0.0	1.1369217613685985	0.9296255189619478	0.8639588012815742	0.6064080305663763
41469	0.0	1.439070435744322	1.3477405519273349	1.3595881287635663	1.2877282728903419
8934	0.0	1.691786372845101	1.7821764850454713	1.4387021108465559	1.6287335294521887
2299	0.0	4.10541950088829	3.5460594069107465	3.4367759471791035	3.5391866602873026
32759	0.0	1.9787898827179258	1.2883788911720178	1.2458288975778813	1.4327132974505001
3000	0.0	1.2710137482811483	0.457855998573878	0.7262998388627265	0.7680835442403494
3543	0.0	1.317481784854059	1.1111133362823253	0.7199098944949867	0.6574366124817546
19152	0.0	4.99725285283212	5.114675688186711	5.147711060485341	5.014875496355641
3002	0.0	1.0898207691291748	0.4729238941405704	0.3965282559258828	0.4953082999829143
8199	0.0	1.6336284748215846	1.3471443427939611	1.350186427033161	1.5700271666640186
8198	0.0	0.8984935721159237	1.0036593803220475	1.008602562763159	0.7233993346261892
48857	0.0	1.8816515330306758	1.8965002328707505	1.5170930415898534	1.4923395881472643
9052	0.0	2.846005484202568	2.188374138236079	2.1208933500313365	2.2376218601814255
27515	0.0	3.4549615501508235	3.2385032784658847	3.291293841194586	3.042590916816449
2621	0.0	1.6431482502393628	1.3553847561600219	1.498835434515509	1.3377257087602814
3420	0.0	1.797688015588418	1.7984351101448013	1.7457455139470264	1.708648893864972
36016	0.0	1.2904566150788408	1.5189265278825803	1.5074054308468947	1.306160534016244
6800	0.0	2.2586587928291495	2.2588235908756924	1.888153132765994	1.9426462907577913
8385	0.0	0.7742011295187406	0.8293386602146549	0.686053315125219	0.8393608655206675
12685	0.0	1.725022169781152	1.8750229095236053	1.443278474584372	1.333297274100439
2629	0.0	2.636567574854694	2.3967629381237874	2.3538806645437234	2.56630213253621
9227	0.0	2.8726946539640217	2.4892972658213015	2.23990846771342	2.6040789410616916
13376	0.0	2.379659825492671	1.336914009689594	1.794937343135374	1.5623973318803168
29879	0.0	2.187088114996836	2.0055627337864133	1.934687664020391	1.8596554467194122
1787	0.0	1.105249478329706	1.0597917943723547	0.9887336977564616	1.122477653655712
1501	0.0	1.8562625356549645	1.548943877862689	1.694323370625315	1.4787068351107076
2273	0.0	0.8441417349080876	0.8112558234272834	0.9283663926557901	1.0787933669383383
3320	0.0	0.7373601540623307	0.33614587364122755	0.4924149552207488	0.543831360244102
8950	0.0	2.4023616077818457	2.6590533428725673	2.7916859371860934	2.7632130414677993
4947	0.0	0.9665000599731655	0.7844052704060285	0.6763636994304018	0.37439705901033576
4946	0.0	0.5254069507072519	0.4386744501950033	0.33154005209457427	0.24713691222393536
12506	0.0	2.019269055399126	1.8405151312000139	1.6336720786140644	1.6459509466269628
1645	0.0	1.078762552777939	1.0508732367629119	1.1549124435370242	1.1417602091779662
43705	0.0	0.9798740426355182	1.0030731609113481	0.6287943506521199	0.5758376803202183
11927	0.0	1.1897733387707328	1.1413378997860038	1.125135942215451	1.2184468950157388
12400	0.0	1.6808678426451242	1.5184464518774559	1.1754577847096725	1.1669765292332934
9770	0.0	3.2305895036913497	3.0426520199456375	2.773449829161123	2.6735369472203097
3431	0.0	2.514766029465101	2.1498787605768688	2.012031427906917	1.838268795092163
40193	0.0	2.183901102891167	2.307847693345249	2.10277292404871	1.7373023526749962
8374	0.0	0.7092146745673098	0.9525467276341176	0.5673036825043599	0.8352344506122288
2277	0.0	0.9420999313136356	0.9943418149438277	0.665769214002292	0.9726498591221511
10683	0.0	1.102799529377621	0.4319267356593248	0.5010720394872318	0.5598857077109866
6177	0.0	3.598608864438116	3.6104820701075	3.209246006769721	3.0495778817199315
792	0.0	1.5114384983934745	1.4890151427456604	1.395897732386136	1.1435905932186308
13364	0.0	0.9172831257313031	1.0728852559909317	0.8556768267778408	0.7050946723788171
48838	0.0	2.6318408982060686	2.051748183521734	2.2981811363886226	2.2827900725614376
1639	0.0	1.7684009562200682	1.7839682370217875	1.5842742767856652	1.2451580465311134
993	0.0	0.42713988540726766	0.7287128054377774	0.5711089098719523	0.5501356836248221
41056	0.0	0.7017113776700278	0.36825809147203653	0.3364483229164493	0.6466689618319922
40098	0.0	1.0236699439075685	0.836413663929528	0.7703622116936117	1.0094325047858663
16556	0.0	1.237330474233978	1.2108756910220342	1.0457340769137826	0.88549803814713
4955	0.0	2.125953651875386	2.003179862477949	1.9444012104827817	1.6497175912400275
39985	0.0	1.8554584729260815	1.6342549949674718	1.6897629481106964	1.976088663489474
58001	0.0	0.7724118817076006	0.9928782907380012	0.5454128315895533	0.5688163460900835
14428	0.0	0.6091349613687523	0.8384061084213047	1.0386366673462084	0.5887944018041494
39989	0.0	1.8800789794312966	1.6267962900861992	1.3897747560645806	1.0669036802033294
23818	0.0	1.2245693777637874	1.1876636153588145	1.3075690920525573	0.9919283375762719
2608	0.0	1.61933637746025	1.7196165495783218	1.8024954346058633	1.7346771972258566
6125	0.0	2.5019400256815927	2.259801600633609	2.1264570614167893	2.1068152199483303
2189	0.0	2.7837804465045815	2.855189762827726	2.8193139031385224	2.738463983159986
13496	0.0	1.298249479788509	1.216457339410539	1.008421370088041	0.9442250520041674
2600	0.0	2.224198758674758	1.5615345758058992	1.6660461125308492	1.5776454228592123
37667	0.0	2.615835408570254	2.514426495648308	2.3899153674478217	2.6888761213557184
9825	0.0	1.6285409995539721	0.7794600970373258	0.5561219940386087	0.8893496213486581
42840	0.0	1.5812856354560114	1.4749815224244471	1.327843135863736	1.5396802635001636
8263	0.0	2.00239762882814	1.1367445499065447	1.209542134051012	1.1311314758831477
13185	0.0	1.0109286538661162	0.41625349375091586	0.8249308687974058	0.5149802472499774
21337	0.0	0.9291757864817195	1.0145564202494592	0.760871068736972	0.8480399470605857
3437	0.0	1.3848028761484843	1.2873512861315337	1.3105676262118535	1.0399924010568067
8975	0.0	1.130965544171584	0.6215661928610391	0.26319986635006015	0.5930730459297667
1770	0.0	2.6037107928354426	2.7484544709157683	2.5848018739904606	2.856569041910293
14337	0.0	2.194617472422746	2.573412972551114	2.5598640486557738	2.318900005755629
2503	0.0	2.6385746368716965	2.787784979296392	2.221443916353479	2.3799124576832966
2502	0.0	1.300234153750167	1.394958431549454	1.4294902622829346	1.3547285721180642
33640	0.0	1.7463824291162258	0.8039341518072256	1.1726300820729476	0.9925376698041558
1565	0.0	1.5479751750535455	1.3206481997295225	1.3026367581280383	1.3404332620862958
1561	0.0	3.9158594628058925	3.6655632764844572	4.0936796792313475	3.936742494192047
9503	0.0	2.5140916809729053	2.6795324609882374	2.260051613694194	2.4479767349830186
11247	0.0	2.6086192125550456	2.482083450290651	2.4654059699333835	2.1904379721593052
6738	0.0	3.032117133881783	2.686817060252517	2.2502599997427644	2.109684718867646
59789	0.0	0.9559416468890682	0.5579774236862052	0.8406667262262078	0.7283867114090392
43312	0.0	1.8659345161450225	1.5246569496223024	1.2039973307143674	1.227509610169464
61288	0.0	0.2968813719596299	0.5514841195779784	0.6578333225157118	0.6017505895204226
28888	0.0	0.44007063359096543	0.25315377994658983	0.09196852830252794	0.08852707380176626
49959	0.0	0.7351030743747327	1.0321209231014608	1.618297334559534	1.26896150226411
9404	0.0	1.9488581401123097	1.9487924790085478	1.3655914349330476	1.5662731897598219
31888	0.0	0.6607384501543466	0.9429299483292949	0.6131686597261055	0.8461080391626119
2413	0.0	3.7498539972871523	3.5383478548379768	3.559887212314571	3.3572676908913603
9684	0.0	0.7246945044624775	0.6274020786842474	0.96629031627133	0.7140183497165633
1654	0.0	0.4560381419118953	0.3015253086249641	0.4081217234169343	0.34316492355259354
6108	0.0	0.624009985538748	0.5674575995353175	0.5260580749711447	0.6461125601315507
8258	0.0	1.3492515387619433	1.1361495256369678	1.0280033096392251	1.0016717250774438
3181	0.0	2.1545638138173815	1.81051093615866	1.3561046179937837	1.294816606601103
24243	0.0	1.5957755989758184	1.0868272031766768	0.7938240233967939	0.8521383992685067
52713	0.0	1.1264437230034707	0.6304097037686521	0.7214115700157877	0.5458978456921809
16328	0.0	0.9356447137360887	0.813100905501628	0.8378968785516727	0.8240813347638759
4703	0.0	1.7403712847751935	1.8452589864119844	1.913097520060153	1.835828250516327
46936	0.0	0.4847684899131063	0.45361744717899066	0.6514855143019317	0.5394557896381483
6244	0.0	1.372476611628342	0.9828404239507452	1.0702641685827272	0.599763769738961
32500	0.0	0.7372305975977388	0.47992284612208536	0.4049754821778285	0.42027829341118894
6246	0.0	2.261425804507554	1.803557021645434	2.1587654740454436	1.5958352790224872
12448	0.0	0.939348481564845	0.635153783475492	0.502524578431451	0.5646905957356324
3459	0.0	1.5437593121066695	1.050707475268657	0.9701473913732002	0.886442979945434
12324	0.0	1.2934784921502964	1.278324500360864	0.9350475726708495	0.7206286299530061
59161	0.0	1.6231222983128102	1.4328249874629646	1.3034757234340413	1.4524577573178628
3454	0.0	1.0298591057177462	1.0342389772621807	0.7131651821646627	0.5134157604813161
53736	0.0	1.2450595281802872	0.34142510401893295	0.6519715610141013	0.522094735199334
38163	0.0	0.546648459333738	0.5086662740146848	0.6524026773707685	0.6811130826795707
8993	0.0	1.2379303045625654	0.9605137046419744	1.1733443053121229	1.3645905775332126
3657	0.0	2.6614186236393	2.492849308368755	2.2631930866428545	2.2868166120164397
42075	0.0	1.8989279038915823	1.793916891058338	1.6495919060104893	1.6329680759858158
11060	0.0	0.9883816079897798	0.8751122630373726	0.9445691850797838	1.0330218005108007
658	0.0	1.3779231208141993	1.6012163728476299	1.5082801245771276	1.5783459899102472
13325	0.0	2.451099054968839	2.3625181523652365	2.2958004116046764	2.2465204685703055
65629	0.0	1.786099321441769	1.7681842880773393	1.5986542545778948	1.3659915839036443
9278	0.0	5.200083560918965	5.076189883988213	4.939866932479532	4.907578900158135
6132	0.0	0.6400193586312062	0.3147177125719678	0.2326807405112456	0.15409968403373603
56830	0.0	3.010167143209212	3.0707383770533117	3.083287813897056	3.103787145520382
21081	0.0	2.5079308423286846	2.4957007673085525	2.388091819352043	2.722060971306603
1736	0.0	1.3172153189383975	1.2128877535541194	0.8218275596030766	1.1142595413782497
25622	0.0	0.9504528468818852	0.9567823149361933	0.7378835454719535	0.9455633834273786
9834	0.0	2.077485162772563	1.6223615858714424	1.493464208163416	1.419152746032717
6233	0.0	1.8243726493034507	1.5649858702262676	1.6148577788718441	0.9755371154869966
4911	0.0	0.5450100151571244	0.6231358787738944	0.7066107142168224	0.6143127407105015
21089	0.0	0.7437849260579147	0.8168769588956772	0.8921959692357788	0.8290348025953059
12539	0.0	2.269943428776576	2.4371152643901124	2.1160165984571964	2.3941420535982005
42959	0.0	1.3531881151171443	1.2864510654487462	0.9333596575181181	1.188016760676156
59466	0.0	1.4661713379771522	1.263497977653191	1.1969391827768212	1.2942191946495358
11167	0.0	0.9702952992242085	0.9696271838108689	0.6652342923124134	0.7059169776795104
1674	0.0	4.744682490144994	4.556891848236227	4.659623695056833	4.370183321441896
-1	0.0	6.318123319208555	6.303480306922461	6.253153665536572	6.257969429405407
12431	0.0	2.2518685595802848	2.048542846011203	1.6333714000820536	1.7128545936934136
9138	0.0	1.44223788762611	1.348957095328733	1.345802519582898	1.0226813805291848
9517	0.0	2.3138434863555535	2.285957189100771	2.4561835461674346	2.339367472161573
6913	0.0	1.072741142920337	1.1139673753006103	1.0257605704672947	0.9145116011532688
21347	0.0	1.3457260890941924	1.3265494838700238	0.9606500150977708	1.1285972334641587
10206	0.0	2.4937262311628947	2.483230195390145	2.2519437055893974	2.3956700764068026
12478	0.0	1.5923412815284623	1.149343935529346	0.9325018823926935	0.5529214304913378
1478	0.0	2.2291784497383245	1.7487718274248292	1.1669565486396687	1.579128205203566
4491	0.0	2.4389361917873775	2.86469351325185	2.604872722034797	2.6399954108187256
6621	0.0	2.1530442945709667	2.192204431427361	1.9452694936973804	1.6866002877496187
6204	0.0	2.5243893318640995	2.1982172787618666	2.302024234581097	2.304281464022244
4392	0.0	3.947004958445686	3.717487938977511	3.7828863689121035	3.875169763903151
32972	0.0	1.2828605415068781	1.0491582173864875	1.1979639101188388	0.9000453685175827
12338	0.0	0.9804343524981826	0.638021297008223	0.3643904420027137	0.48819370470671253
15623	0.0	1.1329210445689264	0.886086988044486	0.8217380683688464	0.8496911378973128
62779	0.0	1.6058010671939398	0.9265268285727204	0.5987905870625796	0.29051656145526555
2439	0.0	2.3656702784524977	2.443660098888887	2.5005724659085944	2.4223812898046155
37815	0.0	1.8082635840355492	1.9797054942053838	1.4548778708126147	1.6901967213883562
30031	0.0	1.0381254678150444	1.3775919869448572	1.1738287809473786	0.8390119565784933
3926	0.0	1.2245032968869056	0.9970600240591091	0.8445054630840628	0.9540465899348073
30619	0.0	0.8280855553787263	0.7874653044022217	0.3566359617613883	0.38273002450296634
12019	0.0	1.026134376564698	0.9400436851283416	0.7241628207087396	1.1663411522958598
42777	0.0	1.445464546922629	1.1420290246524754	1.4763933436762697	1.0939887895917055
2329	0.0	0.9675711756158304	0.6426330946630218	0.6700362341747713	0.6821242490557294
5745	0.0	1.8784884694270043	1.639703613314094	1.5303233986030833	1.7082813669089445
32986	0.0	3.6804544925038036	3.7499178223590706	3.8250760534801747	3.8091076609466485
2321	0.0	2.483485168268789	2.43288449049148	2.3717085744941158	2.127892942160901
3091	0.0	1.5718932062457391	1.398015045961719	1.275969351592159	1.5065509686842895
22	0.0	1.2157433795739776	1.2244591542702201	0.7561617917289967	0.6999537604550577
1589	0.0	0.9120088827861019	0.5345899010453126	0.6534832007136147	0.35731653852747286
4117	0.0	1.7246696313741543	1.7380105091164955	1.7093713643874973	1.917266103295942
28	0.0	1.0131026625938504	0.5948579915039617	0.5936266023036871	0.6347876970074738
22283	0.0	2.097965405426915	1.6684182291994833	1.4800728358561555	1.2716392961280458
1584	0.0	2.7032956161142754	2.7026179017306178	2.6792830840796618	2.7202002344166303
6609	0.0	1.266853755180829	1.4285211991888378	1.57852005407366	1.59882714067659
4605	0.0	3.425736947391353	3.4780830390163917	3.225393655289562	3.1949722717708973
60609	0.0	0.7067383017473952	0.35829347014451274	0.4452878716095633	0.6927225020023808
10474	0.0	0.7057646673265361	0.5597941597580279	0.6256467587884501	0.4920568806831119
7073	0.0	3.146463464188938	3.264478716013066	2.9806229262292057	3.4420939850648655
3914	0.0	1.7000547971168603	1.787659410404329	1.5224739315244786	1.4158544749082072
65654	0.0	1.7995004512070578	1.5520580202137568	1.0329117095326101	1.3243957056491262
2331	0.0	2.3510332821762043	1.4420870662360514	1.4725415035246678	1.50470980690112
7075	0.0	0.8111142844825399	1.1496034054621285	0.9618912701146988	0.9271914127943618
30996	0.0	0.9924565324633785	0.8941095240135123	0.3049891962693686	0.3347643642354111
23124	0.0	1.1523418546338617	0.9785825376377492	1.0945707529005235	1.1991833178832552
56640	0.0	0.8781399342231375	1.3698537781175335	1.2725752727875717	1.0251609475749603
32999	0.0	1.3066598760029415	0.8131779364783692	0.8672355462258279	1.0917515212838866
11340	0.0	0.3908986559180827	0.5898095132194592	0.23883791780205443	0.30136726168239597
28642	0.0	1.476509601070482	1.4758726975798198	1.2333630067181294	1.2915502574637507
22153	0.0	1.3507012033854209	1.0696560681707212	1.2667461138085037	1.059246547463717
35483	0.0	4.35500353713388	4.3717571349292434	4.455470965781913	4.419549291878992
5611	0.0	0.9298635303680732	0.7355495170538253	0.79850774052884	0.8091521388833817
1071	0.0	1.0201347231304019	0.829373356263249	0.7412604199885247	0.8708198948427716
9884	0.0	1.937674133537099	1.9490413480847688	1.5294333460507668	1.6443722036770156
4370	0.0	1.3269675585778111	1.3524346543889059	1.403868105684752	1.1545339143545819
15406	0.0	0.6713885970028577	1.026773919398466	0.4743712881171497	0.5239522746196517
2598	0.0	1.6203880004227664	1.7403568142517756	1.5137094148130679	1.7975754094237975
1992	0.0	2.8235268682451067	2.9560191608936863	3.048914176273923	2.9658056548582508
1993	0.0	1.9844753162236501	1.972894618758791	1.6601044217613379	2.0218838677223046
55524	0.0	2.2508616416034184	1.5747429095031924	1.8277539689808189	1.7272280002393134
61517	0.0	2.295616155071365	1.6390056237475747	1.236971690224459	1.182679149632176
7180	0.0	1.7334303845709642	1.7056665577660424	1.6425484270491164	1.7322523341334337
18079	0.0	0.6806968216456741	0.4681490839649103	0.45091837375920946	0.6891967028524564
55663	0.0	1.9162387634377425	1.37216540078801	1.509602256859848	1.5809344044198341
10310	0.0	2.046782280658309	1.610988819342257	1.9602840423739667	1.4157447513621673
1466	0.0	2.9131426663803763	3.007641340640201	2.8211614690395375	2.8914888091761863
12106	0.0	0.3968940636867622	0.7782121486381084	0.4770894899541356	0.31799456665578235
5898	0.0	1.9224485638805577	1.704842676688852	1.8478579511944206	1.535733339753106
1463	0.0	4.109662133876419	3.924376467907543	4.024570196588371	3.8989218746389995
5629	0.0	1.764562957946394	1.6984991432636194	1.1938692142202962	1.106086750601038
36099	0.0	0.7361649762692256	0.29651035253944846	0.44117454346512675	0.5244127697687545
2304	0.0	1.0114289142401753	0.5931704171270691	0.7422762995096468	0.7706948442270696
37961	0.0	1.352450807705197	0.6185470638465014	0.6614298542840208	0.4557805943566351
4381	0.0	1.1024680429579587	1.210795865724241	1.0784423711037077	0.8812364027499833
34017	0.0	0.3625319657134383	0.06431076870700835	0.21243743398573423	0.0562719226186323
23108	0.0	1.3164869647290272	0.993305833340105	0.7734253176138377	0.7233011850552179
4629	0.0	0.9393682140224136	0.6519824496733302	0.2347726784520138	0.31394020955792545
7192	0.0	1.2452460441811537	0.9637675802341966	0.7395011855759551	0.6512375693079423
35088	0.0	1.9346110321233434	1.879505208860655	1.984464886187706	1.2549912040486197
7056	0.0	0.4700161105815394	0.7344048617995484	0.3929654923888394	0.540412364945036
74414	0.0	0.47191626330426417	0.31206436341558913	0.3312586663617935	0.2942317695422952
9071	0.0	1.5435472650647761	1.7459367294753687	1.6962558357861546	1.263980657127179
12156	0.0	0.8501780794259665	0.9390725867370893	0.8134718057384528	0.9051614431295836
25070	0.0	1.115403409455683	0.8829961503314812	0.8048704644373009	0.924294818655891
7645	0.0	2.2875687858703886	2.4063869083019	2.1884299293011193	2.184786201858797
48470	0.0	1.4428238371712185	1.1828548779755843	1.2529946186698309	0.9946510391827609
73264	0.0	1.5281780460153116	1.104339042393809	0.8080797876216018	0.9386069602154544
7783	0.0	4.428986267848847	4.087344215319617	4.020311293534401	3.744385204720281
2467	0.0	1.2506591892426413	1.292429450178361	1.1755096464088906	1.0448070640655864
23164	0.0	0.5445684397551703	0.8331071540542051	0.5947857041799345	0.5450596318489278
56600	0.0	1.427492772695487	0.5533564851767835	1.1341802450792682	0.5223010385444352
3950	0.0	3.1581302327696625	2.683872195229992	2.5185457765280543	2.2850382638741893
18316	0.0	0.852057865631711	0.5270362426343185	0.5437159577378345	0.34050262223085104
65831	0.0	1.12167854841086	0.7801810641622726	0.4746154368120097	0.11731501180818021
55514	0.0	3.187452608611676	2.8534018372818597	2.9783476918060017	2.882948346560537
60991	0.0	1.0007190568177589	1.2761046031382808	0.8596775852478745	0.6102866190664659
10432	0.0	0.8293680444297481	0.6673369026012081	0.676005349858368	0.7296222712173923
4084	0.0	1.3385198124304851	0.7946375302175082	1.1712492294756625	0.9827070776087916
64706	0.0	0.555927231701574	0.47496484344904977	0.28084873352685036	0.35554067041449916
2561	0.0	4.678468986550144	4.574613335550221	4.418395453495972	4.353031314931398
2359	0.0	1.567694140307257	1.5080271777818313	1.691540331800012	1.419493886595726
17621	0.0	3.4395886872212795	3.372365831272177	3.0611763762933775	3.2327934505912332
3607	0.0	0.685184226982747	0.40845229518734916	0.08197932556575625	0.14270063878388856
58	0.0	1.3027814602068606	1.1271767242265724	1.366908294435228	1.1946357252847493
3505	0.0	1.7679340862082291	1.4016687133788568	1.5092211847073391	1.364548342139758
11101	0.0	0.7444616645986601	0.987456218325852	0.4864768738281478	0.7803093834742812
13647	0.0	5.1294292397475845	5.195999739073358	5.061695248150451	5.067242621994411
32063	0.0	2.7121851122008884	2.498029202375031	2.5862811679374373	2.5688678481223466
24518	0.0	2.468724233454443	2.389452873636307	2.5380873390248953	2.318040432237851
4271	0.0	2.9378525388636447	2.810295187939191	3.0605932537018936	2.8067292645003676
7768	0.0	1.1249146112795934	0.8443071671230029	0.9228815750805089	0.8413687359753014
28400	0.0	3.0266830401013745	2.3264395290933315	2.4949429728293286	2.159739684750292
4276	0.0	0.6924898262485826	0.5929885752698386	0.499088441706247	0.4353884164212487
7083	0.0	3.1950032019935355	3.0114406137438143	3.05372541371311	2.939476886789557
10260	0.0	1.829208213804007	1.5652515330470478	1.2842861816641087	1.0912054214650844
2555	0.0	3.319493536995305	2.85918004972342	3.026579649401986	2.7561315792661736
7854	0.0	0.9907201506483847	0.33625492930709006	0.1176745958221787	0.09876485645377389
48	0.0	4.605863008425217	4.501437128750944	4.440080703749331	4.6340227234194415
24812	0.0	0.9453994535092993	0.8693217083587987	0.5875883603627557	0.5874657257994431
45	0.0	4.034304797520038	3.8900814877177026	3.992969309410087	4.017262972524124
74406	0.0	1.9427649329547576	1.867387476727319	1.7578248195713224	1.7740479381420937
53516	0.0	1.7628997342084733	1.0194270925195643	0.8604175663082964	1.0979584859416756
7763	0.0	1.5540370100724954	1.3336676929459563	1.2446286001728366	1.3889360585423298
32058	0.0	1.7628467827701664	2.06789556206444	1.9333915976490743	1.7058182868370222
2489	0.0	1.0199741178992046	0.8308579712343871	0.6752454285902342	1.0898697687416443
70677	0.0	1.6744255193507467	1.7259915852175327	1.4449063054176614	1.4956351139514341
5724	0.0	1.4142593542755948	1.5220235848827552	1.51087978165685	1.460675883115706
30776	0.0	1.676191364976549	1.6905855441437854	1.529796693428176	1.5390003234522118
4721	0.0	2.6020029545262027	1.9782880413258186	2.0197738016333777	2.1086574989993006
2494	0.0	1.234554914668185	0.6601865297432679	0.7944967887226416	0.9020022295279715
11604	0.0	2.324356085267333	2.351971928329326	1.7615116463582874	1.6288561093634644
2546	0.0	0.34585990706590664	0.29271959150871385	0.15544616270643166	0.24366123584472682
7861	0.0	2.0378890785360415	1.7025795383994773	2.0592655532106203	2.11361312594276
22979	0.0	1.737906935045612	1.6394575544444105	1.6720398842483741	1.3044591195800854
1293	0.0	3.7838246332421055	3.593393986921802	3.6006947951306416	3.66463343937669
45673	0.0	0.8042177323979557	0.8167663051517061	0.9189661103486394	0.9856667620600467
17607	0.0	2.256477252941195	2.1701360716957927	2.3791662748242897	2.146582684555768
1294	0.0	0.5981843438248514	0.4135131885733835	0.5081693029095851	0.5855131887046422
20701	0.0	2.796325007521509	2.748550637586049	2.149995110881252	2.2742198460418654
35235	0.0	0.9348510584669176	0.6955634666573259	0.5875613515359093	0.5481672453410918
26266	0.0	1.0141673411845962	1.0602821384996215	0.8394572864824825	0.771900853780976
16850	0.0	0.7408403026282857	0.3953470973466024	0.5108411072770647	0.6224044845784025
17170	0.0	1.0712835015410271	1.2516393166505073	1.161486483320908	1.19674320316041
282	0.0	1.6353512203392162	1.314215231543684	1.6392552443434305	1.6233445834894447
51221	0.0	1.699034193885996	1.5738758593411883	1.4692097356560292	1.1726759307144703
52693	0.0	1.709678298809737	1.9786018103842653	1.9032783998153102	2.2551810804883248
5848	0.0	1.180851047564359	1.1117319865085582	1.2744591687437177	0.7833313740123475
8668	0.0	1.4615167346674924	1.1827163650385188	1.0297868008219637	1.4856986857558483
10139	0.0	1.523018638708499	1.1875399407913996	1.0817348209557407	1.1677209508868174
7808	0.0	0.9621877234586531	1.043786687409567	1.0602010699050644	0.6882273607536201
35232	0.0	1.0456575516113487	1.2058007597134228	1.3323061299506838	1.006042938737829
12096	0.0	1.2014693085742147	1.9621924671054312	1.6106506425013793	1.0204498466408032
7801	0.0	1.4650687033701808	1.4502917930225612	1.1538977444754412	1.2231850398944155
23067	0.0	1.8358939695841585	2.15858666267261	2.0710798725904853	2.100798551706642
17504	0.0	1.1414223925496079	1.248087865640242	0.6705732947684933	0.9362958011441281
1900	0.0	1.150117900579653	0.997473644553322	1.0480089957883056	1.0296693145594022
6689	0.0	1.7249579158464703	1.4163884669205815	1.4551807766137455	1.4013242843775382
475	0.0	0.7917815802254119	0.6614191968279954	0.3697136928529103	0.2792066012336724
26459	0.0	1.395115408622862	0.9675533610712564	1.018581231408234	0.9312542423607459
274	0.0	2.2028809853371567	1.987795922105487	1.763824648122931	1.8821767910993905
273	0.0	1.7144387539986616	1.7032928212890814	1.6160725912138671	1.3586442908143037
1909	0.0	1.3410430984089188	0.9966802718238126	1.1026847212572444	1.3857642076048833
1376	0.0	1.3285466172905478	1.2926386273825028	1.045099195164349	1.1672228875245938
1375	0.0	4.5468740986012515	4.5057060275291185	4.2135844458779035	4.399058779784441
57024	0.0	2.8424307618214724	2.373553656356603	2.329211857037151	2.383627624321579
7936	0.0	1.7234948443646143	1.7169975530857773	2.1269801234722534	1.7678072349305334
10910	0.0	0.6094032461084523	0.37385255027810665	0.5005738197490118	0.4611037921646231
30525	0.0	3.167924134720688	2.836463620228126	2.3849360265692283	2.348442621035803
4694	0.0	1.1107340582900485	0.8506842627794686	1.0860205272943233	0.5784432102029163
27213	0.0	1.1006937085738766	1.0768438267334124	0.8800696256906608	0.9635870033055081
13685	0.0	0.8887567727490027	0.5549369647882764	0.37231986070413814	0.8307097040139693
10527	0.0	1.2262321563041245	0.68929265873091	0.9738039835215546	0.9422793463741796
15681	0.0	0.7851838983943835	0.6703200872172669	0.6815789839422625	0.8000975765264915
30946	0.0	1.98027516372333	1.9527497522682147	1.3757180163760236	1.630365384506468
27117	0.0	2.3912689609911237	2.0751233474879274	2.132099386876839	2.2818196522468157
17724	0.0	0.6324953961828884	0.8674797972714211	0.8254515509618092	0.6511854518777066
30942	0.0	1.3913984003211326	1.1686781924240848	0.6463453971101272	0.7827347459321073
35214	0.0	1.2435360197630336	0.9989485788023051	1.2849213332618534	0.779785053305394
10118	0.0	2.584676730496503	2.4150425545890175	2.1033856279649825	2.276732700069141
7829	0.0	1.9806011267198604	1.2474771913088103	0.9526974530604368	1.1146522035873971
35944	0.0	0.6111485582395316	0.970104654875235	0.6543775100827807	0.6359297321224422
6682	0.0	1.426344133876398	1.0549537374398565	1.1012797820516944	1.168273577300537
29373	0.0	3.732041413778765	3.726482585217049	3.7223787628365166	3.734642273519412
16160	0.0	1.384126625769322	0.7973937284663946	0.784862025205928	0.6926554006598656
5038	0.0	2.9699565395316903	2.9464167260318854	3.309431714783665	2.874956030492514
5965	0.0	2.3732981774458874	2.1492956698425023	1.9363293903380712	1.8959605727247266
16732	0.0	3.3041840654067416	3.263537268413855	3.120063146287805	2.8944756560827525
103	0.0	1.0099113180467556	0.805926786258434	0.7070581106977216	0.5212447292925225
57144	0.0	2.1755390871447235	1.168075853802843	1.0991492681925537	1.1930192310785843
97	0.0	0.7707962726427495	0.427074047283554	0.5845198555810232	0.45025857587317325
69326	0.0	0.8176282516980914	0.7024576014362378	0.6792347080984127	0.3534567850210926
93	0.0	1.1011346072060866	0.848701744923692	0.8264121746255809	0.9312895545345358
57818	0.0	0.6742199987774036	0.5135777504069033	0.5180416792752883	0.3559934086744006
7429	0.0	0.9426907225060717	0.6266307309681386	0.9427600102218786	0.9253173351921352
10027	0.0	3.379312645025451	3.0282638227406635	2.813463663926964	3.2867025332534148
25492	0.0	3.1811495474784546	3.266010443939459	2.7900629112807542	2.6486712452145995
17931	0.0	0.7587570476398129	0.5753639087706017	0.5669176595378832	0.2301414288390802
30401	0.0	1.104848221795564	0.5181234649769506	0.42193459917586706	0.5646833351887182
63166	0.0	0.6284138624328881	0.49805265787523545	0.5356205734510883	0.5166258941664744
4441	0.0	1.1479753911155355	0.6604992333637763	0.6161294490279188	0.5644492497685537
7534	0.0	0.7861320633475446	0.5421031707876275	0.5984877828063259	0.49691835649267596
24957	0.0	0.9276584912498551	1.1571371661041414	0.9346802229882969	0.9479824825344128
7918	0.0	1.7513329545468408	1.7201637580324474	1.6081157277823648	1.5800290145432316
14858	0.0	1.596387656261724	1.5688911979773053	1.2118689853455902	0.9553011514659434
1936	0.0	2.344942880896753	2.414403248955774	2.1281410215969316	2.042563334690044
52450	0.0	2.5451844723526276	2.2889840692185617	1.0602370560112675	1.0711633981947555
5890	0.0	1.1204262538583163	0.3647568613823557	0.2890344820627556	0.29139281912341913
1933	0.0	1.990648118034295	0.91420415046748	0.8640756899104168	0.9394977667916359
5258	0.0	1.4371598922102042	0.9664623769194562	0.6932094671483474	0.8045815048633121
5894	0.0	1.3181316931057885	1.2077542684291382	1.2110081211220516	1.1637548025102329
5893	0.0	1.4618931924770497	1.421963395709999	0.9440136068484619	0.8789380623894104
7709	0.0	4.829484169122734	4.609192050934872	4.4578034827454776	4.42284702665697
67258	0.0	0.6622293212687286	0.5951786267658266	0.7214996446734934	0.48162776570677035
51045	0.0	1.9278826391491384	1.1158147089555293	1.2491778356046839	1.3356891406091387
37454	0.0	1.205399383045534	1.15778547568229	0.8764866240850482	0.9410051044736203
6522	0.0	0.603121138467345	0.5299529160131613	0.5506406935051097	0.6574673925772841
1246	0.0	0.7511606561858363	0.8145398964241362	0.6446133578242315	0.7598360882502927
5989	0.0	2.4568354610218033	2.6344156672196557	2.3018353772512294	2.20015558775653
1054	0.0	4.131919657801426	4.203079096606851	4.3680193892032415	4.337486811733608
11571	0.0	1.4228418606317146	1.786221818855885	1.74476688696625	1.5897394602122603
1247	0.0	0.5603709485049053	0.7138158926306084	0.7206830059566236	0.24766846147309354
8777	0.0	0.7594989981989353	0.7547112171836228	0.5688581323523452	0.6779834736818827
385	0.0	2.8503714111899705	2.9733044191753946	2.9569103416957305	3.0362039218626298
1349	0.0	0.5206838797166596	0.22451176484774116	0.3803619089734792	0.17426835306758368
5584	0.0	1.311500216527142	0.8552579506596047	0.7859318043178612	0.6889264708390217
10303	0.0	1.1807194305055866	1.1181519151418686	0.6194910445124207	0.7107269224266423
5778	0.0	1.5337619950999137	1.5488082943337853	1.2423237196312904	1.2658293685915383
5268	0.0	1.1716114834298774	0.8658731836332514	1.2996668891321053	1.0495987041960926
26228	0.0	1.5015452951845425	0.9580591566739207	0.787616794168553	0.7151126499222328
247	0.0	0.7798483460893396	1.2917692489380839	1.1752360350660533	0.901957208193419
1944	0.0	0.7223325945167541	0.5913383660288657	0.3820009974761963	0.7763566279869487
5880	0.0	3.864302432302071	3.575618412603225	3.6114592932068326	3.4490783594063474
5792	0.0	0.3530553520623196	0.10004927312229195	0.2003194449226591	0.33945234462462803
15197	0.0	1.4248616884583634	1.1580295311199125	1.0361725840188232	1.2641380099991808
5694	0.0	1.3651396649289933	1.4272892786454114	1.439415685394924	1.5207420894224422
1232	0.0	0.31710689556264027	0.4193371769332161	0.43724793645081184	0.3580991698931966
1233	0.0	2.6314528576406584	2.7288783652014583	2.3886363352453603	2.3442713227011036
8788	0.0	1.784342494042059	2.1776536853058426	1.89816940735267	1.6241638865591572
61787	0.0	1.4476078886921355	1.46464372502757	1.281862402323531	1.3368575565803782
5787	0.0	2.3594719660762022	1.3577295363233215	1.098974214262664	1.070191561268406
8888	0.0	0.2541428371004023	0.19919064845987455	0.24995441464327034	0.2523439588678247
33118	0.0	3.3201744007373986	3.370865873266923	3.087401659119593	3.190453878396759
38411	0.0	0.24272559891297849	0.24205259617742056	0.31732838368457733	0.3062800192505946
6344	0.0	0.6964433944108251	0.42410930951752485	0.5076460566329045	0.5504441134501384
64756	0.0	0.9103564368301821	0.2351906917846815	0.23397690265541538	0.11299280121190394
31143	0.0	3.2740917828479428	3.275207709795973	3.1153381544430645	3.327941469070615
5281	0.0	1.6095198726833344	1.3582775687433093	1.23753263798619	0.9249980895806745
15440	0.0	0.8464558165492336	0.3635322004225157	0.3696246500920707	0.3976341554026182
1224	0.0	0.6208728314038909	1.0531745978186513	0.25139591882431195	0.21072507693496456
5799	0.0	1.566619385244485	0.741894736266325	0.9520098779980314	0.9937187294397899
25247	0.0	2.244484364698916	2.535745597353717	2.3742946195484596	1.841851041632803
69271	0.0	2.395206876123992	1.6497359935925509	1.5477316405532593	1.9530113743576514
8403	0.0	2.0468569537083114	1.8066758530083955	1.6766731345728199	1.7108823927119128
29328	0.0	1.255629996756396	1.1253849962372189	1.347974305516768	1.0188152294174981
7155	0.0	1.584832363526357	0.893079216516172	0.8218972825988251	0.6467194505371702
35909	0.0	2.0404716685489883	1.8296397579281403	2.1367974391389035	1.5084231854386672
11786	0.0	1.4588053421137466	1.1247298578157252	1.1315828575458038	1.07929588420603
34129	0.0	2.090919994444757	1.806328425663611	1.3613996127162509	1.4217829139798475
35102	0.0	1.461515905509606	1.5912928445587882	1.0536929812414413	1.163588140027344
1210	0.0	2.6607991677885985	2.3773062947857886	2.3648400346059177	2.0451669754988067
71046	0.0	0.9018713047371814	0.7365845986381002	0.4513997329597138	0.4763130007061375
14709	0.0	1.7668031855715047	1.3094196151762298	1.4244917154694543	1.5153819139902187
51457	0.0	0.7939046216300477	0.7582560638490909	0.6131347239185172	0.7561652823793554
5473	0.0	1.0610934162765746	1.1312366990713492	1.199614038498187	1.0156708548826636
14703	0.0	0.5192657371412562	0.5212842855329735	0.6004258746031675	0.49667916436151777
15590	0.0	2.4616188467087783	2.4411673170344503	2.281832097157099	2.2000687797350613
5392	0.0	0.9897860081342147	0.9939859384021987	0.9843735444207266	0.7833931663333237
