d05ebdfdc5b4c835162ee68dbaaca2d6	0.0	0.0	0.0	0.0	0.0	0.0	0.0	0.0	0.0	0.0	0.0	0.0	0.0	0.0	0.0	0.0	0.0	0.0	0.0	0.0
db1a28ae06c82bad334b46dc9aa3f21e	0.0	1.1656598895412718	0.0	0.031877650187744244	0.11157177565710485	0.24079456086518725	0.3218875824868201	0.20879382808256133	0.40235947810852507	0.027892943914276214	0.17882643471490003	0.32694308433724206	0.16347154216862103	0.22991970177630003	0.4904146265058631	0.25993019270997947	0.07192051811294523	0.09987384442437362	0.0	0.39608410317711157
7ce285b921fbdf46a1a94ead1ae85568	0.0	0.0	1.2075933167805237	0.05087416253958389	0.11192315758708456	0.06217953199282475	0.1013662770270411	0.13515503603605478	0.1013662770270411	0.0	0.0	0.16218604324326577	0.0	0.32437208648653154	0.0	0.0	0.0	0.0	0.0	0.07635756098951291
9d2fa63f79f478fcfb1b75974b5fd6bb	0.0	0.0	0.0	0.0	0.0	0.0	0.0	0.0	0.0	0.0	0.0	0.0	0.0	0.0	0.0	0.0	0.0	0.0	0.0	0.0
40ddd0de0da0c27826b4dee0e83f11ae	0.0	1.0986122886681096	1.0986122886681098	1.0986122886681098	1.0986122886681098	0.0	0.0	0.0	0.0	0.0	0.0	0.0	0.0	0.0	0.0	0.0	0.0	0.0	0.0	0.0
7347d6586272b4ddd9fd7f638ab9552f	0.0	0.0	0.0	0.0	0.0	0.0	0.0	0.0	0.0	0.0	0.0	0.0	0.0	0.0	0.0	0.0	0.0	0.0	0.0	0.0
d3b1770825cbef35ca4cd1ac76725b74	0.0	0.3662040962227032	0.5493061443340549	0.0	0.21972245773362198	0.1831020481113516	0.21972245773362198	0.3662040962227032	0.13862943611198905	0.1702752079219969	0.0	0.0	0.3662040962227032	0.06385320297074884	0.13862943611198905	0.0	0.0	0.0	0.0	0.0
106003a7054b4c18a74971a5893f9a18	0.0	0.2703100720721096	0.23169434749037968	0.20273255405408222	0.24327906486489864	0.3243720864865316	0.044628710262841945	0.05578588782855243	0.17851484105136778	0.07438118377140324	0.0	0.05578588782855243	0.0	0.0	0.03719059188570162	0.0	0.0	0.0	0.07438118377140324	0.044628710262841945
9e48e16c982ffa718d5d415861fbd719	0.0	0.0	0.0	0.0	0.0	0.0	0.0	0.0	0.0	0.0	0.0	0.0	0.0	0.0	0.0	0.0	0.0	0.0	0.0	0.0
fd244b0122d5b99fd2c159d730a86817	0.0	0.0	0.0	0.0	0.0	0.0	0.0	0.0	0.0	0.0	0.0	0.0	0.0	0.0	0.0	0.0	0.0	0.0	0.0	0.0
4b831193bd8f08f6a0a5cccc28fa84b4	0.0	0.0	0.0	0.0	0.0	0.0	0.0	0.0	0.0	0.0	0.0	0.0	0.716703787691222	0.14595017821885448	0.0	0.25596563846115067	0.0	0.0	0.0	0.0
695c5820e40135c39ce555d3c2eeb2a8	0.0	0.0	0.0	0.0	0.0	0.0	0.0	0.0	0.0	0.0	0.0	0.0	0.0	0.0	0.0	0.0	0.0	0.0	0.0	0.0
410784eae20f25cda4e437bd6a6f9a0d	0.0	0.0	0.0	0.0	0.0	0.0	0.0	0.0	0.0	0.0	0.0	0.0	0.0	1.2628643221541276	0.6931471805599453	0.0	0.34657359027997264	0.0	0.34657359027997264	0.27465307216702745
01eba1d3a17266d15002e5a3c6ef39f9	0.0	0.6486367163517711	0.9599828525561208	0.555974328301518	0.0	0.0	0.626381484247684	0.6931471805599453	0.0	0.17328679513998632	0.0	0.0	0.0	0.48647753726382836	0.0	0.0	0.09589402415059363	0.0	0.05753641449035618	0.0
4247bee1ca4f090e3df40e6e54ee20d7	0.0	0.0	0.0	0.0	0.0	0.0	0.0	0.0	0.0	0.0	0.0	0.0	0.0	0.0	0.0	0.0	0.0	0.0	0.0	0.0
6e26f83a2b4cec481beacecf2613e275	0.0	0.0	0.0	0.0	0.0	0.0	0.0	0.0	0.0	0.0	0.0	0.0	0.0	0.0	0.0	0.0	0.0	0.0	0.0	0.0
633f8127ceed5d4feeaa6f9004c3bc9f	0.0	0.0	0.0	0.0	0.0	0.0	0.0	0.0	0.0	0.0	0.0	0.0	0.0	0.0	0.0	0.0	0.0	0.0	0.0	0.0
efa58a21bf8cb6be16a340982cbad31c	0.0	0.5837028888925855	0.6931471805599452	0.54874151794329	0.4951051289713894	0.5988895637343051	0.5817071801091551	0.36720023466747864	0.3495584554853077	0.13755117401945774	0.273272926497845	0.0	0.09966799165159189	0.06277784506674913	0.0	0.10663802777845313	0.0	0.10986122886681099	0.04394449154672439	0.2020821713475887
2c44e5099f08c3d737ea3a57f68f26e0	0.0	0.0	0.0	0.0	0.0	0.0	0.0	0.0	0.0	0.0	0.0	0.0	0.0	0.0	0.0	0.0	0.0	0.0	0.0	0.0
66fcec6724b2d7f0fa79e526c1a5db1c	0.0	0.38774551364756815	0.0	0.0	0.0	0.0353837479020594	0.1831020481113516	0.0	0.0	0.0	0.0	0.12602676010180824	0.0	0.0	0.0	0.0	0.0	0.0	0.07702707821701851	0.27465307216702745
80eae3aed9c1e446e42b43d5e9b0ffb1	0.0	0.0	0.0	0.0	0.0	0.0	0.0	0.0	0.0	0.0	0.0	0.0	0.0	0.0	0.0	0.0	0.0	0.0	0.0	0.0
4e3927a2c0e6437dd01c04177500e1e7	0.0	0.0	0.17896613835648115	0.13458889464848517	0.0	0.366516292749662	0.0	0.0	0.0	0.34657359027997264	0.13458889464848517	0.15694461266687282	0.34657359027997264	0.14420238712337693	0.33576947276125363	0.30649537425959444	0.08513760396099845	0.1702752079219969	0.2505525936990736	0.12770640594149768
14b7b821adb580742a89201fa00cd8d8	0.0	0.1621860432432658	0.23169434749037968	0.40546510810816444	0.17377076061778476	0.10136627702704111	0.04505167867868493	0.10136627702704111	0.0	0.0675775180180274	0.3243720864865316	0.0	0.05578588782855243	0.08925742052568389	0.0	0.15204941554056167	0.0	0.0	0.16735766348565728	0.2231435513142097
94f591ff9384087195a6f13044da9460	0.0	0.0	0.0	0.0	0.0	0.0	0.0	0.0	0.0	0.0	0.0	0.0	0.0	0.0	0.0	0.0	0.0	0.0	0.0	0.0
3dad78af0920d7966ce543b93eb173f2	0.0	0.1351550360360548	0.0	0.40546510810816444	0.0	0.1621860432432658	0.40546510810816444	0.40546510810816444	0.2703100720721096	0.1351550360360548	0.40546510810816444	0.0	0.0	0.0	0.0	0.0	0.10136627702704111	0.0	0.0	0.40546510810816444
e4fc9488f00009c3825ec222ae4cf39b	0.0	0.0	0.0	0.0	0.0	0.0	0.0	0.0	0.0	0.0	0.0	0.0	0.0	0.0	0.0	0.0	0.0	0.0	0.0	0.0
7b721de95edee9fb5c3d2a04c6a83b47	0.0	0.0	0.0	0.0	0.0	0.0	0.0	0.0	0.0	0.0	0.0	0.0	0.0	0.0	0.0	0.0	0.0	0.0	0.0	0.0
b1fb6a468a3ecd32ebb8e3d6c3b0ed92	0.0	0.0	0.0	0.0	0.0	0.0	0.0	0.0	0.0	0.0	0.0	0.0	0.0	0.0	0.0	0.0	0.0	0.0	0.0	0.0
0d84cb19914eb5da0aeb6c2e8558500d	0.0	0.0	0.0	0.0	0.0	0.0	0.0	0.0	0.0	0.0	0.0	0.0	0.0	0.0	0.0	0.0	0.0	0.0	0.0
0cf7ab5f789a93751d109f6cbeb6c1af	0.0	1.2517850430043003	0.08377147609363535	0.0	0.0	0.0	0.0	0.0	0.0	0.0	0.0	0.0	0.0	0.0	0.0	0.0	0.0	0.0	0.07635756098951291	0.0
a29f13faff37a8497e803b8425222494	0.0	0.829877570044861	0.20066213405432268	0.1337747560362151	0.08026485362172907	0.0	0.32431835817588556	0.0	0.10986122886681099	0.09441113142730853	0.1337747560362151	0.0	0.09287738613927105	0.0	0.1337747560362151	0.20066213405432268	0.10945207312053964	0.0	0.0	0.0
6a4cc142d7321dd3afcc31572e4231d7	0.0	0.4449047693936119	0.0	0.0	0.0	0.0	0.2628191201214234	0.04205902957765161	0.0	0.0	0.18941645469315835	0.0	0.0	0.20932591754491323	0.0	0.11263676576632431	0.0	0.06729444732424258	0.30099320108148403	0.12602676010180824
15e1ef4e66e38cd60c6726aa730db8f8	0.0	1.2762449492074293	1.2177118471867197	1.1385498789353368	1.1814618877413872	0.7067977075414911	0.7302366923979475	0.96342915832775	0.5479346706198703	0.5469372351913725	0.7114921875773206	0.9707299561867929	0.43831973716499767	0.30982978121941906	0.4403085437424788	0.6989202754925457	0.32958368660043297	0.3709530071705041	0.09560650766344073	0.28218047530763296
64cab99d451313de192bfa1a12eafcea	0.0	0.5511004740072867	0.6245289437501736	0.5639962780280705	0.8151348506380149	0.7347399338237337	0.35532098829984016	0.533661504395067	0.31971538684125744	0.41122901842109777	0.4487722614429318	0.1951568243129827	0.11575038064963017	0.12911582930127705	0.08688538030889238	0.2528971595056077	0.054062014414421926	0.15375905628099887	0.1261215334756106	0.04505167867868493
2ba23c0d834917ac8365d35ebdc8aa62	0.0	0.10136627702704111	0.2703100720721096	1.0986122886681098	0.0	0.0810930216216329	0.0	0.10136627702704111	0.1351550360360548	0.0	0.2876820724517809	0.0	0.0	0.0	0.0	0.0	0.11507282898071236	0.0	0.0	0.0
df9f6940bb402f2ea4f9d75198029545	0.0	0.0	0.0	0.0	0.0	0.0	0.0	0.0	0.0	0.0	0.0	0.0	0.0	0.0	0.0	0.0	0.0	0.0	0.0	0.0
ca3d315afddf5bfed465c41657d81ae9	0.0	0.0	0.0	0.0	0.0	0.0	0.0	0.0	0.0	0.0	0.0	0.0	0.0	0.0	0.0	0.0	0.0	0.0	0.0	0.0
dedb7631fe85d1b7bcd622914e689ca4	0.0	0.0	0.0	0.0	0.0	0.0	0.0	0.0	0.0	0.0	0.0	0.0	0.0	0.0	0.0	0.0	0.0	0.0	0.0	0.0
dfa58bce5daff22e8aabbca38efaeca9	0.0	0.5364793041447	0.45983940355260006	0.48775204813569495	0.0	0.0	0.0	0.0	0.29706307738283366	0.1243590639856495	0.3157160805385319	0.22991970177630003	0.3850817669777474	0.20117973905426254	0.40235947810852507	0.19804205158855578	0.17882643471490003	0.3080654135821979	0.0	0.1598902251244065
3698c40904728fa7a746fced0f74476e	0.0	0.0	0.0	0.0	0.0	0.0	0.0	0.0	0.0	0.0	0.0	0.0	0.0	0.0	0.0	0.0	0.0	0.0	0.0	0.0
e2856c500fcdd6fb858cdb08f96d3a99	0.0	0.9241962407465937	0.20273255405408222	0.0	0.40546510810816444	0.0	0.1351550360360548	0.0675775180180274	0.0	0.2703100720721096	0.0675775180180274	0.1621860432432658	0.1621860432432658	0.40546510810816444	0.0	0.1351550360360548	0.0	0.0	0.0	0.0
1ac1f81f0c630df9e2437b1f9ba27c0c	0.0	0.30092484657139584	0.33882903419665267	0.10729586082894002	0.0	0.11774131309140043	0.0	0.0	0.0	0.0	0.0	0.0	0.0	0.08656358989147499	0.0820076114761342	0.0	0.0	0.0	0.19804205158855578	0.0
b1aed58455f8c5e78f8eca138a150d87	0.0	0.0	0.0	0.0	0.0	0.0	0.0	0.0	0.0	0.0	0.0	0.0	0.0	0.0	0.0	0.0	0.0	0.0	0.0	0.0
4bf13331be96d00dca0843f0a8b3b891	0.0	0.0	0.0	0.0	0.0	0.0	0.0	0.0	0.0	0.0	0.0	0.0	0.0	0.0	0.0	0.0	0.0	0.0	0.0	0.0
8700720cfaeddc5bb39e5b45fb0a5cd5	0.0	0.5715483638897334	1.197257993761718	0.38603121251418804	0.7197357754818362	0.2513444340121165	0.19220959657153266	0.3447349101531616	0.6969095670335957	0.4036546365725039	0.07221467202939227	0.09846985236047975	0.17628442851864262	0.05313513813429319	0.13635564260887134	0.056828532877720314	0.21369251004340553	0.16604730666966622	0.2675669530434555	0.037885688585146876
92da3c3b4191294ad81ec16504905d1b	0.0	0.0	0.0	0.0	0.0	0.0	0.0	0.0	0.0	0.0	0.0	0.0	0.0	0.0	0.0	0.0	0.0	0.0	0.0	0.0
1dbe7d620871d2fe5a9706c0aa4b3d00	0.0	0.0	0.40546510810816444	0.0	0.20273255405408222	0.1621860432432658	0.0	0.0	0.0	0.25541281188299536	0.0	0.0	0.20273255405408222	0.20273255405408222	0.0	0.0	0.34657359027997264	0.0	0.1351550360360548	0.0810930216216329
212268bfebeef25e848715f87ae410e5	0.0	0.2513366745996665	0.3042496587259121	0.41291025112802354	0.20658671301105014	0.18532477610050604	0.0	0.277244219756051	0.09498190255375615	0.0	0.0	0.0	0.0	0.0	0.0	0.0	0.0	0.1325164710125057	0.0	0.0
dd9284d2296f517417431471c056fa47	0.0	0.0	0.0	0.0	0.0	0.15040773967762744	0.0	0.0	0.0	0.0	0.31388922533374564	0.0	0.0	0.0	0.0	0.0	0.0	0.0	0.0	0.0
32e8d43ef1403e72e25ea86c3e0ba1f1	0.0	0.0	0.23104906018664842	0.5493061443340549	0.13732653608351372	0.0	0.0	0.17328679513998632	0.23104906018664842	0.0	0.0	0.0	0.11552453009332421	0.17328679513998632	0.09902102579427789	0.0	0.0	0.0	0.0	0.0
69617cb67f8c6f82ecd69dc6167484b7	0.0	1.3862943611198906	0.7520386983881371	0.40546510810816444	0.0	0.34657359027997264	0.20273255405408222	0.0	0.0	0.1351550360360548	0.0	0.0	0.0	0.20273255405408222	0.34657359027997264	0.34657359027997264	0.10136627702704111	0.0	0.34657359027997264	0.23104906018664842
3d7f9027aac454a49a8c3d5420b6af85	0.0	0.09902102579427789	0.06301338005090412	0.0	0.17328679513998632	0.0	0.2079441541679836	0.0	0.0	0.0	0.0	0.08664339756999316	0.0	0.07701635339554948	0.0	0.0	0.0	0.0	0.0	0.07701635339554948
01e634a3ca0e1f580661e332b591548c	0.0	0.0	0.0	0.0	0.0	0.0	0.0	0.0	0.0	0.0	0.0	0.0	0.0	0.0	0.0	0.0	0.0	0.0	0.0	0.0
3fb81d494cdd888e8e622b504fa4750a	0.0	0.0	0.0	0.0	0.0	0.0	0.0	0.0	0.0	0.0	0.0	0.0	0.0	0.0	0.0	0.0	0.0	0.0	0.0	0.0
d45c2504bb5d7fb985148f1438a28409	0.0	0.5472214583367989	0.40423319598285934	0.46209812037329684	0.8317766166719343	0.3080654135821979	0.0	0.08810402281956166	0.14592572222314637	0.11569826129048263	0.0	0.0	0.12924850454918937	0.0	0.0	0.0	0.0	0.0	0.0	0.09359010884507957
b3bc7ecc2d43145d58663202b98f4eb4	0.0	0.0	0.0	0.11480676202314583	0.06915809579892582	0.0	0.0839012132044696	0.0	0.0	0.0	0.07690944543743045	0.0	0.0	0.0	0.0	0.0	0.0	0.0	0.0	0.0
4ca3cd96940a7451d669ffd0bb158aea	0.0	0.0	0.0	0.0	0.0	0.0	0.0	0.0	0.0	0.0	0.0	0.0	0.0	0.0	0.0	0.0	0.0	0.0	0.0	0.0
102f737cffbcf985631b9b19ab003a37	0.0	0.0	0.0	0.0	0.0	0.0	0.0	0.0	0.0	0.0	0.0	0.0	0.07324081924454065	0.0	0.0	0.0	0.0	0.0	0.0	0.0
f5178a9db277848c08745da00fa6c396	0.0	0.16438975568673195	0.14384103622589045	0.16438975568673195	0.0	0.1243590639856495	0.0	0.0	0.047947012075296815	0.18828841341937858	0.05753641449035618	0.19804205158855578	0.18653859597847425	0.13076457838717312	0.06392934943372909	0.08664339756999316	0.21972245773362198	0.27465307216702745	0.0	0.09796444415035316
85320015ab3f6107d8f47808a0d3eed3	0.0	0.0	0.0	0.0	0.0	0.0	0.0	0.0	0.0	0.0	0.0	0.0	0.0	0.0	0.0	0.0	0.0	0.0	0.0	0.0
e03d3c0b9ea1857cc50bdcccef976249	0.0	0.7312395570587198	0.8109302162163288	0.34005909013759594	0.0	0.3475415212355695	0.16218604324326577	0.09010335735736986	0.1013662770270411	0.16218604324326577	0.0	0.0	0.2027325540540822	0.2027325540540822	0.0	0.11584717374518982	0.0	0.0	0.0	0.0
92886173ae3941520073d6e95cd036b3	0.0	0.0	0.0	0.0	0.0	0.0	0.0	0.0	0.0	0.0	0.0	0.0	0.0	0.0	0.0	0.0	0.0	0.0	0.0	0.0
82ef9cb072b5bb77e9ed38f158c0ca28	0.0	0.0	0.0	0.0	0.0	0.0	0.0	0.0	0.0	0.0	0.0	0.0	0.0	0.0	0.0	0.0	0.0	0.0	0.0	0.0
ff9faae2bbd1093bb8ee41bee285c51c	0.0	0.0	0.0	0.0	0.0	0.0	0.0	0.0	0.0	0.0	0.0	0.0	0.0	0.0	0.0	0.0	0.0	0.0	0.0	0.0
4b299fb52ecbfff5616bdbfa2c991e8e	0.0	0.11552453009332421	0.23104906018664842	0.11552453009332421	0.34657359027997264	0.19804205158855578	0.11552453009332421	0.25993019270997947	0.17328679513998632	0.23104906018664842	0.12602676010180824	0.10663802777845313	0.0	0.0	0.13862943611198905	0.0	0.08664339756999316	0.0	0.25067956612937903	0.0
20470e3acd40140985ed88fe44eb6437	0.0	0.0	0.13862943611198905	0.0	1.0986122886681098	0.5493061443340549	0.0	0.0	0.0	0.23104906018664842	0.0	0.0	0.0	0.0	0.0	0.0	0.0	0.0	0.0	0.0
9a472a813b340c87f75eca2aba55702f	0.0	0.0	0.0	0.0	0.0	0.0	0.0	0.0	0.0	0.0	0.0	0.0	0.0	0.0	0.0	0.0	0.0	0.0	0.0	0.0
40cdec64a190072565e78a850f9a62de	0.0	0.0	0.0	0.0	0.0	0.0	0.0	0.0	0.0	0.0	0.0	0.0	0.0	0.0	0.0	0.0	0.0	0.0	0.0	0.0
d167288dfffd6cd2849204a9dec3aa05	0.0	0.9241962407465937	0.0	0.0	0.0	0.0	0.0	0.0	0.0	0.0	0.0	0.0	0.0	0.0	0.0	0.0	0.0	0.0	0.0	0.0
d9150db843771a85c1cd6f041f8a715f	0.0	0.0	0.0	0.0	0.0	0.0	0.0	0.0	0.0	0.0	0.0	0.0	0.0	0.0	0.0	0.0	0.0	0.0	0.0	0.0
70231caad83de194fbb8a212cad00176	0.0	0.0	0.31388922533374564	0.21972245773362198	0.3662040962227032	0.0	0.0	0.43944491546724396	0.0	0.0	0.0	0.0	0.0	0.4581453659370775	0.0	0.23104906018664842	0.0	0.0	0.08664339756999316	0.0
3d80e5e18c51b5976b5db204d10862cb	0.0	0.0	0.0	0.0	0.0	0.0	0.0	0.0	0.0	0.0	0.0	0.0	0.0	0.0	0.0	0.0	0.0	0.0	0.0	0.0
5624559ab9f1f252fa9cc5a2d77c76dd	0.0	0.17328679513998632	0.0	0.23104906018664842	0.0	0.0	0.27465307216702745	0.0	0.0	0.0	0.2772588722239781	0.13862943611198905	0.46209812037329684	0.0	0.40546510810816444	0.1621860432432658	0.0	0.0	0.0675775180180274	0.20273255405408222
28df93f0f3148b3e723eef2b29bec0e2	0.0	0.6437751649736402	0.6108604879161033	0.0	0.1831020481113516	0.1351550360360548	0.0	0.1351550360360548	0.1351550360360548	1.0729586082894	0.13732653608351372	0.0	0.27465307216702745	0.15694461266687282	0.0	0.0	0.0675775180180274	0.0	0.0	0.2703100720721096
64e3c38ad5d798cedbfd6d347f5c65c7	0.0	0.6520497416382622	0.39725672879349316	0.18904014015271234	0.18904014015271234	0.13862943611198905	0.29706307738283366	0.29706307738283366	0.0	0.0	0.19804205158855578	0.12104255148388623	0.09902102579427789	0.19804205158855578	0.11552453009332421	0.25993019270997947	0.05087416253958389	0.13862943611198905	0.0	0.16788473638062681
65bc72c1ebb78f215b3a53ae79720047	0.0	0.0	0.0	0.0	0.0	0.0	0.0	0.0	0.0	0.0	0.0	0.0	0.0	0.0	0.0	0.0	0.0	0.0	0.0	0.0
a836eaae05c31bc12e96f36b9c350a3d	0.0	0.0	0.0	0.0	0.0	0.0	0.0	0.0	0.0	0.0	0.0	0.0	0.0	0.0	0.0	0.0	0.0	0.0	0.0	0.0
3272e33a64d9f297c821b53e0fe566d0	0.0	0.0	0.0	0.0	0.0	0.0	0.0	0.0	0.0	0.0	0.0	0.0	0.0	0.0	0.0	0.0	0.0	0.0	0.0	0.0
13707ec954525287a2605d052f5eb00e	0.0	0.0	0.0	0.0	0.0	0.0	0.0	0.0	0.0	0.0	0.0	0.0	0.0	0.0	0.0	0.0	0.0	0.0	0.0	0.0
afd5a723206303ba64550aeb980894ff	0.0	0.9377873619340437	0.5391144737688462	0.0	0.3040988310811233	0.5350165408740677	0.2772588722239781	0.0	0.2772588722239781	0.0	0.0	0.0	0.0	0.15694461266687282	0.0	0.0	0.09902102579427789	0.0	0.2772588722239781	0.0
b2abd72f101e9ff7008f950dea845c7c	0.0	1.1512925464970227	0.7675283643313484	0.0810930216216329	0.23104906018664842	0.0	0.0	0.2772588722239781	0.0	0.0	0.0	0.15049660054074201	0.0	0.0	0.7675283643313484	0.0	0.0	0.14631253749400913	0.0	0.0
3b99aa464e2bd2d007b58ac2d18ad088	0.0	0.0	0.0	0.0	0.0	0.0	0.0	0.0	0.0	0.0	0.0	0.0	0.0	0.0	0.0	0.0	0.0	0.0	0.0	0.0
aef995b87e0c587a0f5a7b1684ecd048	0.0	0.0	0.0	0.06237924740125607	0.0	0.0	0.0	0.0	0.0	0.04054651081081645	0.0	0.04505167867868493	0.0	0.0	0.0	0.0	0.0	0.0	0.0	0.0
888fa1b7cb18f0e8b6ee478dcbf02131	0.0	0.0	0.0	0.0	0.0	0.0	0.17328679513998632	0.0	0.0	0.0	0.0	0.0	0.0	0.0	0.0	0.0	0.0	0.0	0.0	0.0
e6000b74f6d41b42e528c299bc2ef72f	0.0	0.5493061443340549	0.0	0.0	0.34657359027997264	0.0	0.0	0.46209812037329684	0.0	0.0	0.20273255405408222	0.0	0.0	0.0	0.0	0.10136627702704111	0.0	0.0	0.0	0.0
3d6223852178a66bc452128fdaac34b0	0.0	0.0	0.0	0.0	0.0	0.0	0.0	0.0	0.0	0.0	0.0	0.0	0.0	0.0	0.0	0.0	0.0	0.0	0.0	0.0
5c820071ea3749e1f714c31a34e4044e	0.0	0.0	0.0	0.0	0.0	0.0	0.0	0.0	0.0	0.0	0.0	0.0	0.0	0.0	0.0	0.0	0.0	0.0	0.0	0.0
c0fdbe90420bd8d3ba8884d072448b39	0.0	0.0	0.0	0.0	0.0	0.0	0.0	0.0	0.0	0.0	0.0	0.0	0.0	0.0	0.0	0.0	0.0	0.0	0.0	0.0
3840eac8e114a2614a4939da5a15abec	0.0	0.0	0.0	0.0	0.0	0.0	0.0	0.0	0.0	0.0	0.0	0.0	0.0	0.0	0.0	0.0	0.0	0.0	0.0	0.0
982b8ffa8d7b4fc6ee24ba329c97e3f1	0.0	0.8047189562170501	0.0	0.0	0.0	0.26823965207235	0.0	0.0	0.0	0.0	0.0	0.0	0.0	0.0	0.0	0.05792358687259492	0.0	0.0	0.0	0.0
818773c83ba2f9f5c19d42209980a18d	0.0	1.1730183055629844	1.0398900982786619	0.5129898714923073	0.37436043538031827	0.3662040962227032	0.05726817074213469	0.5791552606273922	0.505374581882744	0.34657359027997264	0.16901727517970921	0.12602676010180824	0.12602676010180824	0.18483924814931874	0.13564307651587362	0.08396952355744557	0.055979682371630375	0.14694666622552974	0.045214358838624534	0.06027366787477785
c12a068150a91f1e1e00b59c76ad1dff	0.0	0.0	0.0	0.0	0.0	0.0	0.0	0.0	0.0	0.0	0.0	0.0	0.0	0.0	0.0	0.0	0.0	0.0	0.0	0.0
d1307bb6eccb71506e034968ed30f634	0.0	0.9270284871285196	0.555974328301518	0.0	0.2162122387839237	0.24323876863191418	0.0	0.04404305137921667	0.0	0.0	0.0	0.0	0.0	0.025691779971209725	0.0	0.0	0.0	0.0	0.0	0.0
962a8ace731c85b656df91151216994b	0.0	0.6931471805599453	0.34657359027997264	0.6931471805599453	0.34657359027997264	0.0	0.23104906018664842	0.0	0.0	0.34657359027997264	0.46209812037329684	0.20273255405408222	0.0	0.1621860432432658	0.1351550360360548	0.20273255405408222	0.1351550360360548	0.0810930216216329	0.0	0.20273255405408222
f296eb4b682f8ffa920a24dcb15f3a41	0.0	0.0	0.0	0.0	0.0	0.0	0.0	0.0	0.0	0.0	0.0	0.0	0.0	0.0	0.0	0.0	0.0	0.0	0.0	0.0
5c1f5050556a19acf6ec0952d8c035af	0.0	0.0	0.0	0.0	0.0	0.0	0.0	0.0	0.0	0.0	0.0	0.0	0.0	0.0	0.0	0.0	0.0	0.0	0.0	0.0
de81c81610453de9dd62ea959396a130	0.0	0.0	0.0	0.0	0.0	0.0	0.0	0.0	0.0	0.0	0.0	0.0	0.0	0.0	0.0	0.0	0.0	0.0	0.0	0.0
9c163ce5e70dc8b0ab838393909149c5	0.0	0.0	0.0	0.0	0.0	0.0	0.0	0.0	0.0	0.0	0.0	0.0	0.0	0.0	0.0	0.0	0.0	0.0	0.0	0.0
13d708523d173ff5c210f216816cba86	0.0	0.0	0.0	0.0	0.0	0.0	0.0	0.0	0.0	0.0	0.0	0.0	0.0	0.0	0.0	0.0	0.0	0.0	0.0	0.0
fa4681997deb368e31fbfc2e09baf928	0.0	0.17328679513998632	0.2772588722239781	0.0	0.0	0.0	0.0	0.0	0.0	0.0	0.0	0.0	0.0	0.0	0.0	0.0	0.13862943611198905	0.0	0.0	0.0
2a12f876c7d9a78719fc997838973d23	0.0	0.0	0.0	0.0	0.0	0.0	0.0	0.0	0.0	0.0	0.0	0.0	0.0	0.0	0.0	0.0	0.0	0.0	0.0	0.0
2220ba3762485b84cce0827a9ea2bce7	0.0	0.0	0.0	0.0	0.0	0.0	0.0	0.0	0.0	0.0	0.0	0.0	0.0	0.0	0.0	0.0	0.0	0.0	0.0	0.0
a464dd8f32b519b38e62de9752318595	0.0	0.0	0.0	0.0	0.0	0.0	0.0	0.0	0.0	0.0	0.0	0.0	0.0	0.0	0.0	0.0	0.0	0.0	0.0	0.0
ace2f2af9ed6d6afe8e00441e686e70c	0.0	0.0	0.0	0.0	0.0	0.0	0.0	0.0	0.0	0.13862943611198905	0.0	0.0	0.0	0.13862943611198905	0.0	0.2703100720721096	0.0	0.0	0.0	0.0
e3b8641e91238324a483c5ae6fd8cb2d	0.0	0.1351550360360548	1.3438196019210413	0.16739764335716714	0.23913949051023878	0.0	0.0	0.22396993365350687	0.358351893845611	0.358351893845611	0.0	0.0	0.0	0.0	0.0	0.0	0.0	0.0	0.0	0.26823965207235
3a1abfde0fd19eb54f3750eae314fc24	0.0	0.3146936619158538	0.1623569611655643	0.215835907795476	0.0	0.09020459443958055	0.12364169813433262	0.0	0.06556723431686251	0.14631253749400913	0.07103117050993438	0.11474162302675038	0.14869800835922953	0.09487762689000982	0.18483924814931874	0.0	0.0	0.0	0.0	0.03837367957657536
c2bd0d47da851f5eca82e92fd8873013	0.0	0.0	0.0	0.0	0.0	0.0	0.0	0.0	0.0	0.0	0.0	0.0	0.0	0.0	0.0	0.0	0.0	0.0	0.0	0.0
c160a04ff0c1e31cc460510e7291e0a1	0.0	0.0	0.0	0.0	0.0	0.0	0.0	0.0	0.0	0.0	0.0	0.0	0.0	0.0	0.0	0.0	0.0	0.0	0.0	0.0
0a4e0d051e3efac5afbfe4b21a31af44	0.0	0.5144583266605995	0.3891820298110627	0.0	0.0	0.2878231366242557	0.313190742123842	0.0	0.33479528671433434	0.06385320297074884	0.19155960891224652	0.0	0.25541281188299536	0.277987164150759	0.0	0.0	0.0	0.051082562376599076	0.0	0.19804205158855578
ec0147a84c021fd269dacdcc1ba02e36	0.0	0.7797905781299383	0.8582255963852604	0.5536824609885642	0.0	0.16347154216862103	0.0	0.0	0.05753641449035618	0.0	0.0	0.0	0.0	0.0	0.0	0.0	0.0	0.0	0.0	0.183258146374831
bff582375b2f56ca9694495f9242b3cd	0.0	0.46209812037329684	0.0	0.0	0.15403270679109896	0.0	0.0	0.0	0.0	0.0	0.09499812435042729	0.054502010839108904	0.0	0.0	0.0	0.0	0.0	0.0	0.0	0.0
7f2f7fa8609ebfeec405337a33d99092	0.0	0.0	0.0	0.0	0.0	0.0	0.0	0.0	0.0	0.0	0.0	0.0	0.0	0.0	0.0	0.0	0.0	0.0	0.0	0.0
09e0ea0a3778e79119742f8ad16ee2ad	0.0	0.0	0.0	0.0	0.0	0.0	0.0	0.0	0.0	0.0	0.0	0.0	0.0	0.0	0.0	0.0	0.0	0.0	0.0	0.0
d55471c26e655233b0d95c612f647d09	0.0	0.0	0.0	0.0	0.0	0.0	0.0	0.0	0.0	0.0	0.0	0.0	0.0	0.0	0.0	0.0	0.0	0.0	0.0	0.0
d912087302cedbc187176bfbf87f15e2	0.0	1.0729586082894	1.1280580475822055	0.047947012075296815	0.10788077716941784	0.12785869886745818	0.0	0.03596025905647261	0.0	0.0	0.04109743892168299	0.0	0.0	0.0	0.0	0.0	0.03646431135879092	0.0911607783969773	0.0	0.0
bc972a07bff7416ec8760a9e53b34d63	0.0	0.0	0.0	0.0	0.0	0.0	0.0	0.0	0.0	0.0	0.0	0.0	0.0	0.0	0.0	0.0	0.0	0.0	0.0	0.0
7f5c948bef62e1a2bcf094f2b30daa4e	0.0	0.8844133965360415	0.8447258510015176	0.4319411541969248	0.12770640594149768	0.12770640594149768	0.1702752079219969	0.0	0.06385320297074884	0.11240010129760887	0.0	0.03853766995681459	0.05505381422402084	0.0330322885344125	0.022021525689608336	0.05780650493522188	0.03853766995681459	0.014013698166114396	0.0	0.04204109449834319
4669b32971b8a4832e2553d4439b391b	0.0	0.0	0.0	0.0	0.0	0.0	0.0	0.0	0.0	0.0	0.0	0.0	0.0	0.0	0.0	0.0	0.0	0.0	0.0	0.0
4d51555cb2aa217b934a627e3d5063d5	0.0	0.0	0.0	0.0	0.0	0.0	0.0	0.0	0.0	0.0	0.0	0.0	0.0	0.0	0.0	0.0	0.0	0.0	0.0	0.0
b3aa467d5fd15fda4b663b59b7452512	0.0	0.0	0.0	0.0	0.0	0.0	0.0	0.0	0.0	0.0	0.0	0.0	0.0	0.0	0.0	0.0	0.0	0.0	0.0	0.0
60b02ce6958256717bfcc0101ff012c2	0.0	0.0	0.0	0.0	0.0	0.0	0.0	0.0	0.0	0.0	0.0	0.0	0.0	0.0	0.0	0.0	0.0	0.0	0.0	0.0
3ce27e08b72d93b07fe83da8e2073b8b	0.0	1.0692936165517604	0.03963073158901154	0.10241077290600552	0.1997141726891561	0.24046400226201908	0.10571434622555408	0.0	0.0	0.13049269218715082	0.0	0.08162495221143506	0.0	0.05742216783182736	0.0	0.07404764859139733	0.0	0.08191803407893741	0.0	0.08145241345053705
62eed080dca9c8cf187569a9e25ea165	0.0	0.0	0.0	0.0	0.0	0.0	0.0	0.0	0.0	0.0	0.0	0.0	0.0	0.0	0.0	0.0	0.0	0.0	0.0	0.0
584520076935c020f7b5e465f577bc49	0.0	0.0	0.0	0.0	0.0	0.0	0.0	0.0	0.0	0.0	0.0	0.0	0.0	0.0	0.0	0.0	0.0	0.0	0.0	0.0
e85c9f5dd99b013196e5498eb595b7a5	0.0	0.8974948176181896	0.4261870230596063	0.34657359027997264	0.09902102579427789	0.09902102579427789	0.0	0.2772588722239781	0.16711971075291934	0.0	0.2890991465758542	0.20879382808256133	0.15403270679109896	0.0	0.0	0.0	0.08430007597320666	0.13673430879784312	0.25290022791961997	0.07225720797703428
ee0d971ed4c094e30e8be704358edfee	0.0	0.23104906018664842	0.0	0.0	0.0	0.0	0.0	0.0	0.0	0.0	0.0	0.0	0.0	0.0	0.0	0.0	0.0	0.0	0.0	0.0
0252728108fa806f47789abab3059975	0.0	0.6931471805599453	0.0	0.0	0.0	0.0	0.0	0.0	0.0	0.0	0.0	0.0	0.0	0.0	0.0	0.0	0.0	0.0	0.0	0.0
ec2d26aa2924f63c658a4cf021c84c6b	0.0	0.525059641007094	0.7404251382035332	0.23361336507554456	0.19183756366787177	0.14568781506110334	0.11723406668592162	0.09203357962177779	0.06539228025757896	0.0	0.16490355181803146	0.0	0.0729804661192824	0.21564310622357963	0.07772573810489505	0.06060747926312196	0.09203357962177779	0.0	0.0	0.0884465295676392
59e8e8ef2eca3ef07996be19aa51200c	0.0	0.0	0.0	0.0	0.0	0.0	0.0	0.0	0.0	0.0	0.0	0.0	0.0	0.0	0.0	0.0	0.0	0.0	0.0	0.0
5c71699ed8b04b9ddb092d61f4e98734	0.0	0.0	0.0	0.0	0.0	0.0	0.0	0.0	0.0	0.0	0.0	0.0	0.0	0.0	0.0	0.0	0.0	0.0	0.0	0.0
10d8f59c39cbf1324496037b84ffc7cb	0.0	0.0	0.0	0.13862943611198905	0.34657359027997264	0.34657359027997264	0.23104906018664842	0.0	0.0	0.0	0.0675775180180274	0.0	0.0	0.0	0.0	0.0	0.0	0.0	0.0	0.0
5ece10b282d86d4dfc08d374464f2432	0.0	0.0	0.0	0.0	0.0	0.0	0.0	0.0	0.0	0.0	0.0	0.0	0.0	0.0	0.0	0.0	0.0	0.0	0.0	0.0
770a85a9cdaa36b901a7937294a7685f	0.0	0.3218875824868201	0.0	0.0	0.0	0.0	0.0	0.0	0.0	0.0	0.0	0.0	0.0	0.0	0.0	0.0	0.0	0.0	0.03596025905647261	0.0
1db7fcf574a09e330ffb88f4969ccfad	0.0	1.0986122886681098	0.1702752079219969	0.21892526732828171	0.27465307216702745	0.12104255148388623	0.06385320297074884	0.12770640594149768	0.06385320297074884	0.0	0.10216512475319815	0.2162122387839237	0.2162122387839237	0.04643869306963552	0.12770640594149768	0.07297508910942724	0.0	0.0	0.0	0.0
edac7fd76fd042ce4a248b82feb73692	0.0	0.0	0.0	0.0	0.0	0.0	0.0	0.0	0.0	0.0	0.0	0.0	0.0	0.0	0.0	0.0	0.0	0.0	0.0	0.0
b8af0de1f5ad05b3f42c5cd5ddd74a03	0.0	0.0	0.0	0.0	0.0	0.0	0.0	0.0	0.0	0.0	0.0	0.0	0.0	0.0	0.0	0.0	0.0	0.0	0.0	0.0
68a98856f54c1eddf4488fde6f8c7b54	0.0	0.42270176377376345	0.4180542255521248	0.5647243415620667	0.13343085041446973	0.22973103632137903	0.409287744293129	0.2866534335082309	0.3774152739565513	0.24866512486202275	0.27493820039876754	0.37109139478027764	0.30406608022233567	0.061097377866392785	0.1955116091724569	0.19292253105817672	0.1770758340035135	0.05389945481612676	0.0	0.06290952099723153
e626e59e85ca7fe4d50bf2f7254076e6	0.0	0.564122757119194	0.24069520731464805	0.1604634715430987	0.2567415544689579	0.2963591438849966	0.051348310893791584	0.0	0.24054558517221475	0.0	0.040115867885774675	0.0	0.05348782384769957	0.03378178348275762	0.0	0.0	0.0	0.0	0.06066734262833608	0.0
387bd1a0d789e56fafd83dac2008a7cc	0.0	0.0	0.0	0.0	0.0	0.0	0.0	0.0	0.0	0.0	0.0	0.0	0.0	0.0	0.0	0.0	0.0	0.0	0.0	0.0
7843a102effe1bbc3867e26eeae151b7	0.0	0.15271512197902581	0.183258146374831	0.6437751649736402	0.0	0.0	0.11157177565710485	0.17328679513998632	0.23104906018664842	0.0	0.08925742052568389	0.08367883174282864	0.17328679513998632	0.0	0.0	0.0	0.0	0.0	0.0	0.0
a9620617cf204b668b48b79d5025ba73	0.0	0.0	0.0	0.0	0.0	0.0	0.0	0.0	0.0	0.0	0.0	0.0	0.0	0.0	0.0	0.0	0.0	0.0	0.0	0.0
63af120a0c042a6bbeb831bad4392a0c	0.0	0.0	0.0	0.0	0.0	0.0	0.0	0.0	0.0	0.0	0.0	0.0	0.0	0.0	0.0	0.0	0.0	0.0	0.0	0.0
49034475fce6219191aa389905c938f9	0.0	0.0	0.0	0.0	0.0	0.0	0.0	0.0	0.0	0.0	0.0	0.0	0.0	0.0	0.0	0.0	0.0	0.0	0.0	0.0
e570eb88e9ffb1ad8be3ba3a74249bae	0.0	0.0	0.0	0.0	0.0	0.0	0.0	0.0	0.0	0.0	0.0	0.0	0.0	0.0	0.0	0.0	0.0	0.0	0.0	0.0
b822d50d13196b9e733cafa47583e374	0.0	0.4440471838329074	0.09664873602918521	0.199889689866194	0.14057997967881486	0.40704325184683177	0.0	0.14206234101986875	0.15217967577924288	0.4158883083359672	0.0	0.09664873602918521	0.15463797764669635	0.5522014777306667	0.10827358201085507	0.0	0.07028998983940743	0.059476145248729365	0.0	0.04451046420817421
80aad5583146d63d3ff6a07ef6beee3a	0.0	0.0	0.34657359027997264	0.0	0.34657359027997264	0.0	0.34657359027997264	0.0	0.0	0.0	0.0	0.0	0.1621860432432658	0.0	0.0	0.0	0.0	0.0	0.0	0.0
f8031df0250c249cdd9e09c01ec6df32	0.0	0.0	0.0	0.0	0.0	0.0	0.0	0.0	0.0	0.0	0.0	0.0	0.0	0.0	0.0	0.0	0.0	0.0	0.0	0.0
a4e9329a8bfba070da31f80210413fe1	0.0	0.0	0.0	0.0	0.0	0.0	0.0	0.0	0.0	0.0	0.0	0.0	0.0	0.0	0.0	0.0	0.0	0.0	0.0	0.0
16c1e6d1327b90c25f43b26b1e88db0c	0.0	0.6931471805599453	0.0	0.0	0.0	0.23104906018664842	0.0	0.0	0.0	0.0	0.0	0.0	0.0	0.0	0.0	0.0	0.0	0.0	0.23104906018664842	0.6931471805599453
781bbc0cdfb54d66210b6af1991e4e04	0.0	0.0	0.0	0.0	0.0	0.0	0.0	0.0	0.0	0.0	0.0	0.0	0.0	0.0	0.0	0.0	0.0	0.0	0.0	0.0
41b4b68ecbd0c3bdaf268a9b4fabaecc	0.0	0.0	0.0	0.0	0.0	0.0	0.0	0.0	0.0	0.0	0.0	0.0	0.0	0.0	0.0	0.0	0.0	0.0	0.0	0.0
c1a9943b23fc031270f852f11f5b47d8	0.0	0.27465307216702745	0.3662040962227032	0.0	0.21972245773362198	0.0	0.3662040962227032	0.0	0.21972245773362198	0.08513760396099845	0.0	0.17328679513998632	0.21972245773362198	0.0810930216216329	0.16735766348565728	0.13862943611198905	0.06301338005090412	0.0	0.0675775180180274	0.17328679513998632
3fffab4250c6c0bb5e0ef38539476ab0	0.0	0.0	0.0	0.0	0.0	0.0	0.0	0.0	0.0	0.0	0.0	0.0	0.0	0.0	0.0	0.0	0.0	0.0	0.0	0.0
04026704c48514574b452d6f2744ab86	0.0	0.0	0.0	0.0	0.0	0.0	0.0	0.0	0.0	0.0	0.0	0.0	0.0	0.0	0.0	0.0	0.0	0.0	0.0	0.0
37521c44632fe73133f39aa6be7ca2be	0.0	0.0	0.0	0.0	0.0	0.0	0.0	0.0	0.0	0.0	0.0	0.0	0.0	0.0	0.0	0.0	0.0	0.0	0.0	0.0
278a90a3a4933a9fea8b3daf533118aa	0.0	0.0	0.0	0.0	0.0	0.0	0.0	0.0	0.0	0.0	0.0	0.0	0.0	0.0	0.0	0.0	0.0	0.0	0.0	0.0
0d3fe4c6cd692a3b3c5a828437bb5290	0.0	0.0	0.0	0.0	0.0	0.0	0.0	0.0	0.0	0.0	0.0	0.0	0.0	0.0	0.0	0.0	0.0	0.0	0.0	0.0
ce047e01fb4346e21ac718ec1b75dbe9	0.0	0.0	0.0	0.0	0.0	0.0	0.3662040962227032	0.5493061443340549	0.0	0.0	0.0	0.0	0.0	0.0	0.0	0.0	0.0	0.0	0.0	0.0
b14ada2165535da23dfc162c81844a1b	0.0	1.1802905999163669	0.15995704166767968	0.057762265046662105	0.46209812037329684	0.358351893845611	0.0675775180180274	0.0810930216216329	0.0	0.0	0.0	0.0	0.0	0.0	0.2674003109859416	0.0	0.0	0.0	0.0	0.0
9852df9020089ac218033b39c9603010	0.0	0.0	0.0	0.0	0.0	0.0	0.0	0.0	0.0	0.0	0.0	0.0	0.0	0.0	0.0	0.0	0.0	0.0	0.0	0.0
8b1c39065d0f49ddd4e4ec951d17bd59	0.0	0.0	0.0	0.0	0.0	0.0	0.0	0.0	0.0	0.0	0.0	0.0	0.0	0.0	0.0	0.0	0.0	0.0	0.0	0.0
dffc6c13108f6640b2e3b3c88bd51234	0.0	0.0	0.0	0.0	0.0	0.0	0.0	0.0	0.0	0.0	0.0	0.5972531564093516	0.0	0.6591673732008658	0.0	0.0	0.0	0.0	0.25541281188299536	0.0
4e83121e62e97d1be695fd8c4e0f3569	0.0	0.0	0.0	0.0	0.0	0.0	0.0	0.0	0.0	0.0	0.0	0.0	0.0	0.0	0.0	0.0	0.0	0.0	0.0	0.0
cc0c50ef93d3e9fe32b1429fa07820a7	0.0	0.0	0.0	0.0	0.0	0.0	0.0	0.0	0.0	0.0	0.0	0.0	0.0	0.0	0.0	0.0	0.0	0.0	0.0	0.0
012128af3dde0a61e62f74aac768b994	0.0	0.0	0.0	0.0	0.11552453009332421	0.09902102579427789	0.0	0.34657359027997264	0.0	0.0	0.0	0.0	0.0	0.0	0.0	0.0	0.0	0.0	0.0	0.23104906018664842
e450c000d09398cbd9d9fe7158a01b36	0.0	0.0	0.0	0.0	0.0	0.0	0.0	0.0	0.0	0.0	0.0	0.0	0.0	0.0	0.0	0.0	0.0	0.0	0.0	0.0
717ec7dda20a560f92d247c96750d43f	0.0	0.0	0.0	0.0	0.0	0.0	0.0	0.0	0.0	0.0	0.0	0.0	0.0	0.0	0.0	0.0	0.0	0.0	0.0	0.0
ccdd867d758de54686f7d17e0dc89ba6	0.0	0.0	0.0	0.0	0.0	0.0	0.0	0.0	0.0	0.0	0.0	0.0	0.0	0.0	0.0	0.0	0.0	0.0	0.0	0.0
4791f987ee74182534cdd688ec5fad8e	0.0	0.0	0.6486367163517711	0.12206803207423442	0.15694461266687282	0.0	0.27465307216702745	0.0	0.0	0.12206803207423442	0.1702752079219969	0.0	0.0	0.0	0.0	0.0	0.15694461266687282	0.0	0.0	0.0
e5f7ba1f5c08e8f920af005160aa56f8	0.0	0.0	0.0	0.0	0.0	0.0	0.0	0.0	0.0	0.0	0.0	0.0	0.0	0.0	0.0	0.0	0.0	0.0	0.0	0.0
d69519e3b7d0b284c22c8bba2d216198	0.0	0.0	0.0	0.0	0.0	0.0	0.0	0.0	0.0	0.0	0.0	0.0	0.0	0.0	0.0	0.0	0.0	0.0	0.0	0.0
a1f5237eec63969dcc76c9511bd41d39	0.0	0.0	0.0	0.5364793041447	0.0	0.0	0.21972245773362198	0.5493061443340549	0.34657359027997264	0.13862943611198905	0.0	0.0	0.0	0.0	0.11552453009332421	0.09902102579427789	0.03929427875123006	0.04643869306963552	0.07635756098951291	0.09902102579427789
fa638fae790d39d6b08462c84fc975eb	0.0	0.0	0.0	0.0	0.0	0.0	0.0	0.0	0.0	0.0	0.0	0.0	0.0	0.0	0.0	0.0	0.0	0.0	0.0	0.0
192e07171b758a479c886846d11a4880	0.0	0.0	0.0	0.0	0.0	0.0	0.0	0.0	0.0	0.0	0.0	0.0	0.0	0.0	0.0	0.0	0.0	0.0	0.0	0.0
11f06cac70a04c9eebb87a7b1de94714	0.0	0.0	0.10654675576490158	0.4695087218446029	0.16659831488621	0.083299157443105	0.29973690909979633	0.09591581091193482	0.07608983788962144	0.26783622937146745	0.0697490180654863	0.20924705419645895	0.22826951366886428	0.12876741796705166	0.07971316350341293	0.09846920197480422	0.3188526540136517	0.2789960722619452	0.13818567305029436	0.1859973815079635
2fab4c34dcb6cc53835b9bb1814ca557	0.0	0.0	0.0	0.0	0.0	0.0	0.0	0.0	0.0	0.0	0.0	0.0	0.0	0.0	0.0	0.0	0.0	0.0	0.0	0.0
e46dab0e7190057d1d6825a8c5a16545	0.0	1.6094379124341003	0.0	1.6094379124341003	0.4581453659370775	0.8419095481027516	1.0986122886681098	0.0	0.5493061443340549	0.0	0.0	0.23104906018664842	0.0	0.34657359027997264	0.4581453659370775	0.23104906018664842	0.0	0.23104906018664842	0.6931471805599453	0.0
7b14631f8c06f45841c2333876269423	0.0	0.2893230858225817	0.5103058547461037	0.1573360479555701	0.09297130106465507	0.0	0.0	0.08765865528953191	0.0	0.0	0.0	0.0	0.0	0.0	0.0	0.0	0.0	0.11418548918087479	0.0	0.0
007dd93e268e5a223350d51ce49a8b80	0.0	0.0	0.0	0.0	0.0	0.0	0.0	0.0	0.0	0.0	0.0	0.0	0.0	0.0	0.0	0.0	0.0	0.0	0.0	0.0
ae3e0c1279f736a0dafbe700c5d0ed6d	0.0	0.0	0.0	0.0	0.0	0.0	0.0	0.0	0.0	0.0	0.0	0.0	0.0	0.0	0.0	0.0	0.0	0.0	0.0	0.0
24e681110b7031ec1c99af4de7dfc63c	0.0	0.0	0.0	0.0	0.0	0.0	0.0	0.0	0.0	0.0	0.0	0.0	0.0	0.0	0.0	0.0	0.0	0.0	0.0	0.0
fd36df5449166e3857958d5c0a3f4299	0.0	0.0	0.0	0.0	0.0	0.0	0.0	0.0	0.0	0.0	0.0	0.0	0.0	0.0	0.0	0.0	0.0	0.0	0.0	0.0
b9c9fd5373c1c8d45d30ad31e501b17d	0.0	0.0	0.0	0.0	0.0	0.0	0.0	0.0	0.0	0.0	0.0	0.0	0.0	0.0	0.0	0.0	0.0	0.0	0.0	0.0
0638b20b49754d7816c23ef19ef5d3ce	0.0	0.0	0.0	0.0	0.0	0.0	0.0	0.0	0.0	0.0	0.0	0.0	0.0	0.0	0.0	0.0	0.0	0.0	0.0	0.0
19dffd1ab089e6564abb72a07a0c319e	0.0	1.170532806781055	0.6931471805599453	0.5545177444479562	0.21972245773362198	0.5364793041447	0.0	0.0	0.0	0.0	0.0	0.14876236754280647	0.0675775180180274	0.0	0.0	0.2772588722239781	0.30543024395805163	0.183258146374831	0.0	0.30409883108112334
b3e748680d8361c46915804ca4aeb294	0.0	0.0	0.11552453009332421	0.0	0.0	0.0	0.0	0.0	0.0	0.0	0.23104906018664842	0.0	0.0	0.0	0.0	0.0	0.0	0.0	0.34657359027997264	0.0
d731cab1c1757d6e5504755a7c9acdd1	0.0	0.7378139300918064	1.0462437738557278	0.29973690909979633	0.6539714380359192	0.0	0.0	0.11989476363991854	0.0	0.0	0.0	0.0	0.0	0.0	0.0	0.056318382883162155	0.07167794185129729	0.0	0.0	0.0
4fcb924c9099c397f91614f33af1e3cc	0.0	1.1675460894331882	0.4209547740513758	0.183258146374831	0.0	0.5493061443340549	0.0	0.0	0.0	0.0	0.3157160805385319	0.0	0.0	0.0	0.0	0.0	0.0	0.0	0.0	0.15403270679109896
9547ccc9bca07810acbb0fec737caf11	0.0	0.0	0.0	0.0	0.0	0.0	0.0	0.0	0.0	0.0	0.0	0.0	0.0	0.0	0.0	0.0	0.0	0.0	0.0	0.0
9bd9d761d60f099dfb617277d53c5114	0.0	0.0	0.0	0.0	0.0	0.0	0.0	0.0	0.0	0.0	0.0	0.0	0.0	0.0	0.0	0.0	0.0	0.0	0.0	0.0
d79b19ce60efbef5218e0e47e0ec2a63	0.0	0.0	0.0	0.0	0.0	0.0	0.0	0.0	0.0	0.0	0.0	0.0	0.0	0.0	0.0	0.0	0.0	0.0	0.0	0.0
c332b5521731486895f2ebabe72c9047	0.0	0.8369882167858358	0.46209812037329684	0.17328679513998632	0.23104906018664842	0.0810930216216329	0.2772588722239781	0.40546510810816444	0.1351550360360548	0.0	0.0	0.10136627702704111	0.0	0.09589402415059363	0.2876820724517809	0.0	0.0	0.0	0.10136627702704111	0.40546510810816444
b7e847ff51c9074c4788fb93ee60c0b9	0.0	0.34657359027997264	0.0	0.0	0.0	0.0	0.0	0.17328679513998632	0.0	0.0	0.0	0.0	0.0	0.0	0.0	0.0	0.6931471805599453	0.0	0.0	0.0
dad386945db66583bde0e676f99f1791	0.0	0.0	0.0	0.0	0.0	0.0	0.0	0.0	0.0	0.0	0.0	0.0	0.0	0.0	0.0	0.0	0.0	0.0	0.0	0.0
bd119833b31bcbc5143ccee8c5f2cb95	0.0	0.0	0.0	0.0	0.0	0.0	0.34657359027997264	0.0	0.23104906018664842	0.0	0.0	0.0	0.0	0.0	0.34657359027997264	0.0	0.0	0.0	0.0	0.0
82802acdaf996f8d9b1adc4b714cd07a	0.0	0.0	0.0	0.0	0.0	0.0	0.0	0.0	0.0	0.0	0.0	0.0	0.0	0.0	0.0	0.0	0.0	0.0	0.0	0.0
b4c40a48bdd4c05f9b67defd779e2add	0.0	0.0	0.0	0.0	0.0	0.0	0.0	0.0	0.0	0.0	0.0	0.0	0.0	0.0	0.0	0.0	0.0	0.0	0.0	0.0
66d26df31cd10f71aa5bf8d0dc08b8e1	0.0	0.0	0.0	0.0	0.0	0.0	0.0	0.0	0.0	0.0	0.0	0.0	0.0	0.0	0.0	0.0	0.0	0.0	0.0	0.0
e8210a481b56ef11901fac9370dd8c61	0.0	0.0	0.0	0.0	0.0	0.0	0.0	0.0	0.0	0.0	0.0	0.0	0.0	0.0	0.0	0.0	0.0	0.0	0.0	0.0
fb95e9b83474f8a6c209d6ca364c23bc	0.0	0.0	0.0	0.0	0.0	0.0	0.0	0.0	0.0	0.0	0.0	0.0	0.0	0.0	0.0	0.0	0.0	0.0	0.0	0.0
02fe5533ed3a27c4f75b7336266fd1d0	0.0	0.6931471805599453	0.46209812037329684	0.20273255405408222	0.34657359027997264	0.0	0.0	0.0	0.0	0.20273255405408222	0.23104906018664842	0.0	0.0	0.0	0.0	0.0	0.0	0.0	0.23104906018664842	0.0
fbc9b1ba0506f18c1a15ba220ec51f5e	0.0	0.0	0.0	0.0	0.0	0.0	0.0	0.0	0.0	0.0	0.0	0.0	0.0	0.0	0.0	0.0	0.0	0.0	0.0	0.0
9e7750d383f7aaf60b295f86b996668c	0.0	0.41758765616512267	0.0	0.1252762968495368	0.08948306917824057	0.3289407275705779	0.0	0.10439691404128067	0.0	0.0	0.1252762968495368	0.1391958853883742	0.22777508518097603	0.0	0.1391958853883742	0.08754687373539	0.41758765616512267	0.12206803207423442	0.25584278811044947	0.7324081924454064
75178a23a9e5b5767d5587d8d5df9df2	0.0	0.0	0.0	0.6931471805599453	0.0	0.0	0.0	0.0	0.0	0.0	0.0	0.0	0.6931471805599453	0.0	0.0	0.0	0.0	0.17328679513998632	0.17328679513998632	0.0
0617621d012acd2d04d4b98d36425ea7	0.0	0.5364793041447	0.28918774282715376	0.9196788071052001	0.1831020481113516	0.21972245773362198	0.0	0.0	0.15271512197902581	0.3243720864865316	0.0	0.30543024395805163	0.0	0.0	0.060773852264651526	0.0	0.0	0.0	0.0	0.0
6f2b6dd44b46bb7619f75d39b4a1c313	0.0	0.14631253749400913	0.0	0.0	0.1598902251244065	0.7675283643313484	0.43944491546724396	0.3891820298110627	0.0	0.0	0.0	0.0	0.07372092874693899	0.23025850929940456	0.0	0.0	0.0	0.0	0.15040773967762744	0.23025850929940456
c533fd1ef7cfb6feea756d36ba606d23	0.0	0.0	0.0	0.0	0.0	0.46209812037329684	0.3243720864865316	0.12751060075097698	0.0	0.14876236754280647	0.0	0.0	0.0	0.0	0.0	0.0	0.0	0.0	0.0	0.0
8d3a25f65d1ffb869559c6bbd9f87a19	0.0	0.0	0.0	0.0	0.0	0.1410526631057865	0.0	0.08847514098683966	0.0	0.0	0.19974768884874725	0.0	0.0	0.0	0.0	0.0	0.0	0.0	0.0	0.0
f280153a962cb1f7260aab3f83cebdb3	0.0	0.24327906486489864	0.0	0.0	0.0	0.0	0.0	0.0	0.0	0.0	0.05792358687259492	0.0	0.0	0.0	0.0	0.0	0.0	0.0	0.0	0.0
c729646364d2a5c92c55e4d5ff13bb47	0.0	0.0	0.0	0.0	0.0	0.0	0.0	0.0	0.0	0.0	0.0	0.0	0.0	0.0	0.0	0.0	0.0	0.0	0.0	0.0
b36bcc5d3947faec6b5a60ee11a54df5	0.0	0.0	0.0	0.0	0.0	0.0	0.0	0.0	0.0	0.0	0.0	0.0	0.0	0.0	0.0	0.0	0.0	0.0	0.0	0.0
031666f595721008f9c8074a4dac5610	0.0	0.0	0.0	0.0	0.0	0.0	0.0	0.0	0.0	0.0	0.0	0.0	0.0	0.0	0.0	0.0	0.0	0.0	0.0	0.0
8334ea60005dee61492ddab0700fc64c	0.0	0.0	0.0	0.0	0.3662040962227032	0.0	0.0	0.0	0.0	0.0	0.0	0.0	0.0	0.0	0.0	0.0	0.0	0.0	0.0	0.0
1faae985f76a401e553f29ed3a00aba3	0.0	0.0	0.0	0.0	0.0	0.0	0.0	0.0	0.0	0.0	0.0	0.0	0.0	0.0	0.0	0.0	0.0	0.0	0.0	0.0
c0776d990d606d9c0e02710aa97f37d1	0.0	0.0	0.0	0.0	0.0	0.0	0.0	0.0	0.0	0.0	0.0	0.0	0.0	0.0	0.0	0.0	0.0	0.0	0.0	0.0
89ab160c48fac5d343408cddad5bcf81	0.0	0.0	0.0	0.0	0.0	0.0	0.0	0.0	0.0	0.0	0.0	0.0	0.0	0.0	0.0	0.0	0.0	0.0	0.0	0.0
22c3f8f99d03c565833fadecb5a61afd	0.0	0.15558776853735723	0.10473836205667335	0.4408320108558455	0.0	0.0	0.15286186882116218	0.11672916498051998	0.07958806703217272	0.0	0.0	0.0	0.0	0.14986845454989817	0.0	0.0	0.0	0.0	0.0	0.0
e05a6fe22ce0eda55369041f7286ecb2	0.0	0.6931471805599453	0.6931471805599453	0.39608410317711157	0.0	0.09902102579427789	0.2505525936990736	0.04205902957765161	0.5910653717837904	0.25235417746590966	0.07192051811294523	0.14384103622589045	0.17328679513998632	0.07701635339554948	0.23014565796142472	0.13388613078852582	0.02479372792380108	0.044628710262841945	0.13388613078852582	0.1239686396190054
e536f8b177f92a0337ab076b29ca72d6	0.0	0.0	0.0	0.0	0.0	0.0	0.0	0.0	0.0	0.0	0.0	0.0	0.0	0.0	0.0	0.0	0.0	0.0	0.0	0.0
b31e789f7ed6d776dee2f7e940dc5225	0.0	0.0	0.0	0.0	0.0	0.0	0.0	0.0	0.0	0.0	0.0	0.0	0.0	0.0	0.0	0.0	0.0	0.0	0.0	0.0
794b4b60b6b79a2659943d9be8d066c1	0.0	0.0	0.0	0.0	0.0	0.0	0.0	0.0	0.0	0.0	0.0	0.0	0.0	0.0	0.0	0.0	0.0	0.0	0.0	0.0
fa9ef7ea6f2220960f2aa76619812058	0.0	0.0	0.0	0.0	0.0	0.0	0.0	0.0	0.0	0.0	0.0	0.0	0.0	0.0	0.0	0.0	0.0	0.0	0.0	0.0
afdbf98a4a6b9a7a7a51ae820daded80	0.0	0.0	0.0	0.0	0.0	0.0	0.0	0.0	0.0	0.0	0.0	0.0	0.0	0.0	0.0	0.0	0.0	0.0	0.0	0.0
00afd10373d28622ec44fdfce9d2ffcb	0.0	0.7699486274234351	0.3786150430734269	0.5151737422263859	0.0	0.12176772087417323	0.19908438546978388	0.0	0.13782765147908116	0.16288722447527773	0.1493132891023379	0.0	0.0	0.0	0.0	0.0	0.0	0.0	0.0	0.0
d744a4ba90a100d5d06f5f6d464a0a76	0.0	0.04505167867868493	0.0	0.0	0.0	0.0	0.0	0.0	0.0	0.0	0.0	0.0	0.0	0.0	0.0	0.0	0.0	0.0	0.0	0.0
e5a894cadb595c167279ab788dc577ef	0.0	0.0	0.0	0.0	0.0	0.0	0.0	0.0	0.0	0.0	0.0	0.0	0.0	0.0	0.0	0.0	0.0	0.0	0.0	0.0
094b20f67ae68f6b667faa1967c72c00	0.0	0.24464018137409832	0.0	0.0	0.0	0.0	0.0	0.0	0.0	0.13862943611198905	0.0	0.0	0.0	0.0	0.0	0.0	0.0	0.0	0.0	0.0
07d559683b086073237b8f082a602401	0.0	0.0	0.23104906018664842	0.23104906018664842	0.27465307216702745	0.5493061443340549	0.21972245773362198	0.0	0.0	0.0	0.0	0.0	0.0	0.0	0.0	0.0	0.0	0.0	0.0	0.0
b790b5a6f43712ba2f916ffb662eac9c	0.0	1.1867542348667188	1.3556346158887564	1.0659770541033886	0.2640131685623284	0.08154672712469944	0.0	0.15995704166767968	0.0	0.1918820910828371	0.15136434214444647	0.15497709929440232	0.10560526742493137	0.13862943611198905	0.0	0.1771219302303112	0.0	0.0	0.0	0.0
7cfc1cb3b694d8ad67e29ffb0cb2555b	0.0	0.0	0.0	0.0	0.0	0.0	0.0	0.0	0.0	0.0	0.0	0.0	0.0	0.0	0.0	0.0	0.0	0.0	0.0	0.0
9065dd3b2dd0ab633813d434c4b74392	0.0	0.5873606789162729	0.2476058326821693	0.4536490824851001	0.17882643471490003	0.0	0.3143482176297534	0.0	0.22717109316429546	0.0	0.04471917293935131	0.17056185874029967	0.0	0.1354461819408262	0.06697587134552822	0.0	0.0	0.13013266192907247	0.13499733460323876	0.18393576142104004
ee2890c3484f8279567a040592e397c4	0.0	0.41415110829800006	0.4817286263160274	0.17328679513998632	0.2772588722239781	0.1831020481113516	0.1831020481113516	0.1831020481113516	0.29706307738283366	0.29706307738283366	0.2772588722239781	0.34657359027997264	0.23104906018664842	0.4158883083359672	0.19804205158855578	0.1702752079219969	0.06385320297074884	0.11552453009332421	0.0	0.11552453009332421
0e6212f3778e80f90d73513166d5ece0	0.0	0.46039134295278994	0.3447775917909947	0.5490117607983456	0.7005947756135427	0.6625529085588692	0.024496440855271893	0.045493390159790655	0.4929723927070142	0.15686159179138454	0.0	0.2486300445255417	0.015164463386596884	0.0	0.10670134423899064	0.08350961377978125	0.024496440855271893	0.05836458249025999	0.01873257241873733	0.0675775180180274
23dab92ab596cea54896d1a8c92e79dc	0.0	0.27465307216702745	0.27465307216702745	0.27465307216702745	0.0	0.0	0.21972245773362198	0.0	0.0	0.3662040962227032	0.23104906018664842	1.0986122886681098	0.0	0.46209812037329684	0.0	0.0810930216216329	0.0	0.0	0.0	0.21972245773362198
91bbf0376aa0ecaf1a747f5429cc4478	0.0	0.0	2.1972245773362196	0.0	2.1972245773362196	0.0	0.0	0.0	1.464816384890813	0.1351550360360548	0.0675775180180274	0.0	0.0	0.0	0.3662040962227032	0.0	0.0	0.0	0.0	0.0
2877b4be60e3b0466eb3dac0bf639e27	0.0	0.0	0.0	0.0	0.0	0.0	0.0	0.0	0.0	0.0	0.0	0.0	0.0	0.0	0.0	0.0	0.0	0.0	0.0	0.0
4df3ecfcddb65b66baff6566d0ed43d8	0.0	0.0	0.0	0.0	0.0	0.0	0.0	0.0	0.0	0.0	0.0	0.0	0.0	0.0	0.0	0.0	0.0	0.0	0.0	0.0
f11e45ad60143251a6f6f5d176603b98	0.0	0.0	0.0	0.0	0.0	0.0	0.0	0.0	0.0	0.0	0.0	0.0	0.0	0.0	0.0	0.0	0.0	0.0	0.0	0.0
ffed483fff8f8ad41295bdc56093a4db	0.0	0.0	0.0	0.0	0.0	0.0	0.0	0.0	0.0	0.21972245773362198	0.0	0.0	0.0	0.0	0.0	0.0	0.0	0.0	0.0	0.0
f32b515830cc2b8ca8da20752e2a4d60	0.0	0.0	0.0	0.5364793041447	1.0986122886681098	0.8047189562170501	0.6931471805599453	0.6931471805599453	0.6931471805599453	0.0	0.0	0.6931471805599453	0.46209812037329684	0.6931471805599453	0.40546510810816444	0.0	0.2703100720721096	0.40546510810816444	0.40546510810816444	0.40546510810816444
146c7cede4bd7492ef578074e2975adb	0.0	0.650672421361096	0.40546510810816444	0.46209812037329684	0.0	0.0	0.0	0.0	0.40546510810816444	0.0	0.0	0.0	0.0	0.40546510810816444	0.20273255405408222	0.0	0.0	0.10136627702704111	0.0	0.0
fc2614762fd17efabff0bfd5803de530	0.0	0.0	0.2772588722239781	0.6931471805599453	0.26823965207235	0.4158883083359672	0.12770640594149768	0.17328679513998632	0.17328679513998632	0.2043302495063963	0.38311921782449304	0.10216512475319815	0.2876820724517809	0.14384103622589045	0.07192051811294523	0.19178804830118726	0.047947012075296815	0.21576155433883568	0.2876820724517809	0.21576155433883568
07a9a6444b2f8427456783be7d3abcbb	0.0	0.0	0.17328679513998632	0.23104906018664842	0.15403270679109896	0.34657359027997264	0.34657359027997264	0.34657359027997264	0.0	0.0	0.0	0.0	0.0	0.0	0.0	0.0	0.0	0.0	0.0	0.0
405dc18c158f385512b5891acc4b939d	0.0	0.0	0.0	0.0	0.0	0.0	0.0	0.0	0.0	0.0	0.0	0.0	0.0	0.0	0.0	0.0	0.0	0.0	0.0	0.0
54fec13d8e2bf22812c116e3e2aeb758	0.0	0.0	0.0	0.0	0.0	0.0	0.0	0.0	0.0	0.0	0.0	0.0	0.0	0.0	0.0	0.0	0.0	0.0	0.0	0.0
3bb96cd1957c76a3f1c09837e2a7d471	0.0	0.0	0.0	0.0	0.0	0.0	0.0	0.0	0.0	0.0	0.0	0.0	0.0	0.0	0.0	0.0	0.0	0.0	0.0	0.0
492697f8d6ec679bc3514a7a5fffcdcb	0.0	1.2270079579126003	1.3680189585149956	0.5432561005318903	0.5067685559771766	0.8525580358290309	0.13862943611198905	0.05090504065967527	0.2027325540540822	0.22991970177630003	0.21459172165788004	0.040193676136148014	0.06544933799101106	0.04823241136337762	0.12058102840844405	0.08511602005301934	0.012692739832467794	0.0	0.016077470454459206	0.020096838068074007
9c2f4268a31a68a5fb547398c4342256	0.0	0.0	0.0	0.0	0.0	0.0	0.0	0.0	0.0	0.0	0.0	0.0	0.0	0.0	0.0	0.0	0.0	0.0	0.0	0.0
9f3b49389dd4fac9b8e908d4e98f1248	0.0	0.0	0.0	0.0	0.0	0.0	0.0	0.0	0.0	0.0	0.0	0.0	0.0	0.0	0.0	0.0	0.0	0.0	0.0	0.0
919875ee4e6a33814f259d5bd57c8201	0.0	0.0	0.0	0.0	0.0	0.0	0.0	0.0	0.0	0.0	0.0	0.0	0.0	0.0	0.0	0.0	0.0	0.0	0.0	0.0
30c0f926d0afdad082359bc1a9a3749a	0.0	0.0	0.0	0.0	0.0	0.0	0.0	0.0	0.0	0.0	0.0	0.0	0.0	0.0	0.0	0.0	0.0	0.0	0.0	0.0
fe64d5682cce5bcce7f58bc1b93ea489	0.0	1.0575148497464268	1.1432407259124433	0.6499307873656988	1.5040773967762742	0.555974328301518	0.24323876863191418	0.6486367163517711	0.15694461266687282	0.17896613835648115	0.1391958853883742	0.1252762968495368	0.17377076061778476	0.06866326804175686	0.14968539608117798	0.0337887590090137	0.09010335735736986	0.10729586082894002	0.10136627702704111	0.13515503603605478
4223a11b41116edee0851ff7a5c6dd41	0.0	0.0	0.0	0.0	0.0	0.0	0.0	0.0	0.0	0.0	0.0	0.0	0.0	0.0	0.0	0.0	0.0	0.0	0.0	0.0
2849087310edf932dbf4a78f6f7718da	0.0	1.2005517107453483	0.5235947039280886	0.916290731874155	0.37717625810530864	0.34657359027997264	0.17328679513998632	0.07701635339554948	0.17328679513998632	0.17328679513998632	0.11552453009332421	0.39608410317711157	0.4476926303483382	0.16735766348565728	0.10142888696100441	0.031877650187744244	0.07438118377140324	0.07438118377140324	0.05578588782855243	0.03719059188570162
c88e5b17784ddbc9f11d4ac7ebff7af3	0.0	0.6486367163517711	0.48647753726382836	0.0	0.0	0.0	0.0	0.0	0.0	0.0	0.0	0.0	0.0	0.0	0.0	0.0	0.0	0.0	0.0	0.0
0c8733ee2fe61a755c44b690d8e18d73	0.0	0.0	0.0	0.0	0.0	0.0	0.0	0.0	0.0	0.0	0.0	0.0	0.0	0.0	0.0	0.0	0.0	0.0	0.0	0.0
4405f8736be5d8b50d6306e05e77d2bd	0.0	0.0	0.0	0.0	0.0	0.0	0.0	0.0	0.0	0.0	0.0	0.0	0.0	0.0	0.0	0.0	0.0	0.0	0.0	0.0
5478d9412f78173922b949e8f8c1e7e9	0.0	0.34657359027997264	0.0	0.0	0.0	0.0	0.0	0.0	0.0	0.0	0.0	0.0	0.0	0.0	0.0	0.0	0.0	0.0	0.0	0.0
6f8d1100d19f0f0975fd25b6fe5e3111	0.0	0.4364336339375029	0.16494108310095368	0.0	0.0	0.12566939664834564	0.0	0.0	0.0	0.0	0.0	0.0	0.3173717338822845	0.0	0.10944429166735976	0.0	0.4158883083359672	0.0	0.0	0.09902102579427789
94406d1f21bc7fbeb86be3adf14a9238	0.0	1.0986122886681098	0.7324081924454064	0.34657359027997264	0.23104906018664842	0.34657359027997264	0.0	0.10136627702704111	0.23104906018664842	0.23104906018664842	0.0	0.6931471805599453	0.34657359027997264	0.0	0.0	0.0	0.0	0.0	0.0	0.0
8de745dabac9fd7291691d85005d8a51	0.0	0.0	0.0	0.0	0.0	0.0	0.0	0.0	0.0	0.0	0.0	0.0	0.0	0.0	0.0	0.0	0.0	0.0	0.0	0.0
5f037940cdd242d47d8d942eb80d98b7	0.0	0.0	0.0	0.0	0.0	0.0	0.0	0.0	0.0	0.0	0.0	0.0	0.0	0.0	0.0	0.0	0.0	0.0	0.0	0.0
db250d7bb3f30e10d4b0db4763bc6e97	0.0	0.5493061443340549	0.34657359027997264	0.23104906018664842	0.6931471805599453	0.0	0.34657359027997264	0.6931471805599453	0.0	0.34657359027997264	0.34657359027997264	0.46209812037329684	0.20273255405408222	0.0	0.0	0.1351550360360548	0.20273255405408222	0.20273255405408222	0.20273255405408222	0.2703100720721096
82c256606ff54f3ea4edd5e13e7c8ff2	0.0	0.1351550360360548	0.40546510810816444	0.0	0.2703100720721096	0.40546510810816444	0.0	0.2703100720721096	0.20273255405408222	0.0	0.40546510810816444	0.20273255405408222	0.40546510810816444	0.40546510810816444	0.20273255405408222	0.20273255405408222	0.1351550360360548	0.0	0.0	0.0810930216216329
cb1cd2751cc09ea3baf7b5047321c1f6	0.0	0.0	0.0	0.0	0.0	0.0	0.0	0.0	0.0	0.0	0.0	0.0	0.0	0.0	0.0	0.0	0.0	0.0	0.0	0.0
a0433d366ad72b74c0ca94ccc6fd10c0	0.0	0.0	0.0	0.0	0.0	0.0	0.0	0.0	0.0	0.0	0.0	0.0	0.0	0.0	0.0	0.0	0.0	0.0	0.0	0.0
02ed50e4be5f003c8cb4d1837d83c0e5	0.0	0.6486367163517711	0.0	0.0	0.0	0.0	0.0	0.0	0.0	0.0	0.16711971075291934	0.0	0.0	0.0	0.0	0.3008154793552549	0.0	0.0	0.0	0.0
932f544c03d0dc790969d501ca5e8210	0.0	0.0	0.0	0.0	0.0	0.0	0.0	0.0	0.0	0.0	0.0	0.0	0.0	0.0	0.0	0.0	0.0	0.0	0.0	0.0
41fcbc68b68a2b2b47e488c8b54a468f	0.0	0.0	0.0	0.0	0.0	0.0	0.0	0.0	0.0	0.0	0.0	0.0	0.0	0.0	0.0	0.0	0.0	0.0	0.0	0.0
6b28a56e9aec0bd9c0f50a13ed28fc8c	0.0	0.0	0.6931471805599453	0.34657359027997264	0.0	0.17328679513998632	0.0	0.23104906018664842	0.0	0.0	0.0	0.0	0.0	0.0	0.0	0.23104906018664842	0.0	0.0	0.23104906018664842	0.0
627e7096518f28fa3e50e1fea67f8c28	0.0	1.2070784343255752	0.8664339756999316	0.0	0.17328679513998632	0.34657359027997264	0.6872180489056162	0.17328679513998632	0.23104906018664842	0.6931471805599453	0.0	0.2876820724517809	0.07192051811294523	0.047947012075296815	0.29706307738283366	0.0	0.03596025905647261	0.047947012075296815	0.6931471805599453	0.11552453009332421
6cb00e59f87875aaff9b9834659d2d28	0.0	0.0	0.0	0.0	0.0	0.0	0.0	0.0	0.0	0.0	0.0	0.0	0.0	0.0	0.0	0.0	0.0	0.0	0.0	0.0
fa57d26b5985f718a030c522cfb86641	0.0	0.0	0.0	0.0	0.0	0.0	0.0	0.0	0.0	0.0	0.0	0.0	0.0	0.0	0.0	0.0	0.0	0.0	0.0	0.0
9190b7b0080b614f3267d5b71b69a0c2	0.0	0.0	0.0	0.0	0.0	0.0	0.0	0.0	0.0	0.0	0.0	0.0	0.0	0.0	0.0	0.0	0.0	0.0	0.0	0.0
0b409278ca797f876d77159747bf5fd6	0.0	1.4451858789480823	0.0	0.0	0.5972531564093516	0.23104906018664842	0.0	0.0	0.0	0.0	0.0	0.0	0.0	0.0	0.0	1.0986122886681098	0.27465307216702745	0.0	0.0	0.0
1f266435d37f11867e8e2825c2cd67d6	0.0	0.0	0.0	0.0	0.0	0.0	0.34657359027997264	0.0	0.0	0.34657359027997264	0.13862943611198905	0.0	0.0	0.6931471805599453	0.0	0.6931471805599453	0.34657359027997264	0.0	0.0	0.23104906018664842
48e658822a756f0d3eabc0f22318a236	0.0	0.0	0.0	0.0	0.0	0.0	0.3662040962227032	0.0	0.0	0.0	0.0	0.0	0.0	0.0	0.0	0.0	0.0	0.0	0.0	0.0
d9a347a27d436c10dbb1dd402faac034	0.0	0.0	0.0	0.0	0.0	0.0	0.0	0.0	0.0	0.0	0.0	0.0	0.0	0.0	0.0	0.0	0.0	0.0	0.0	0.0
097082f29e4584cc7428b95698824083	0.0	0.0	0.0	0.0	0.0	0.0	0.0	0.0	0.0	0.0	0.0	0.0	0.0	0.0	0.0	0.0	0.0	0.0	0.0	0.0
86c535f991118e4016c7b9fcb19a2485	0.0	0.5865091527814922	0.2410946714991114	0.0	0.1709966238307691	0.5053131797315595	0.24876889906711877	0.0	0.125419768637166	0.08141156784564015	0.31991408333535937	0.07099800470074241	0.29706307738283366	0.07573120501412524	0.1732867951399863	0.0	0.0	0.0	0.09158650093373931	0.0
72cb6cd7e26c554446f930375f555fd8	0.0	0.21972245773362198	0.0	0.0	0.0	0.0	0.0	0.0	0.0	0.0	0.0	0.0	0.0	0.0810930216216329	0.0	0.0	0.0	0.1351550360360548	0.15694461266687282	0.10136627702704111
f6a43edf1a409ed91c869e73d509e8f3	0.0	0.22513158433664499	0.3839156780792183	0.23413549121489632	0.07212736905066318	0.2452848003203676	0.08375578547524748	0.08176160010678919	0.08501093405576955	0.05175607465931264	0.0	0.0880509539611576	0.17351887812131925	0.155896240260836	0.10117233807700515	0.062249954767898755	0.0	0.04916644441665323	0.05920667593939907	0.05810213885977316
301432924b7194d7bf7c61eead726503	0.0	0.0	0.0	0.0	0.0	0.0	0.0	0.0	0.0	0.0	0.0	0.0	0.0	0.0	0.0	0.0	0.0	0.0	0.0	0.0
c18127b37e7adec25c88996b018d89d0	0.0	0.0	0.0	0.0	0.0	0.0	0.0	0.0	0.0	0.0	0.0	0.0	0.0	0.0	0.0	0.0	0.0	0.0	0.0	0.0
bb629459728d0789e1fa0d95bf50129f	0.0	0.0	0.34657359027997264	0.6931471805599453	0.0	0.6931471805599453	0.0	0.0	0.0	0.0	0.0	0.0	0.0	0.17328679513998632	0.0	0.0	0.0	0.0	0.0	0.0
36b6328e8b76e613fc58d9b074f66dd8	0.0	0.0	0.0	0.0	0.0	0.0	0.0	0.0	0.0	0.0	0.0	0.0	0.0	0.0	0.0	0.0	0.0	0.0	0.0	0.0
60fd3dcb9d2c9dda8e6c0432b1a9e89f	0.0	0.8675632284814613	0.0	0.13673430879784312	0.0	0.0	0.0	0.0	0.0	0.0	0.0	0.0	0.0	0.0	0.0	0.0	0.0	0.0	0.0	0.0
c37ceb47d842afa50bdb150e61da695c	0.0	1.0423453806319276	0.5359191841988244	0.7628999422761319	0.3576533139433335	0.5690906000014399	0.3180422940490596	0.14666048635826007	0.5553656907660607	0.27581314873605556	0.055795124192451286	0.07749322804507122	0.168085072744669	0.19599168005470818	0.23454427940562553	0.0697439052405641	0.32138414165898255	0.0	0.513504114743043	0.056471505699442114
9c3c69ffc91a48e7c5084137fe90715e	0.0	0.46209812037329684	0.18020671471473973	0.40546510810816444	0.17377076061778476	0.23169434749037968	0.10136627702704111	0.23169434749037968	0.20273255405408222	0.0	0.0	0.0	0.031189623700628034	0.0	0.0	0.0	0.050683138513520555	0.0	0.1399039469838557	0.0
2b96d0dc436fbb370a7f14cc81813a2f	0.0	0.0	0.0	0.0	0.0	0.0	0.0	0.0	0.0	0.0	0.0	0.0	0.0	0.0	0.0	0.0	0.0	0.0	0.0	0.0
1e9eb590439a38458cdf3adf7b854b88	0.0	0.27465307216702745	0.0	0.0	0.0	1.0986122886681098	0.5493061443340549	0.27465307216702745	0.0	0.23104906018664842	0.0	0.0	0.23104906018664842	0.0	0.0	0.17328679513998632	0.23104906018664842	0.0	0.0	0.0
f7f03020586072c8fd8ab7a6d9fb3017	0.0	0.0	0.0	0.0	0.0	0.0	0.0	0.0	0.0	0.0	0.0	0.0	0.0	0.0	0.0	0.0	0.0	0.0	0.0	0.0
768ba9f77405579e07cc649079346788	0.0	0.0	0.0	0.0	0.0	0.0	0.0	0.0	0.0	0.0	0.0	0.0	0.0	0.0	0.0	0.0	0.0	0.0	0.0	0.0
01fdc6135252b195a8fcfa9e09c6717d	0.0	0.0	0.0	0.0	0.0	0.0	0.0	0.0	0.0	0.0	0.0	0.0	0.0	0.0	0.0	0.0	0.0	0.0	0.0	0.0
c4a66596c38f7501f13ede0861f9e6f6	0.0	0.21972245773362198	1.0986122886681098	0.21972245773362198	0.3662040962227032	0.7324081924454064	0.30409883108112334	0.09589402415059363	0.09589402415059363	0.0	0.0	0.12329231676504895	0.11507282898071236	0.07192051811294523	0.14384103622589045	0.2876820724517809	0.0	0.0	0.2876820724517809	0.0
db912f60d3c150e0940ab1f6fbcc2158	0.0	0.0	0.34657359027997264	0.46209812037329684	0.40546510810816444	0.20273255405408222	0.40546510810816444	0.0	0.0810930216216329	0.0	0.23104906018664842	0.20273255405408222	0.2703100720721096	0.20273255405408222	0.13862943611198905	0.40546510810816444	0.0	0.0	0.0	0.0
82980a9e2d3b39d9823a8f8f1f814532	0.0	0.0	0.0	0.0	0.0	0.6931471805599453	0.0	0.0	0.0	0.0	0.0	0.0	0.0	0.0	0.0	0.0	0.0	0.0	0.0	0.0
491656ac61e52e84053a3a389a200c64	0.0	0.0	0.0	0.0	0.0	0.0	0.0	0.0	0.0	0.0	0.0	0.0	0.0	0.0	0.0	0.0	0.0	0.0	0.0	0.0
bc08d310a471eb2c414dda3124a03245	0.0	0.0	0.0	0.0	0.0	0.0	0.0	0.0	0.0	0.0	0.0	0.0	0.0	0.0	0.0	0.0	0.0	0.0	0.0	0.0
a867bc2a74742bfa4c1e374809f7d241	0.0	0.0	0.0	0.0	0.0	0.0	0.0	0.0	0.0	0.0	0.0	0.0	0.0	0.0	0.0	0.0	0.0	0.0	0.0	0.0
9a4d1dc48fb0be5ee65fc843c9526e4c	0.0	0.0	0.0	0.0	0.0	0.0	0.0	0.0	0.0	0.0	0.0	0.0	0.0	0.0	0.0	0.0	0.0	0.0	0.0	0.0
4491d8417b8d5ea0ac2dfe72a4c28413	0.0	0.0	0.0	0.0	0.0	0.0	0.0	0.0	0.0	0.0	0.0	0.0	0.0	0.0	0.0	0.0	0.0	0.0	0.0	0.0
2a4aea11b5d4076f28c29fc2b6d45951	0.0	0.0	0.0	0.0	0.0	0.0	0.0	0.0	0.0	0.0	0.0	0.0	0.0	0.0	0.0	0.0	0.0	0.0	0.0	0.0
c44cb649b348503b8a19f901f85d6191	0.0	0.0	0.0	0.0	0.0	0.0	0.0	0.0	0.0	0.0	0.0	0.0	0.0	0.0	0.0	0.0	0.0	0.0	0.0	0.0
b9be33b8ecfaefd24a00d421b72f0d23	0.0	0.0	0.0	0.0	0.0	0.0	0.0	0.0	0.0	0.0	0.0	0.0	0.0	0.0	0.0	0.0	0.0	0.0	0.0	0.0
0f0f8bf40001acaebe29fbfc6c437c82	0.0	0.0	0.0	0.0	0.0	0.0	0.0	0.0	0.0	0.0	0.0	0.0	0.0	0.0	0.0	0.0	0.0	0.0	0.0	0.0
a6f637e5d192aa4abc63356f5a672013	0.0	0.5543457370167156	0.1876076498838746	0.07026321403854421	0.0943031299593713	0.14267107756641806	0.10387630786977	0.155814461804655	0.07775034352837173	0.0	0.17320229289214356	0.0	0.1416606672028108	0.08810402281956166	0.09645165598675315	0.14392164432444746	0.32161311408664217	0.13184476360702363	0.17346010553881064	0.0313814022365631
bb94271484f0c6630edd4d43838ce6d2	0.0	0.0	0.7520386983881371	0.0810930216216329	0.0810930216216329	0.0	0.0810930216216329	0.10136627702704111	0.40546510810816444	0.0	0.0	0.1351550360360548	0.40546510810816444	0.1621860432432658	0.10136627702704111	0.20273255405408222	0.2703100720721096	0.40546510810816444	0.0	0.20273255405408222
88cb656efeb8ff0d025f94981fb76a52	0.0	0.0	0.0	0.0	0.0	0.0	0.0	0.0	0.0	0.1391958853883742	0.0	0.0	0.1002718264517516	0.34657359027997264	0.3662040962227032	0.0	0.0	0.046209812037329684	0.0	0.0
d77c9e1159a60cef93ee5fc5da6fdec6	0.0	0.0	0.0	0.0	0.0	0.0	0.0	0.0	0.0	0.0	0.0	0.0	0.0	0.0	0.0	0.0	0.0	0.0	0.0	0.0
a71841a339ca310acd098bcfa84e1a05	0.0	0.0	0.0	0.0	0.0	0.0	0.0	0.0	0.0	0.0	0.0	0.0	0.0	0.0	0.0	0.0	0.0	0.0	0.0	0.0
862771f7b5d72bf00b360cdc7f42f496	0.0	0.32161311408664217	0.11125008889436168	0.48647753726382836	0.16687513334154253	0.11446530288560668	0.08460478908936145	0.09041050181216677	0.15530666561175002	0.11125008889436168	0.0	0.07701635339554948	0.0	0.13782765147908116	0.23289706281128442	0.08958797346140275	0.1886062599187426	0.0	0.0	0.0
f29aa6a410549533a041aef77594591a	0.0	0.0	0.0	0.0	0.0	0.0	0.0	0.0	0.0	0.0	0.0	0.0	0.0	0.0	0.0	0.0	0.0	0.0	0.0	0.0
9dc2b2bb5d2b47635bed8c695aa67c1c	0.0	0.0	0.0	0.0	0.0	0.0	0.0	0.0	0.0	0.0	0.0	0.0	0.0	0.0	0.0	0.0	0.0	0.0	0.0	0.0
00422aa043776610a54378fa05de1f34	0.0	0.0	0.0	0.0	0.0	0.0	0.0	0.0	0.0	0.0	0.0	0.0	0.0	0.0	0.0	0.0	0.0	0.0	0.0	0.0
4d149fba367a5e4e97408a56d329cb16	0.0	0.6931471805599452	0.3994953776974945	0.14451441595406855	0.1686001519464133	0.2890288319081371	0.0	0.0	0.11240010129760887	0.0	0.1351550360360548	0.0	0.0	0.0	0.0675775180180274	0.19804205158855578	0.0	0.10591223254840046	0.0	0.0
88f56310a895ad9d6a874475715480c9	0.0	0.0	0.0	0.0	0.0	0.0	0.0	0.0	0.27465307216702745	0.0	0.0	0.0	0.0	0.0	0.0	0.0	0.0	0.0	0.0	0.0
cf56af06f64f6071e9c747a526da3333	0.0	0.0	0.0	0.0	0.0	0.0	0.0	0.0	0.0	0.0	0.0	0.0	0.0	0.0	0.0	0.0	0.0	0.0	0.0	0.0
afd6c47ce528dc199fd2e2a6875f04ec	0.0	0.0	0.0	0.0	0.0	0.0	0.0	0.0	0.0	0.14121631006453395	0.0	0.0	0.0	0.0	0.0	0.0	0.0	0.0	0.0	0.0
14e8d01f1e1336e26cdaf282c421aff7	0.0	0.0	0.0	0.0	0.0	0.0	0.0	0.0	0.0	0.0	0.0	0.0	0.0	0.0	0.0	0.0	0.0	0.0	0.0	0.0
9bada3d82fe8a0e7ca013c82865af31f	0.0	0.17328679513998632	0.0	0.0	0.0	0.23104906018664842	0.0	0.0	0.0	0.0	0.0	0.0	0.0	0.0	0.0	0.0	0.0	0.0	0.0	0.0
58ee27516625a1e995a9037fbd2ac50d	0.0	0.0	0.0	0.0	0.0	0.0	0.0	0.0	0.0	0.0	0.0	0.0	0.0	0.0	0.0	0.0	0.0	0.0	0.0	0.0
b4c70948f63fade4b57dfc8e05fbed58	0.0	0.0	0.0	0.0	0.0	0.0	0.0	0.0	0.0	0.0	0.0	0.0	0.0	0.0	0.0	0.0	0.0	0.0	0.0	0.0
0e66d85c42e5ff6057f5b5e2436f09f1	0.0	0.6646253557398283	0.21506672282821615	0.3135946741063269	0.24246873835766164	0.2639057329615259	0.5620167307020321	0.3474034705614422	0.12566939664834564	0.09553150336244433	0.3032518914949761	0.10425631620862481	0.12566833729983326	0.17593715530768392	0.0977428640598244	0.0	0.10944429166735976	0.07504198772939877	0.048770845831336375	0.04993692221218681
bcc3bf88dd30dc2353997b6daf9b3803	0.0	0.6437751649736402	0.19428681879294274	0.4581453659370775	0.4158883083359672	0.38311921782449304	0.0	0.6437751649736402	0.4581453659370775	0.047947012075296815	0.17328679513998632	0.08664339756999316	0.0	0.0	0.0	0.11552453009332421	0.183258146374831	0.0	0.0	0.0
5f12ea8f91fad7efef01c1441b17e0b4	0.0	0.0	0.0	0.0	0.0	0.0	0.0	0.0	0.0	0.0	0.0	0.0	0.0	0.0	0.0	0.0	0.0	0.0	0.0	0.0
fb5cb34ec5c5b2c3b5308ac5c9e1aef6	0.0	0.17328679513998632	0.0	0.0	0.0	0.0	0.0	0.0	0.0	0.0	0.0	0.0	0.0	0.17328679513998632	0.17328679513998632	0.0	0.0	0.0	0.0	0.0
daab83743bc32cefc28a502f735ec981	0.0	0.0	0.0	0.0	0.0	0.0	0.0	0.0	0.0	0.0	0.0	0.0	0.0	0.0	0.0	0.0	0.0	0.0	0.0	0.0
4e94fa795cfc1a6de298efd8d7359170	0.0	0.0	0.5198603854199589	0.0	0.0	0.17328679513998632	0.0	0.0	0.0	0.32694308433724206	0.0	0.0	0.0	0.0	0.0	0.054930614433405495	0.0	0.0	0.0	0.0
7517618d2c8bb0ba69bb0ef38ec11c44	0.0	0.0	0.0	0.0	0.0	0.0	0.0	0.0	0.0	0.0	0.0	0.0	0.0	0.0	0.0	0.0	0.0	0.0	0.0	0.0
390592931a10b572f168e8dd95f53087	0.0	0.0	0.0	0.0	0.0	0.0	0.0	0.0	0.0	0.0	0.0	0.0	0.0	0.0	0.0	0.0	0.0	0.0	0.0	0.0
59b71b726ab61055e9be9fb1c19af879	0.0	1.357623044174106	1.2640463705983955	0.38401915427247774	0.0	0.0	0.0	0.3465735902799726	0.3678548769739927	0.18561185487575155	0.05950593598108705	0.12104255148388623	0.0	0.0	0.0	0.05950593598108705	0.0	0.0	0.0	0.10810611939196185
147e6765ad1922b540acf90b6021181a	0.0	0.29424877590351783	0.12260365662646577	0.0	0.0	0.0	0.1783325914566775	0.0	0.0	0.0	0.0	0.0	0.0	0.0	0.06538861686744842	0.0	0.0	0.0	0.0	0.15995704166767968
355d2aafe184897b335c902dca79de06	0.0	0.0	0.20932591754491323	0.25584278811044947	0.0	0.0	0.0	0.0	0.0	0.0	0.0	0.0	0.0	0.0	0.0	0.0	0.0	0.0	0.0	0.0
4d4d8c5b794e94da43e7678fc3155ec5	0.0	0.0	0.23104906018664842	0.5493061443340549	0.23104906018664842	0.0	0.0	0.0	0.34657359027997264	0.34657359027997264	0.0	0.23104906018664842	0.0	0.0	0.0	0.6931471805599453	0.0	0.0	0.6931471805599453	0.6931471805599453
5e0472aae21d938e51513ec2e5041f65	0.0	0.0810930216216329	0.0	0.0	0.0	0.0	0.0	0.0	0.0	0.0	0.0	0.0	0.0	0.0	0.0	0.0	0.0	0.0	0.0	0.0
caf89f5191fef6a5c31ffb0f49cb6ba9	0.0	0.0	0.0	0.0	0.0	0.0	0.0	0.0	0.0	0.0	0.0	0.0	0.0	0.0	0.0	0.0	0.0	0.0	0.0	0.0
f8ad8ef9fef47caa0bd4a4a98e35b1bc	0.0	0.0	0.0	0.0	0.0	0.0	0.0	0.0	0.0	0.0	0.0	0.0	0.0	0.0	0.0	0.0	0.0	0.0	0.0	0.0
22abbd5708926c99c45bfed39623fb52	0.0	0.0	0.0	0.0	0.0	0.0	0.0	0.0	0.0	0.0	0.0	0.0	0.0	0.0	0.0	0.0	0.0	0.0	0.0	0.0
c6977e09c4238e9c095f167757886883	0.0	0.5364793041447	0.0	0.0	0.0	0.0	0.0	0.0	0.0	0.0	0.1351550360360548	0.0	0.0	0.0	0.14631253749400913	0.3662040962227032	0.027031007207210963	0.0	0.0	0.0
9c0eec1a0606bdfbba0b498ae06d1625	0.0	0.0	0.0	0.0	0.0	0.0	0.0	0.0	0.0	0.0	0.0	0.0	0.0	0.0	0.0	0.0	0.0	0.0	0.0	0.0
ed34e9651bb22374d6d00b0d9be209a2	0.0	0.0	0.0	0.0	0.0	0.0	0.0	0.0	0.0	0.0	0.0	0.0	0.0	0.0	0.0	0.0	0.0	0.0	0.0	0.0
b6d6805092f228c034b40545b0330619	0.0	0.2827203873092238	0.6687834288635983	0.0	0.17328679513998632	0.13862943611198905	0.48390012636348634	0.23104906018664842	0.39725672879349316	0.2772588722239781	0.34657359027997264	0.26179735196404424	0.48417020593554494	0.0	0.0	0.0	0.07060815503226697	0.0	0.057762265046662105	0.07702707821701851
b71b8395a042593bf23014c5fab04a6f	0.0	0.2772588722239781	0.39608410317711157	0.15271512197902581	0.0	0.0	0.07701635339554948	0.13862943611198905	0.0	0.30543024395805163	0.13862943611198905	0.1831020481113516	0.23104906018664842	0.23104906018664842	0.0	0.0	0.08664339756999316	0.3248207460325652	0.0	0.0
ad41a4e652b905f42246e999a7257c0b	0.0	0.0	0.0	0.0	0.0	0.0	0.0	0.0	0.0	0.0	0.0	0.0	0.0	0.0	0.0	0.0	0.0	0.0	0.0	0.0
d57931b0a9c998f8b88039f143b64766	0.0	0.0	0.0	0.0	0.0	0.0	0.0	0.0	0.0	0.0	0.0	0.0	0.0	0.0	0.0	0.0	0.0	0.0	0.0	0.0
cde5b7b6957c635f3f97a0d70257cba1	0.0	1.1182427946108402	0.4158883083359672	0.0	0.16945957207744075	0.26823965207235	0.0	0.20273255405408222	0.0	0.11157177565710485	0.09563295056323273	0.06375530037548849	0.0	0.0	0.08925742052568389	0.05578588782855243	0.06085733217660264	0.0	0.0	0.0
58920b47a3d516aef96a5049ac2c6530	0.0	0.0	0.0	0.0	0.0	0.0	0.0	0.0	0.0	0.0	0.0	0.0	0.0	0.0	0.0	0.0	0.0	0.0	0.0	0.0
bb88fba099296c1249a6fd0b8dd88f5d	0.0	0.0	0.0	0.0	0.0	0.0	0.0	0.0	0.0	0.0	0.0	0.0	0.0	0.0	0.0	0.0	0.0	0.0	0.0	0.0
01037f3726524a845d4365f9e967df5a	0.0	0.0	0.0	0.6931471805599453	0.0	0.34657359027997264	0.23104906018664842	0.0	0.0	0.0	0.0	0.0	0.0	0.0	0.0	0.0	0.0	0.0	0.0	0.0
89935f33023d80e7b61a45bdd2ace653	0.0	0.0	0.0	0.0	0.0	0.0	0.0	0.0	0.0	0.0	0.0	0.0	0.0	0.0	0.0	0.0	0.0	0.0	0.0	0.0
b5f41636d82d8b235d06beedf3cb76e6	0.0	0.0	0.0	0.0	0.0	0.0	0.0	0.13862943611198905	0.0	0.0	0.0	0.0	0.0	0.0	0.0	0.0	0.0	0.0	0.0	0.0
64ce5f0080c3eecc77cef6559136fd49	0.0	0.716703787691222	0.0	0.0	0.0	0.0	0.0	0.21972245773362198	0.0	0.0	0.0	0.0	0.0	0.0	0.0	0.0	0.0	0.0	0.0	0.0
317ea48745953d7ac784bd5e3c41b835	0.0	0.0	0.0	0.0	0.0	0.0	0.0	0.0	0.0	0.0	0.0	0.0	0.0	0.0	0.0	0.0	0.0	0.0	0.0	0.0
eacd0ae0eb8236fefb22cb3324540b89	0.0	0.5083787162323222	0.38311921782449304	0.09589402415059363	0.08219487784336597	0.08219487784336597	0.11507282898071236	0.04109743892168299	0.19178804830118726	0.14384103622589045	0.17260924347106854	0.09589402415059363	0.14384103622589045	0.09589402415059363	0.10788077716941784	0.11507282898071236	0.2876820724517809	0.12329231676504895	0.12329231676504895	0.19178804830118726
e8b6152628f5ec7a3a968f942de093cf	0.0	0.0	0.0	0.0	0.0	0.0	0.0	0.0	0.0	0.0	0.0	0.0	0.0	0.0	0.0	0.0	0.0	0.0	0.0	0.0
028ed7bfb673b28deb4d34138fb5b356	0.0	0.0	0.0	0.0	0.0	0.0	0.0	0.0	0.0	0.0	0.0	0.0	0.0	0.0	0.0	0.0	0.0	0.0	0.0	0.0
2c71d5b0b673bbac217896018cb65ebf	0.0	0.0	0.0	0.0	0.0	0.0	0.0	0.0	0.0	0.0	0.0	0.0	0.0	0.0	0.0	0.0	0.0	0.0	0.0	0.0
3a93d6efe1989261f03e33cfda63c63e	0.0	0.0	0.0	0.0	0.0	0.0	0.0	0.0	0.0	0.0	0.0	0.0	0.0	0.0	0.0	0.0	0.0	0.0	0.0	0.0
4be9aa9b2358dc00417a76096f6713d2	0.0	0.0	0.0	0.0	0.0	0.0	0.0	0.0	0.0	0.0	0.0	0.0	0.0	0.0	0.0	0.0	0.0	0.0	0.0	0.0
be5ebefa63c28df506ce93f11f28f92c	0.0	0.0	0.0	0.0	0.0	0.0	0.0	0.0	0.0	0.0	0.0	0.0	0.0	0.0	0.0	0.0	0.0	0.0	0.0	0.0
12800328851953964d8a1c1478dbaaf4	0.0	0.0	0.7643728671622709	0.0	0.0	0.7402603948224988	0.0	0.0	0.0	0.0	0.0	0.0	0.0	0.0	0.0	0.0	0.0	0.0	0.5972531564093516	0.0
05bd8f92baf5e924ae46ac3c49ae1a53	0.0	0.5417736943692455	0.618265418937591	0.48833854301450735	0.37757216419388817	0.31082597358187725	0.5524117743336941	0.48360291816271633	0.451045497306653	0.3682745162224627	0.15280796507850514	0.41557221969914293	0.20087700884861606	0.15403270679109896	0.3020577313551105	0.3020577313551105	0.17483961013980598	0.07701635339554948	0.19804205158855578	0.5776226504666211
d56e48540ec747d9fa2e6f16514fae20	0.0	0.0	0.0	0.0	0.0	0.0	0.0	0.0	0.0	0.0	0.0	0.0	0.0	0.0	0.0	0.0	0.0	0.0	0.0	0.0
2edecead310434f6c0b6e827c37c1a07	0.0	0.0	0.0	0.0	0.0	0.0	0.0	0.0	0.0	0.0	0.0	0.0	0.0	0.0	0.0	0.0	0.0	0.0	0.0	0.0
f4f683ecb0836acb41110e1082b00fe0	0.0	0.7408022704621078	0.0	0.08664339756999316	0.0	0.0	0.0	0.0	0.0	0.0	0.0	0.17328679513998632	0.0	0.0	0.0	0.0	0.0	0.0	0.0	0.0
69ca3498e2e67ac366d84b258523d038	0.0	0.0	0.0	0.0	0.0	0.0	0.0	0.0	0.0	0.0	0.0	0.0	0.0	0.0	0.0	0.0	0.0	0.0	0.0	0.0
0d1297920acf0152de769f67439f0f7a	0.0	0.0	0.0	0.0	0.0	0.0	0.0	0.0	0.0	0.0	0.0	0.0	0.0	0.0	0.0	0.0	0.0	0.0	0.0	0.0
65f67e2caa5591b71aeb25c48b7103e3	0.0	0.0	0.0	0.0	0.0	0.0	0.0	0.0	0.0	0.0	0.0	0.0	0.0	0.0	0.0	0.0	0.0	0.0	0.0	0.0
d6bd63159477891f9a180b44f83e9778	0.0	0.0	0.0	0.0	0.0	0.0	0.0	0.0	0.0	0.0	0.0	0.0	0.0	0.0	0.0	0.0	0.0	0.0	0.0	0.0
e728c51bdd510899e3f5d54bab51257d	0.0	0.0	0.3218875824868201	0.10216512475319815	0.0	0.0	0.0	0.0	0.0	0.0	0.0	0.0	0.3218875824868201	0.0	0.0	0.0	0.0	0.0	0.0	0.0
fa2eafa42be77d3df9f62d8a046ea662	0.0	0.4700036292457356	0.04700036292457356	0.2350018146228678	0.3655583783022388	0.2094286902340884	0.1418056552841869	0.11395097299622162	0.1823215567939546	0.07813781005455196	0.10939293407637275	0.12565721414045303	0.1823215567939546	0.1823215567939546	0.14585724543516368	0.04207420541398953	0.12154770452930305	0.04558038919848865	0.13674116759546595	0.10939293407637275
a7fac66c71a557c93849e1e6380018d4	0.0	0.0	0.0	0.0	0.0	0.0	0.0	0.0	0.0	0.0	0.0	0.0	0.0	0.0	0.0	0.0	0.0	0.0	0.0	0.0
5eb6313bba751c7ff2ad31be81649542	0.0	0.0	0.0	0.0	0.0	0.0	0.0	0.0	0.0	0.0	0.0	0.0	0.0	0.0	0.0	0.0	0.0	0.0	0.0	0.0
1998c30478062b5e27ced5b7863e1d2e	0.0	0.4250784136735687	0.39724869247460237	0.6680230258900771	0.5706027386898448	0.4315311725393783	0.26363785553378805	0.09818496539932678	0.32950319402279415	0.23230044877476938	0.17120725384218444	0.030546510264968997	0.26366273416495595	0.14855477681065787	0.18666462904791864	0.07999472270221497	0.16786699007126904	0.03616835117324643	0.03518743106153679	0.08857147927005883
5fe6a725a637a4a8361ec870315f6769	0.0	0.0	0.0	0.0	0.0	0.0	0.0	0.0	0.0	0.0	0.0	0.0	0.0	0.0	0.0	0.0	0.0	0.0	0.0	0.0
087956f5e5778d4160c7f76f6bcd23e2	0.0	0.0	0.0	0.0	0.0	0.0	0.6931471805599453	0.0	0.0	0.0	0.0	0.0	0.0	0.0	0.0	0.0	0.0	0.0	0.0	0.0
57fe3826ff630afe9e1355f5355a33ab	0.0	0.0	0.0	0.0	0.0	0.0	0.0	0.0	0.0	0.0	0.0	0.0	0.0	0.0	0.0	0.0	0.0	0.0	0.0	0.0
2056c3727bee8c79db8abf369c6cfb83	0.0	0.0	0.0	0.0	0.0	0.0	0.0	0.0	0.0	0.0	0.0	0.0	0.0	0.0	0.0	0.0	0.0	0.0	0.0	0.0
a37d7c1bd393997aa1f4248530f5fa75	0.0	0.0	0.0	0.0	0.0	0.0	0.0	0.0	0.0	0.0	0.0	0.0	0.0	0.0	0.0	0.0	0.0	0.0	0.0	0.0
5bf880fb6437dca70e71aa4454b3efe3	0.0	0.34657359027997264	0.0	0.3218875824868201	0.2772588722239781	0.46209812037329684	0.3662040962227032	0.20273255405408222	0.20273255405408222	0.0	0.0	0.0	0.0	0.20273255405408222	0.0	0.0	0.1351550360360548	0.0	0.3662040962227032	0.0
4f191fcffe539f22cbd66dea651e9a6b	0.0	0.0	0.0	0.0	0.0	0.0	0.0	0.0	0.0	0.0	0.0	0.0	0.0	0.0	0.0	0.0	0.0	0.0	0.0	0.0
0fcbe61976cb08fde34171948a6a1d24	0.0	0.7868068118023501	1.025660841259199	0.05449051405620701	0.4544543674493905	0.2699946692064775	0.06538861686744842	0.05308396916819091	0.29973690909979633	0.050290076054075594	0.07265401874160934	0.0	0.07162273317982258	0.06836715439892156	0.0	0.0	0.0	0.0	0.0	0.14986845454989817
2f429accd78b564ad0f1f7f0087a84d4	0.0	0.732842673560439	0.12144382649750074	1.0696012439437663	0.09414420670968929	0.06052127574194312	0.0	0.31196702948359856	0.09414420670968929	0.2932674137586854	0.0	0.42749155957692275	0.07701635339554948	0.0	0.0	0.24208510296777247	0.0	0.12104255148388623	0.0	0.0
e2995a1a70db9e910dfc95154f0de178	0.0	0.9058748702728561	0.6770125502755524	0.9145801850838612	0.2926250749880182	0.0	0.24353544174834646	0.4324244775678474	0.0	0.28499437305128184	0.19974768884874725	0.0	0.0	0.40464036467139197	0.15271512197902581	0.24989747232931497	0.5090504065967528	0.30543024395805163	0.1763359994706357	0.183258146374831
ebc59a9456ad10e1a9c4d61d7d1639a5	0.0	0.0	0.0	0.0	0.0	0.0	0.0	0.0	0.0	0.0	0.0	0.0	0.0	0.0	0.0	0.0	0.0	0.0	0.0	0.0
c1b181656d5a0c13bdea6b8850e54325	0.0	0.0	0.0	0.0	0.0	0.0	0.0	0.0	0.0	0.0	0.0	0.0	0.0	0.0	0.0	0.0	0.0	0.0	0.0	0.0
28445f3ef3f4e3df05104ab4947e1432	0.0	0.28100385939621053	0.09971104688252631	0.0	0.0	0.0	0.08767124496783767	0.0	0.0	0.0	0.06672499759477248	0.0	0.0	0.0	0.0	0.06672499759477248	0.05017021595582774	0.05560416466231039	0.0	0.0
e4ac0bb93f9a8ff4732a255836dca285	0.0	0.0	0.0	1.0986122886681098	0.0	0.0	0.0	1.0986122886681098	0.0	0.0	1.0986122886681098	0.5493061443340549	0.0	0.0	0.0	0.6931471805599453	0.0	0.0	0.0	0.0
7ddb63ddf2fce8fc5bd49cfde198ab10	0.0	0.0	0.0	0.0	0.0	0.0	0.0	0.0	0.0	0.0	0.0	0.0	0.0	0.0	0.0	0.0	0.0	0.0	0.0	0.0
693fdb2cc4a3d6631d387e7a66c631e1	0.0	0.0	0.0	0.0	0.0	0.0	0.0	0.0	0.0	0.0	0.0	0.0	0.0	0.0	0.0	0.0	0.0	0.0	0.0	0.0
623fd39c79ccb4234a35100904eb4f39	0.0	0.0	0.0	0.0	0.0	0.0	0.0	0.0	0.0	0.0	0.0	0.0	0.0	0.0	0.0	0.0	0.0	0.0	0.0	0.0
b62879dafde2d5f49d526b74be70c1a5	0.0	0.1640167685867982	0.0	0.24021344961022925	0.15005789466451752	0.10360948294708089	0.13828864802416319	0.05523036638543423	0.07369882830437663	0.08002553437645878	0.03451719618542372	0.03769691673926463	0.11332853376224865	0.05478665955595744	0.13625104075759914	0.0	0.0	0.043793511483275226	0.0493665975021763	0.06634591434291515
aa8841a906fd100e301227166abfc090	0.0	0.6931471805599453	0.23104906018664842	0.05578588782855243	0.0	0.21972245773362198	0.1831020481113516	0.11552453009332421	0.13862943611198905	0.0	0.5545177444479562	0.0	0.0	0.0	0.0	0.02479372792380108	0.044628710262841945	0.0	0.0	0.0
08f0cb2d41525526221f82e5e402f466	0.0	0.0	0.0	0.0	0.20273255405408222	0.0	0.0	0.0	0.0	0.0	0.0	0.0	0.27465307216702745	0.0	0.0	0.0	0.23104906018664842	0.0	0.0	0.0
9df7daf78d2eb7029baf31353c407f18	0.0	0.0	0.0	0.0	0.0	0.0	0.0	0.0	0.0	0.0	0.0	0.0	0.0	0.0	0.0	0.0	0.0	0.0	0.0	0.0
59b8d8eaac024fe22af997a68d7ed183	0.0	0.0	0.0	0.0	0.0	0.0	0.0	0.0	0.0	0.0	0.0	0.0	0.0	0.0	0.0	0.0	0.0	0.0	0.0	0.0
24c41e974a26fb4879809165e46c58ea	0.0	0.313190742123842	0.41758765616512267	0.2772588722239781	0.9729550745276567	0.2772588722239781	0.6437751649736402	0.30543024395805163	0.0	0.0	0.0	0.27465307216702745	0.0	0.10136627702704111	0.0	0.1351550360360548	0.0	0.1351550360360548	0.0675775180180274	0.0
3b9c6bec17ae6b756b7aeb450a8326df	0.0	1.3194713966867329	0.8493769828135069	0.8167092314559594	0.8206215959537368	0.728908361327885	0.381075609834842	0.4584238709617824	0.46654850860749464	0.30949769788989934	0.2659020665320601	0.41373970898186135	0.17217322088805379	0.06776827538142274	0.25552125949737775	0.1841671495115855	0.13950992475904275	0.17315481081628115	0.11668958365704411	0.20112970517412052
ba573f19eff148f4c6281ca1dc192d15	0.0	0.0	0.0	0.0	0.0	0.0	0.0	0.0	0.0	0.0	0.0	0.0	0.0	0.0	0.0	0.0	0.0	0.0	0.0	0.0
40ee586ef17393f17b3daa155c248ab7	0.0	0.0	0.0	0.7324081924454064	1.0986122886681098	0.0	0.0	0.5493061443340549	0.34657359027997264	0.34657359027997264	0.34657359027997264	0.34657359027997264	0.34657359027997264	0.0	0.0	0.0	0.0	0.0	0.0	0.0
30a916398732a8f86f148c01c853a44d	0.0	0.0	0.0	0.0	0.0	0.0	0.0	0.0	0.0	0.0	0.0	0.0	0.0	0.0	0.0	0.0	0.0	0.0	0.0	0.0
24be7fea51ea0e10ac2577c030e300c3	0.0	0.0	0.0	0.0	0.0	0.0	0.0	0.0	0.0	0.0	0.0	0.0	0.0	0.0	0.0	0.0	0.0	0.0	0.0	0.0
805a47b9cf2beb94e9255faa02d88153	0.0	0.0	0.0	0.0	0.0	0.0	0.0	0.0	0.0	0.0	0.0	0.0	0.0	0.0	0.0	0.0	0.0	0.0	0.0	0.0
9cdc2131ab1f4aa862e7fb12097589f4	0.0	1.0238625538446027	0.0	0.14617097939929413	0.0	0.0	0.0	0.0	0.0	0.0	0.0	0.0	0.0	0.0	0.0	0.0	0.19459101490553135	0.0	0.0	0.0
86edb94999753efe547e290d2ed22937	0.0	0.2772588722239781	0.34657359027997264	0.23104906018664842	0.23104906018664842	0.46209812037329684	0.2772588722239781	0.0810930216216329	0.0	0.1702752079219969	0.05675840264066563	0.0	0.20273255405408222	0.40546510810816444	0.13862943611198905	0.0	0.12770640594149768	0.13862943611198905	0.0	0.06931471805599453
a435ec066c92a8e37e4174954f1e083e	0.0	0.0	0.0	0.0	0.0	0.0	0.0	0.0	0.0	0.0	0.0	0.0	0.0	0.0	0.0	0.0	0.0	0.0	0.0	0.0
083edb25111a9567fad6d936ba30eb1d	0.0	0.0	0.0	0.0	0.0	0.0	0.0	0.0	0.0	0.0	0.0	0.0	0.0	0.0	0.0	0.0	0.0	0.0	0.0	0.0
6cbd24e105782c52c1cb90dbac5b96c8	0.0	0.0	0.0	0.0	0.0	0.0	0.0	0.0	0.0	0.0	0.0	0.0	0.0	0.0	0.0	0.0	0.0	0.0	0.0	0.0
abff46c3e7eff5e51a9de1703e721184	0.0	0.34657359027997264	0.0	0.0	0.0	0.9241962407465937	0.0	0.0	0.0	0.0	0.20273255405408222	0.17328679513998632	0.10136627702704111	0.0810930216216329	0.20273255405408222	0.1351550360360548	0.40546510810816444	0.0	0.0	0.20273255405408222
3ed3e9d0c43315ea32e836e3700565bf	0.0	0.0	0.0	0.0	0.0	0.0	0.0	0.0	0.0	0.0	0.0	0.0	0.0	0.0	0.0	0.0	0.0	0.0	0.0	0.0
133495873cc3aebb4c7d8923c1194ebb	0.0	0.34657359027997264	0.0	0.6931471805599453	0.6931471805599453	0.34657359027997264	0.0	0.0	0.0	0.0	0.0	0.0	0.0	0.0	0.0	0.0	0.0	0.17328679513998632	0.23104906018664842	0.0
569e540517969d959863c0abe1230918	0.0	0.0	0.0	0.0	0.0	0.0	0.0	0.0	0.0	0.0	0.0	0.0	0.0	0.0	0.0	0.0	0.0	0.0	0.0	0.0
fda0c5be5619fd4f477f513421a52b80	0.0	0.0	0.0	0.0	0.0	0.0	0.0	0.0	0.0	0.0	0.0	0.0	0.0	0.0	0.0	0.0	0.0	0.0	0.0	0.0
358754c22aae5b1ca1b1b9e1264d849d	0.0	0.0	0.0	0.0	0.0	0.0	0.0	0.0	0.0	0.0	0.0	0.0	0.0	0.0	0.0	0.0	0.0	0.0	0.0	0.0
75b44281a961e69ab17447daf963e481	0.0	0.0	0.0	0.0	0.0	0.0	0.0	0.0	0.0	0.0	0.0	0.0	0.0	0.0	0.0	0.0	0.0	0.0	0.0	0.0
c5181741a532f70bb2a3374f7802552a	0.0	0.0	0.0	0.0	0.0	0.0	0.0	0.0	0.0	0.0	0.0	0.0	0.0	0.0	0.0	0.0	0.0	0.0	0.0	0.0
14339e2c3363103975d402950d35bd71	0.0	0.0	0.0	0.0	0.0	0.0	0.0	0.0	0.0	0.0	0.0	0.0	0.0	0.0	0.0	0.0	0.0	0.0	0.0	0.0
b9d81b6d843b629745723e09c485f999	0.0	2.315356665465252	1.0008936178613443	0.2762089817594355	0.0	0.25352591276956377	0.14391156831212784	0.0	0.0	0.0	0.0	0.0	0.08107958954397139	0.0	0.0	0.0	0.0	0.0	0.0	0.0
e9da44941d1d5a4100c9a647a1214a2f	0.0	0.0	0.0	0.0	0.0	0.0	0.0	0.0	0.0	0.0	0.0	0.0	0.0	0.0	0.0	0.0	0.0	0.0	0.0	0.0
1a0e97a53eebb6e15d3db3d9ccf8177c	0.0	0.48827212829693767	0.10986122886681099	0.4432204496182527	0.18020671471473973	0.29927037266072853	0.2005436529035032	0.28937595162407537	0.09010335735736986	0.5455835728241253	0.4239663612693654	0.11584717374518982	0.24045675609299477	0.13732653608351372	0.4630015225985207	0.057762265046662105	0.12870242714764477	0.25740485429528953	0.3432064723937194	0.33376241528480244
34300166f11440c5cbf113c7c0d8a71b	0.0	0.0	0.23104906018664842	0.0	0.0	0.08664339756999316	0.23104906018664842	0.0	0.0	0.0	0.0	0.0	0.0	0.34657359027997264	0.11552453009332421	0.0	0.0	0.0	0.0	0.0
913cd027be7147c0f534e142d387ccbb	0.0	0.0	0.0	0.0	0.0	0.0	0.0	0.0	0.0	0.0	0.0	0.0	0.0	0.0	0.0	0.0	0.0	0.0	0.0	0.0
026afa7e185fe6f0515930ddcb61e5fa	0.0	0.0	0.0	0.0	0.0	0.0	0.0	0.0	0.0	0.0	0.0	0.0	0.0	0.0	0.0	0.0	0.0	0.0	0.0	0.0
cc627ee1e1dc4ac7c84baaebcc9c333d	0.0	0.0	0.0	0.0	0.0	0.0	0.0	0.0	0.0	0.0	0.0	0.0	0.0	0.0	0.0	0.0	0.0	0.0	0.0	0.0
94235f80d455b59ea6357a86c39114dc	0.0	0.4581453659370775	0.6931471805599453	0.6931471805599453	0.6108604879161033	0.40546510810816444	0.0810930216216329	0.050683138513520555	0.0	0.20273255405408222	0.0810930216216329	0.0	0.0	0.0	0.1351550360360548	0.0	0.0	0.0	0.0	0.0
8f146ef1ab69a3318aeada150a53d74d	0.0	0.43378161424073064	0.0	0.0	0.0	0.0	0.5493061443340549	0.0	0.0	0.0	0.0	0.0	0.13862943611198905	0.0	0.0	0.0	0.0	0.0	0.0	0.0
c21419706e94627d47626b355b6da430	0.0	0.0	0.0	0.0	0.0	0.0	0.0	0.0	0.0	0.0	0.0	0.0	0.0	0.0	0.0	0.0	0.0	0.0	0.0916290731874155	0.0
9decb9e2e695a0d0240cb4450d97ef0a	0.0	0.7921682063542231	0.23108123465105554	0.0	0.0	0.2824326201290679	0.25985659682605217	0.0	0.0	0.16945957207744075	0.0	0.26823965207235	0.16945957207744075	0.0	0.0	0.0	0.0	0.0	0.0	0.0
78616ae9683a369b110cfda6b7078415	0.0	1.8715013435652277	0.6884093622745804	0.29973690909979633	0.1155245300933242	0.08539558969747095	0.2079441541679836	0.0	0.1732867951399863	0.053319013889226566	0.057762265046662105	0.0	0.11945063128187033	0.2847155364701919	0.15040773967762744	0.04332169878499658	0.09987384442437362	0.0	0.09902102579427789	0.13732653608351372
3432eabe0dc149dc1bf96862b0f0119d	0.0	0.46209812037329684	0.0675775180180274	0.15204941554056167	0.0	0.0	0.0	0.0	0.0	0.0	0.05792358687259492	0.0	0.0	0.34657359027997264	0.0	0.0	0.0675775180180274	0.0	0.0	0.0
df3439547efefe2f049140f9b0fb6516	0.0	0.0	0.0	0.0	0.0	0.0	0.0	0.0	0.0	0.0	0.0	0.0	0.0	0.0	0.0	0.0	0.0	0.0	0.0	0.0
15e112a58b3823ad43704bc3d66ccc03	0.0	0.0	0.0	0.0	0.0	0.0	0.0	0.0	0.0	0.0	0.0	0.0	0.0	0.0	0.0	0.0	0.0	0.0	0.0	0.0
9f72a14500f28935dbf8b056f80cdb0e	0.0	0.0	0.0	0.0	0.0	0.0	0.0	0.0	0.0	0.0	0.0	0.0	0.0	0.0	0.0	0.0	0.0	0.0	0.0	0.0
bf0b90733b87ef03259c1defa5fd0547	0.0	0.0	0.0	0.0	0.0	0.0	0.0	0.0	0.0	0.0	0.0	0.0	0.0	0.0	0.0	0.0	0.0	0.0	0.0	0.0
e47f1db87170303b5e7b42d2bc4599af	0.0	0.8788898309344878	0.6939276718773423	0.08103180301953537	0.13674116759546595	0.20548719460841494	0.04558038919848865	0.14384103622589045	0.1823215567939546	0.0	0.0	0.19178804830118726	0.03646431135879092	0.12154770452930305	0.12154770452930305	0.0	0.0	0.0	0.0	0.0
5f11301d22ad1a69b045d9b1aae1be37	0.0	0.0	0.0	0.0	0.0	0.0	0.0	0.0	0.0	0.0	0.0	0.0	0.0	0.0	0.0	0.0	0.0	0.0	0.0	0.0
54d651c510ec8874345afc676089442d	0.0	0.0	0.0	0.0	0.0	0.0	0.0	0.0	0.0	0.0	0.0	0.0	0.0	0.0	0.0	0.0	0.0	0.0	0.0	0.0
e8e70b24773d3851e715e0f7efd97de3	0.0	0.5499066745217729	0.5456751774518677	0.30811275165663066	0.5586765548623916	0.211424478910213	0.2636132903300814	0.2631935819160014	0.1619880913633875	0.2835979120156087	0.26406872852164126	0.13479346908462259	0.19974212036042066	0.30678550928985315	0.1938795731205411	0.047957308026188625	0.03754194762303812	0.056703983388963826	0.020737456782249628	0.0
74624cccf37929a7fdd82a1f4aaa47a6	0.0	0.0	0.0	0.0	0.0	0.0	0.0	0.0	0.0	0.0	0.0	0.0	0.0	0.0	0.0	0.0	0.0	0.0	0.0	0.0
834028a4f7db68e1c6c9cf4bfa24ed8c	0.0	0.0	0.0	0.0	0.0	0.0	0.0	0.0	0.0	0.0	0.0	0.0	0.0	0.0	0.0	0.0	0.0	0.0	0.0	0.0
db1fbef3614a0088b4541373bc736271	0.0	0.0	0.0	0.0	0.0	0.0	0.0	0.0	0.0	0.0	0.0	0.0	0.0	0.0	0.0	0.0	0.0	0.0	0.0	0.0
8f33d7bf2bddd0757ee761d830f74640	0.0	0.0	0.0	0.0	0.0	0.0	0.0	0.0	0.0	0.0	0.0	0.0	0.0	0.0	0.0	0.0	0.0	0.0	0.0	0.0
18e4201a40674fe00c2a8ec219519259	0.0	0.0	0.0	0.0	0.5493061443340549	0.0	0.46209812037329684	0.10136627702704111	0.0	0.0675775180180274	0.0	0.1351550360360548	0.0	0.0	0.0	0.0	0.20273255405408222	0.1351550360360548	0.20273255405408222	0.10136627702704111
c13e8a5d5f00df195f61aad970311561	0.0	0.0	0.0	0.0	0.0	0.0	0.0	0.0	0.0	0.0	0.0	0.0	0.0	0.0	0.0	0.0	0.0	0.0	0.0	0.0
f2caea5d065cb2df70639afb42391f9c	0.0	0.0	0.0	0.0	0.0	0.0	0.0	0.0	0.0	0.0	0.0	0.0	0.0	0.0	0.0	0.0	0.0	0.0	0.0	0.0
38ddfb5414d132c49f47bdc7592121d4	0.0	0.43944491546724396	0.27465307216702745	1.0986122886681098	0.3662040962227032	0.46209812037329684	0.3662040962227032	0.0	0.5493061443340549	0.0	0.0	0.0	0.09902102579427789	0.17328679513998632	0.46209812037329684	0.0	0.0	0.23104906018664842	0.0	0.1351550360360548
93f59e2fa199c3013ffe908cbb2fbc32	0.0	0.0	0.0	0.0	0.0	0.0	0.0	0.0	0.0	0.0	0.0	0.0	0.0	0.0	0.0	0.0	0.0	0.0	0.0	0.0
